Fast,Slow,SL,TP,TSL,ATR,WinRate,Return,Sharpe
1,2,0.0,0.0,0.0,3,47.1,-16.9,-1.27
1,2,0.0,0.0,0.0,7,47.08,-17.04,-1.28
1,2,0.0,0.0,0.0,11,47.08,-17.06,-1.28
1,2,0.0,0.0,0.0,15,47.08,-17.06,-1.28
1,2,0.0,0.0,0.0,19,47.08,-16.92,-1.27
1,2,0.0,0.0,0.3,3,47.1,-16.9,-1.27
1,2,0.0,0.0,0.3,7,47.08,-17.04,-1.28
1,2,0.0,0.0,0.3,11,47.08,-17.06,-1.28
1,2,0.0,0.0,0.3,15,47.08,-17.06,-1.28
1,2,0.0,0.0,0.3,19,47.08,-16.92,-1.27
1,2,0.0,0.0,0.6,3,47.1,-16.9,-1.27
1,2,0.0,0.0,0.6,7,47.08,-17.04,-1.28
1,2,0.0,0.0,0.6,11,47.08,-17.06,-1.28
1,2,0.0,0.0,0.6,15,47.08,-17.06,-1.28
1,2,0.0,0.0,0.6,19,47.08,-16.92,-1.27
1,2,0.0,0.0,0.9,3,47.1,-16.9,-1.27
1,2,0.0,0.0,0.9,7,47.08,-17.04,-1.28
1,2,0.0,0.0,0.9,11,47.08,-17.06,-1.28
1,2,0.0,0.0,0.9,15,47.08,-17.06,-1.28
1,2,0.0,0.0,0.9,19,47.08,-16.92,-1.27
1,2,0.0,0.0,1.2,3,47.1,-16.9,-1.27
1,2,0.0,0.0,1.2,7,47.08,-17.04,-1.28
1,2,0.0,0.0,1.2,11,47.08,-17.06,-1.28
1,2,0.0,0.0,1.2,15,47.08,-17.06,-1.28
1,2,0.0,0.0,1.2,19,47.08,-16.92,-1.27
1,2,0.0,0.0,1.5,3,47.1,-16.9,-1.27
1,2,0.0,0.0,1.5,7,47.08,-17.04,-1.28
1,2,0.0,0.0,1.5,11,47.08,-17.06,-1.28
1,2,0.0,0.0,1.5,15,47.08,-17.06,-1.28
1,2,0.0,0.0,1.5,19,47.08,-16.92,-1.27
1,2,0.0,0.0,1.8,3,47.1,-16.9,-1.27
1,2,0.0,0.0,1.8,7,47.08,-17.04,-1.28
1,2,0.0,0.0,1.8,11,47.08,-17.06,-1.28
1,2,0.0,0.0,1.8,15,47.08,-17.06,-1.28
1,2,0.0,0.0,1.8,19,47.08,-16.92,-1.27
1,2,0.0,0.0,2.1,3,47.1,-16.9,-1.27
1,2,0.0,0.0,2.1,7,47.08,-17.04,-1.28
1,2,0.0,0.0,2.1,11,47.08,-17.06,-1.28
1,2,0.0,0.0,2.1,15,47.08,-17.06,-1.28
1,2,0.0,0.0,2.1,19,47.08,-16.92,-1.27
1,2,0.0,0.3,0.0,3,38.22,-25.09,-1.88
1,2,0.0,0.3,0.0,7,37.92,-25.37,-1.9
1,2,0.0,0.3,0.0,11,37.73,-25.19,-1.89
1,2,0.0,0.3,0.0,15,37.65,-25.04,-1.87
1,2,0.0,0.3,0.0,19,37.49,-26.14,-1.97
1,2,0.0,0.3,0.3,3,38.28,-25.13,-1.88
1,2,0.0,0.3,0.3,7,37.99,-25.49,-1.92
1,2,0.0,0.3,0.3,11,37.78,-25.88,-1.95
1,2,0.0,0.3,0.3,15,37.72,-25.78,-1.94
1,2,0.0,0.3,0.3,19,37.55,-26.87,-2.04
1,2,0.0,0.3,0.6,3,38.28,-25.13,-1.88
1,2,0.0,0.3,0.6,7,37.99,-25.49,-1.92
1,2,0.0,0.3,0.6,11,37.78,-25.88,-1.95
1,2,0.0,0.3,0.6,15,37.72,-25.78,-1.94
1,2,0.0,0.3,0.6,19,37.55,-26.87,-2.04
1,2,0.0,0.3,0.9,3,38.28,-25.13,-1.88
1,2,0.0,0.3,0.9,7,37.99,-25.49,-1.92
1,2,0.0,0.3,0.9,11,37.78,-25.88,-1.95
1,2,0.0,0.3,0.9,15,37.72,-25.78,-1.94
1,2,0.0,0.3,0.9,19,37.55,-26.87,-2.04
1,2,0.0,0.3,1.2,3,38.28,-25.13,-1.88
1,2,0.0,0.3,1.2,7,37.99,-25.49,-1.92
1,2,0.0,0.3,1.2,11,37.78,-25.88,-1.95
1,2,0.0,0.3,1.2,15,37.72,-25.78,-1.94
1,2,0.0,0.3,1.2,19,37.55,-26.87,-2.04
1,2,0.0,0.3,1.5,3,38.28,-25.13,-1.88
1,2,0.0,0.3,1.5,7,37.99,-25.49,-1.92
1,2,0.0,0.3,1.5,11,37.78,-25.88,-1.95
1,2,0.0,0.3,1.5,15,37.72,-25.78,-1.94
1,2,0.0,0.3,1.5,19,37.55,-26.87,-2.04
1,2,0.0,0.3,1.8,3,38.28,-25.13,-1.88
1,2,0.0,0.3,1.8,7,37.99,-25.49,-1.92
1,2,0.0,0.3,1.8,11,37.78,-25.88,-1.95
1,2,0.0,0.3,1.8,15,37.72,-25.78,-1.94
1,2,0.0,0.3,1.8,19,37.55,-26.87,-2.04
1,2,0.0,0.3,2.1,3,38.28,-25.13,-1.88
1,2,0.0,0.3,2.1,7,37.99,-25.49,-1.92
1,2,0.0,0.3,2.1,11,37.78,-25.88,-1.95
1,2,0.0,0.3,2.1,15,37.72,-25.78,-1.94
1,2,0.0,0.3,2.1,19,37.55,-26.87,-2.04
1,2,0.0,0.6,0.0,3,34.21,-21.14,-1.43
1,2,0.0,0.6,0.0,7,33.99,-23.29,-1.61
1,2,0.0,0.6,0.0,11,33.93,-21.15,-1.43
1,2,0.0,0.6,0.0,15,33.91,-22.33,-1.53
1,2,0.0,0.6,0.0,19,33.93,-21.9,-1.5
1,2,0.0,0.6,0.3,3,34.27,-22.4,-1.53
1,2,0.0,0.6,0.3,7,34.06,-24.82,-1.75
1,2,0.0,0.6,0.3,11,34.02,-22.32,-1.53
1,2,0.0,0.6,0.3,15,34.0,-23.31,-1.62
1,2,0.0,0.6,0.3,19,34.02,-22.89,-1.58
1,2,0.0,0.6,0.6,3,34.27,-22.4,-1.53
1,2,0.0,0.6,0.6,7,34.06,-24.82,-1.75
1,2,0.0,0.6,0.6,11,34.02,-22.32,-1.53
1,2,0.0,0.6,0.6,15,34.0,-23.31,-1.62
1,2,0.0,0.6,0.6,19,34.02,-22.89,-1.58
1,2,0.0,0.6,0.9,3,34.27,-22.4,-1.53
1,2,0.0,0.6,0.9,7,34.06,-24.82,-1.75
1,2,0.0,0.6,0.9,11,34.02,-22.32,-1.53
1,2,0.0,0.6,0.9,15,34.0,-23.31,-1.62
1,2,0.0,0.6,0.9,19,34.02,-22.89,-1.58
1,2,0.0,0.6,1.2,3,34.27,-22.4,-1.53
1,2,0.0,0.6,1.2,7,34.06,-24.82,-1.75
1,2,0.0,0.6,1.2,11,34.02,-22.32,-1.53
1,2,0.0,0.6,1.2,15,34.0,-23.31,-1.62
1,2,0.0,0.6,1.2,19,34.02,-22.89,-1.58
1,2,0.0,0.6,1.5,3,34.27,-22.4,-1.53
1,2,0.0,0.6,1.5,7,34.06,-24.82,-1.75
1,2,0.0,0.6,1.5,11,34.02,-22.32,-1.53
1,2,0.0,0.6,1.5,15,34.0,-23.31,-1.62
1,2,0.0,0.6,1.5,19,34.02,-22.89,-1.58
1,2,0.0,0.6,1.8,3,34.27,-22.4,-1.53
1,2,0.0,0.6,1.8,7,34.06,-24.82,-1.75
1,2,0.0,0.6,1.8,11,34.02,-22.32,-1.53
1,2,0.0,0.6,1.8,15,34.0,-23.31,-1.62
1,2,0.0,0.6,1.8,19,34.02,-22.89,-1.58
1,2,0.0,0.6,2.1,3,34.27,-22.4,-1.53
1,2,0.0,0.6,2.1,7,34.06,-24.82,-1.75
1,2,0.0,0.6,2.1,11,34.02,-22.32,-1.53
1,2,0.0,0.6,2.1,15,34.0,-23.31,-1.62
1,2,0.0,0.6,2.1,19,34.02,-22.89,-1.58
1,2,0.0,0.9,0.0,3,32.97,-19.54,-1.24
1,2,0.0,0.9,0.0,7,32.74,-21.5,-1.38
1,2,0.0,0.9,0.0,11,32.72,-20.39,-1.29
1,2,0.0,0.9,0.0,15,32.7,-18.92,-1.18
1,2,0.0,0.9,0.0,19,32.66,-19.18,-1.19
1,2,0.0,0.9,0.3,3,33.08,-20.91,-1.35
1,2,0.0,0.9,0.3,7,32.87,-21.65,-1.39
1,2,0.0,0.9,0.3,11,32.85,-20.28,-1.29
1,2,0.0,0.9,0.3,15,32.82,-18.72,-1.16
1,2,0.0,0.9,0.3,19,32.78,-18.97,-1.18
1,2,0.0,0.9,0.6,3,33.08,-20.91,-1.35
1,2,0.0,0.9,0.6,7,32.87,-21.65,-1.39
1,2,0.0,0.9,0.6,11,32.85,-20.28,-1.29
1,2,0.0,0.9,0.6,15,32.82,-18.72,-1.16
1,2,0.0,0.9,0.6,19,32.78,-18.97,-1.18
1,2,0.0,0.9,0.9,3,33.08,-20.91,-1.35
1,2,0.0,0.9,0.9,7,32.87,-21.65,-1.39
1,2,0.0,0.9,0.9,11,32.85,-20.28,-1.29
1,2,0.0,0.9,0.9,15,32.82,-18.72,-1.16
1,2,0.0,0.9,0.9,19,32.78,-18.97,-1.18
1,2,0.0,0.9,1.2,3,33.08,-20.91,-1.35
1,2,0.0,0.9,1.2,7,32.87,-21.65,-1.39
1,2,0.0,0.9,1.2,11,32.85,-20.28,-1.29
1,2,0.0,0.9,1.2,15,32.82,-18.72,-1.16
1,2,0.0,0.9,1.2,19,32.78,-18.97,-1.18
1,2,0.0,0.9,1.5,3,33.08,-20.91,-1.35
1,2,0.0,0.9,1.5,7,32.87,-21.65,-1.39
1,2,0.0,0.9,1.5,11,32.85,-20.28,-1.29
1,2,0.0,0.9,1.5,15,32.82,-18.72,-1.16
1,2,0.0,0.9,1.5,19,32.78,-18.97,-1.18
1,2,0.0,0.9,1.8,3,33.08,-20.91,-1.35
1,2,0.0,0.9,1.8,7,32.87,-21.65,-1.39
1,2,0.0,0.9,1.8,11,32.85,-20.28,-1.29
1,2,0.0,0.9,1.8,15,32.82,-18.72,-1.16
1,2,0.0,0.9,1.8,19,32.78,-18.97,-1.18
1,2,0.0,0.9,2.1,3,33.08,-20.91,-1.35
1,2,0.0,0.9,2.1,7,32.87,-21.65,-1.39
1,2,0.0,0.9,2.1,11,32.85,-20.28,-1.29
1,2,0.0,0.9,2.1,15,32.82,-18.72,-1.16
1,2,0.0,0.9,2.1,19,32.78,-18.97,-1.18
1,2,0.0,1.2,0.0,3,32.2,-27.69,-1.84
1,2,0.0,1.2,0.0,7,32.14,-23.54,-1.5
1,2,0.0,1.2,0.0,11,32.19,-21.14,-1.31
1,2,0.0,1.2,0.0,15,32.14,-22.01,-1.38
1,2,0.0,1.2,0.0,19,32.19,-18.28,-1.09
1,2,0.0,1.2,0.3,3,32.34,-28.01,-1.86
1,2,0.0,1.2,0.3,7,32.28,-23.6,-1.5
1,2,0.0,1.2,0.3,11,32.32,-21.71,-1.36
1,2,0.0,1.2,0.3,15,32.28,-22.34,-1.4
1,2,0.0,1.2,0.3,19,32.32,-18.65,-1.11
1,2,0.0,1.2,0.6,3,32.34,-28.01,-1.86
1,2,0.0,1.2,0.6,7,32.28,-23.6,-1.5
1,2,0.0,1.2,0.6,11,32.32,-21.71,-1.36
1,2,0.0,1.2,0.6,15,32.28,-22.34,-1.4
1,2,0.0,1.2,0.6,19,32.32,-18.65,-1.11
1,2,0.0,1.2,0.9,3,32.34,-28.01,-1.86
1,2,0.0,1.2,0.9,7,32.28,-23.6,-1.5
1,2,0.0,1.2,0.9,11,32.32,-21.71,-1.36
1,2,0.0,1.2,0.9,15,32.28,-22.34,-1.4
1,2,0.0,1.2,0.9,19,32.32,-18.65,-1.11
1,2,0.0,1.2,1.2,3,32.34,-28.01,-1.86
1,2,0.0,1.2,1.2,7,32.28,-23.6,-1.5
1,2,0.0,1.2,1.2,11,32.32,-21.71,-1.36
1,2,0.0,1.2,1.2,15,32.28,-22.34,-1.4
1,2,0.0,1.2,1.2,19,32.32,-18.65,-1.11
1,2,0.0,1.2,1.5,3,32.34,-28.01,-1.86
1,2,0.0,1.2,1.5,7,32.28,-23.6,-1.5
1,2,0.0,1.2,1.5,11,32.32,-21.71,-1.36
1,2,0.0,1.2,1.5,15,32.28,-22.34,-1.4
1,2,0.0,1.2,1.5,19,32.32,-18.65,-1.11
1,2,0.0,1.2,1.8,3,32.34,-28.01,-1.86
1,2,0.0,1.2,1.8,7,32.28,-23.6,-1.5
1,2,0.0,1.2,1.8,11,32.32,-21.71,-1.36
1,2,0.0,1.2,1.8,15,32.28,-22.34,-1.4
1,2,0.0,1.2,1.8,19,32.32,-18.65,-1.11
1,2,0.0,1.2,2.1,3,32.34,-28.01,-1.86
1,2,0.0,1.2,2.1,7,32.28,-23.6,-1.5
1,2,0.0,1.2,2.1,11,32.32,-21.71,-1.36
1,2,0.0,1.2,2.1,15,32.28,-22.34,-1.4
1,2,0.0,1.2,2.1,19,32.32,-18.65,-1.11
1,2,0.0,1.5,0.0,3,32.02,-23.59,-1.47
1,2,0.0,1.5,0.0,7,32.0,-19.21,-1.13
1,2,0.0,1.5,0.0,11,32.01,-14.05,-0.75
1,2,0.0,1.5,0.0,15,32.01,-13.71,-0.73
1,2,0.0,1.5,0.0,19,32.01,-14.05,-0.75
1,2,0.0,1.5,0.3,3,32.16,-23.8,-1.49
1,2,0.0,1.5,0.3,7,32.13,-20.33,-1.22
1,2,0.0,1.5,0.3,11,32.13,-15.19,-0.84
1,2,0.0,1.5,0.3,15,32.13,-15.05,-0.83
1,2,0.0,1.5,0.3,19,32.13,-15.39,-0.85
1,2,0.0,1.5,0.6,3,32.16,-23.8,-1.49
1,2,0.0,1.5,0.6,7,32.13,-20.33,-1.22
1,2,0.0,1.5,0.6,11,32.13,-15.19,-0.84
1,2,0.0,1.5,0.6,15,32.13,-15.05,-0.83
1,2,0.0,1.5,0.6,19,32.13,-15.39,-0.85
1,2,0.0,1.5,0.9,3,32.16,-23.8,-1.49
1,2,0.0,1.5,0.9,7,32.13,-20.33,-1.22
1,2,0.0,1.5,0.9,11,32.13,-15.19,-0.84
1,2,0.0,1.5,0.9,15,32.13,-15.05,-0.83
1,2,0.0,1.5,0.9,19,32.13,-15.39,-0.85
1,2,0.0,1.5,1.2,3,32.16,-23.8,-1.49
1,2,0.0,1.5,1.2,7,32.13,-20.33,-1.22
1,2,0.0,1.5,1.2,11,32.13,-15.19,-0.84
1,2,0.0,1.5,1.2,15,32.13,-15.05,-0.83
1,2,0.0,1.5,1.2,19,32.13,-15.39,-0.85
1,2,0.0,1.5,1.5,3,32.16,-23.8,-1.49
1,2,0.0,1.5,1.5,7,32.13,-20.33,-1.22
1,2,0.0,1.5,1.5,11,32.13,-15.19,-0.84
1,2,0.0,1.5,1.5,15,32.13,-15.05,-0.83
1,2,0.0,1.5,1.5,19,32.13,-15.39,-0.85
1,2,0.0,1.5,1.8,3,32.16,-23.8,-1.49
1,2,0.0,1.5,1.8,7,32.13,-20.33,-1.22
1,2,0.0,1.5,1.8,11,32.13,-15.19,-0.84
1,2,0.0,1.5,1.8,15,32.13,-15.05,-0.83
1,2,0.0,1.5,1.8,19,32.13,-15.39,-0.85
1,2,0.0,1.5,2.1,3,32.16,-23.8,-1.49
1,2,0.0,1.5,2.1,7,32.13,-20.33,-1.22
1,2,0.0,1.5,2.1,11,32.13,-15.19,-0.84
1,2,0.0,1.5,2.1,15,32.13,-15.05,-0.83
1,2,0.0,1.5,2.1,19,32.13,-15.39,-0.85
1,2,0.0,1.8,0.0,3,31.94,-15.16,-0.82
1,2,0.0,1.8,0.0,7,31.91,-12.78,-0.65
1,2,0.0,1.8,0.0,11,31.87,-12.06,-0.6
1,2,0.0,1.8,0.0,15,31.89,-10.6,-0.51
1,2,0.0,1.8,0.0,19,31.89,-9.45,-0.43
1,2,0.0,1.8,0.3,3,32.07,-16.26,-0.9
1,2,0.0,1.8,0.3,7,32.05,-14.97,-0.8
1,2,0.0,1.8,0.3,11,32.03,-13.95,-0.73
1,2,0.0,1.8,0.3,15,32.05,-12.46,-0.63
1,2,0.0,1.8,0.3,19,32.05,-11.29,-0.55
1,2,0.0,1.8,0.6,3,32.07,-16.26,-0.9
1,2,0.0,1.8,0.6,7,32.05,-14.97,-0.8
1,2,0.0,1.8,0.6,11,32.03,-13.95,-0.73
1,2,0.0,1.8,0.6,15,32.05,-12.46,-0.63
1,2,0.0,1.8,0.6,19,32.05,-11.29,-0.55
1,2,0.0,1.8,0.9,3,32.07,-16.26,-0.9
1,2,0.0,1.8,0.9,7,32.05,-14.97,-0.8
1,2,0.0,1.8,0.9,11,32.03,-13.95,-0.73
1,2,0.0,1.8,0.9,15,32.05,-12.46,-0.63
1,2,0.0,1.8,0.9,19,32.05,-11.29,-0.55
1,2,0.0,1.8,1.2,3,32.07,-16.26,-0.9
1,2,0.0,1.8,1.2,7,32.05,-14.97,-0.8
1,2,0.0,1.8,1.2,11,32.03,-13.95,-0.73
1,2,0.0,1.8,1.2,15,32.05,-12.46,-0.63
1,2,0.0,1.8,1.2,19,32.05,-11.29,-0.55
1,2,0.0,1.8,1.5,3,32.07,-16.26,-0.9
1,2,0.0,1.8,1.5,7,32.05,-14.97,-0.8
1,2,0.0,1.8,1.5,11,32.03,-13.95,-0.73
1,2,0.0,1.8,1.5,15,32.05,-12.46,-0.63
1,2,0.0,1.8,1.5,19,32.05,-11.29,-0.55
1,2,0.0,1.8,1.8,3,32.07,-16.26,-0.9
1,2,0.0,1.8,1.8,7,32.05,-14.97,-0.8
1,2,0.0,1.8,1.8,11,32.03,-13.95,-0.73
1,2,0.0,1.8,1.8,15,32.05,-12.46,-0.63
1,2,0.0,1.8,1.8,19,32.05,-11.29,-0.55
1,2,0.0,1.8,2.1,3,32.07,-16.26,-0.9
1,2,0.0,1.8,2.1,7,32.05,-14.97,-0.8
1,2,0.0,1.8,2.1,11,32.03,-13.95,-0.73
1,2,0.0,1.8,2.1,15,32.05,-12.46,-0.63
1,2,0.0,1.8,2.1,19,32.05,-11.29,-0.55
1,2,0.0,2.1,0.0,3,31.91,-10.37,-0.49
1,2,0.0,2.1,0.0,7,31.86,-13.25,-0.68
1,2,0.0,2.1,0.0,11,31.86,-16.25,-0.89
1,2,0.0,2.1,0.0,15,31.86,-15.12,-0.81
1,2,0.0,2.1,0.0,19,31.86,-14.42,-0.76
1,2,0.0,2.1,0.3,3,32.05,-12.31,-0.62
1,2,0.0,2.1,0.3,7,32.02,-15.0,-0.8
1,2,0.0,2.1,0.3,11,32.02,-17.58,-0.98
1,2,0.0,2.1,0.3,15,32.02,-16.38,-0.9
1,2,0.0,2.1,0.3,19,32.02,-15.69,-0.85
1,2,0.0,2.1,0.6,3,32.05,-12.31,-0.62
1,2,0.0,2.1,0.6,7,32.02,-15.0,-0.8
1,2,0.0,2.1,0.6,11,32.02,-17.58,-0.98
1,2,0.0,2.1,0.6,15,32.02,-16.38,-0.9
1,2,0.0,2.1,0.6,19,32.02,-15.69,-0.85
1,2,0.0,2.1,0.9,3,32.05,-12.31,-0.62
1,2,0.0,2.1,0.9,7,32.02,-15.0,-0.8
1,2,0.0,2.1,0.9,11,32.02,-17.58,-0.98
1,2,0.0,2.1,0.9,15,32.02,-16.38,-0.9
1,2,0.0,2.1,0.9,19,32.02,-15.69,-0.85
1,2,0.0,2.1,1.2,3,32.05,-12.31,-0.62
1,2,0.0,2.1,1.2,7,32.02,-15.0,-0.8
1,2,0.0,2.1,1.2,11,32.02,-17.58,-0.98
1,2,0.0,2.1,1.2,15,32.02,-16.38,-0.9
1,2,0.0,2.1,1.2,19,32.02,-15.69,-0.85
1,2,0.0,2.1,1.5,3,32.05,-12.31,-0.62
1,2,0.0,2.1,1.5,7,32.02,-15.0,-0.8
1,2,0.0,2.1,1.5,11,32.02,-17.58,-0.98
1,2,0.0,2.1,1.5,15,32.02,-16.38,-0.9
1,2,0.0,2.1,1.5,19,32.02,-15.69,-0.85
1,2,0.0,2.1,1.8,3,32.05,-12.31,-0.62
1,2,0.0,2.1,1.8,7,32.02,-15.0,-0.8
1,2,0.0,2.1,1.8,11,32.02,-17.58,-0.98
1,2,0.0,2.1,1.8,15,32.02,-16.38,-0.9
1,2,0.0,2.1,1.8,19,32.02,-15.69,-0.85
1,2,0.0,2.1,2.1,3,32.05,-12.31,-0.62
1,2,0.0,2.1,2.1,7,32.02,-15.0,-0.8
1,2,0.0,2.1,2.1,11,32.02,-17.58,-0.98
1,2,0.0,2.1,2.1,15,32.02,-16.38,-0.9
1,2,0.0,2.1,2.1,19,32.02,-15.69,-0.85
1,2,0.3,0.0,0.0,3,47.1,-16.9,-1.27
1,2,0.3,0.0,0.0,7,47.08,-17.04,-1.28
1,2,0.3,0.0,0.0,11,47.08,-17.06,-1.28
1,2,0.3,0.0,0.0,15,47.08,-17.06,-1.28
1,2,0.3,0.0,0.0,19,47.08,-16.92,-1.27
1,2,0.3,0.0,0.3,3,47.1,-16.9,-1.27
1,2,0.3,0.0,0.3,7,47.08,-17.04,-1.28
1,2,0.3,0.0,0.3,11,47.08,-17.06,-1.28
1,2,0.3,0.0,0.3,15,47.08,-17.06,-1.28
1,2,0.3,0.0,0.3,19,47.08,-16.92,-1.27
1,2,0.3,0.0,0.6,3,47.1,-16.9,-1.27
1,2,0.3,0.0,0.6,7,47.08,-17.04,-1.28
1,2,0.3,0.0,0.6,11,47.08,-17.06,-1.28
1,2,0.3,0.0,0.6,15,47.08,-17.06,-1.28
1,2,0.3,0.0,0.6,19,47.08,-16.92,-1.27
1,2,0.3,0.0,0.9,3,47.1,-16.9,-1.27
1,2,0.3,0.0,0.9,7,47.08,-17.04,-1.28
1,2,0.3,0.0,0.9,11,47.08,-17.06,-1.28
1,2,0.3,0.0,0.9,15,47.08,-17.06,-1.28
1,2,0.3,0.0,0.9,19,47.08,-16.92,-1.27
1,2,0.3,0.0,1.2,3,47.1,-16.9,-1.27
1,2,0.3,0.0,1.2,7,47.08,-17.04,-1.28
1,2,0.3,0.0,1.2,11,47.08,-17.06,-1.28
1,2,0.3,0.0,1.2,15,47.08,-17.06,-1.28
1,2,0.3,0.0,1.2,19,47.08,-16.92,-1.27
1,2,0.3,0.0,1.5,3,47.1,-16.9,-1.27
1,2,0.3,0.0,1.5,7,47.08,-17.04,-1.28
1,2,0.3,0.0,1.5,11,47.08,-17.06,-1.28
1,2,0.3,0.0,1.5,15,47.08,-17.06,-1.28
1,2,0.3,0.0,1.5,19,47.08,-16.92,-1.27
1,2,0.3,0.0,1.8,3,47.1,-16.9,-1.27
1,2,0.3,0.0,1.8,7,47.08,-17.04,-1.28
1,2,0.3,0.0,1.8,11,47.08,-17.06,-1.28
1,2,0.3,0.0,1.8,15,47.08,-17.06,-1.28
1,2,0.3,0.0,1.8,19,47.08,-16.92,-1.27
1,2,0.3,0.0,2.1,3,47.1,-16.9,-1.27
1,2,0.3,0.0,2.1,7,47.08,-17.04,-1.28
1,2,0.3,0.0,2.1,11,47.08,-17.06,-1.28
1,2,0.3,0.0,2.1,15,47.08,-17.06,-1.28
1,2,0.3,0.0,2.1,19,47.08,-16.92,-1.27
1,2,0.3,0.3,0.0,3,38.48,-25.71,-1.93
1,2,0.3,0.3,0.0,7,38.18,-25.99,-1.96
1,2,0.3,0.3,0.0,11,37.99,-25.81,-1.94
1,2,0.3,0.3,0.0,15,37.93,-25.59,-1.92
1,2,0.3,0.3,0.0,19,37.77,-26.68,-2.02
1,2,0.3,0.3,0.3,3,38.48,-25.71,-1.93
1,2,0.3,0.3,0.3,7,38.18,-25.99,-1.96
1,2,0.3,0.3,0.3,11,37.99,-25.81,-1.94
1,2,0.3,0.3,0.3,15,37.93,-25.59,-1.92
1,2,0.3,0.3,0.3,19,37.77,-26.68,-2.02
1,2,0.3,0.3,0.6,3,38.48,-25.71,-1.93
1,2,0.3,0.3,0.6,7,38.18,-25.99,-1.96
1,2,0.3,0.3,0.6,11,37.99,-25.81,-1.94
1,2,0.3,0.3,0.6,15,37.93,-25.59,-1.92
1,2,0.3,0.3,0.6,19,37.77,-26.68,-2.02
1,2,0.3,0.3,0.9,3,38.48,-25.71,-1.93
1,2,0.3,0.3,0.9,7,38.18,-25.99,-1.96
1,2,0.3,0.3,0.9,11,37.99,-25.81,-1.94
1,2,0.3,0.3,0.9,15,37.93,-25.59,-1.92
1,2,0.3,0.3,0.9,19,37.77,-26.68,-2.02
1,2,0.3,0.3,1.2,3,38.48,-25.71,-1.93
1,2,0.3,0.3,1.2,7,38.18,-25.99,-1.96
1,2,0.3,0.3,1.2,11,37.99,-25.81,-1.94
1,2,0.3,0.3,1.2,15,37.93,-25.59,-1.92
1,2,0.3,0.3,1.2,19,37.77,-26.68,-2.02
1,2,0.3,0.3,1.5,3,38.48,-25.71,-1.93
1,2,0.3,0.3,1.5,7,38.18,-25.99,-1.96
1,2,0.3,0.3,1.5,11,37.99,-25.81,-1.94
1,2,0.3,0.3,1.5,15,37.93,-25.59,-1.92
1,2,0.3,0.3,1.5,19,37.77,-26.68,-2.02
1,2,0.3,0.3,1.8,3,38.48,-25.71,-1.93
1,2,0.3,0.3,1.8,7,38.18,-25.99,-1.96
1,2,0.3,0.3,1.8,11,37.99,-25.81,-1.94
1,2,0.3,0.3,1.8,15,37.93,-25.59,-1.92
1,2,0.3,0.3,1.8,19,37.77,-26.68,-2.02
1,2,0.3,0.3,2.1,3,38.48,-25.71,-1.93
1,2,0.3,0.3,2.1,7,38.18,-25.99,-1.96
1,2,0.3,0.3,2.1,11,37.99,-25.81,-1.94
1,2,0.3,0.3,2.1,15,37.93,-25.59,-1.92
1,2,0.3,0.3,2.1,19,37.77,-26.68,-2.02
1,2,0.3,0.6,0.0,3,34.48,-21.66,-1.47
1,2,0.3,0.6,0.0,7,34.26,-23.85,-1.65
1,2,0.3,0.6,0.0,11,34.2,-21.72,-1.47
1,2,0.3,0.6,0.0,15,34.17,-22.89,-1.58
1,2,0.3,0.6,0.0,19,34.2,-22.46,-1.54
1,2,0.3,0.6,0.3,3,34.48,-21.66,-1.47
1,2,0.3,0.6,0.3,7,34.26,-23.85,-1.65
1,2,0.3,0.6,0.3,11,34.2,-21.72,-1.47
1,2,0.3,0.6,0.3,15,34.17,-22.89,-1.58
1,2,0.3,0.6,0.3,19,34.2,-22.46,-1.54
1,2,0.3,0.6,0.6,3,34.48,-21.66,-1.47
1,2,0.3,0.6,0.6,7,34.26,-23.85,-1.65
1,2,0.3,0.6,0.6,11,34.2,-21.72,-1.47
1,2,0.3,0.6,0.6,15,34.17,-22.89,-1.58
1,2,0.3,0.6,0.6,19,34.2,-22.46,-1.54
1,2,0.3,0.6,0.9,3,34.48,-21.66,-1.47
1,2,0.3,0.6,0.9,7,34.26,-23.85,-1.65
1,2,0.3,0.6,0.9,11,34.2,-21.72,-1.47
1,2,0.3,0.6,0.9,15,34.17,-22.89,-1.58
1,2,0.3,0.6,0.9,19,34.2,-22.46,-1.54
1,2,0.3,0.6,1.2,3,34.48,-21.66,-1.47
1,2,0.3,0.6,1.2,7,34.26,-23.85,-1.65
1,2,0.3,0.6,1.2,11,34.2,-21.72,-1.47
1,2,0.3,0.6,1.2,15,34.17,-22.89,-1.58
1,2,0.3,0.6,1.2,19,34.2,-22.46,-1.54
1,2,0.3,0.6,1.5,3,34.48,-21.66,-1.47
1,2,0.3,0.6,1.5,7,34.26,-23.85,-1.65
1,2,0.3,0.6,1.5,11,34.2,-21.72,-1.47
1,2,0.3,0.6,1.5,15,34.17,-22.89,-1.58
1,2,0.3,0.6,1.5,19,34.2,-22.46,-1.54
1,2,0.3,0.6,1.8,3,34.48,-21.66,-1.47
1,2,0.3,0.6,1.8,7,34.26,-23.85,-1.65
1,2,0.3,0.6,1.8,11,34.2,-21.72,-1.47
1,2,0.3,0.6,1.8,15,34.17,-22.89,-1.58
1,2,0.3,0.6,1.8,19,34.2,-22.46,-1.54
1,2,0.3,0.6,2.1,3,34.48,-21.66,-1.47
1,2,0.3,0.6,2.1,7,34.26,-23.85,-1.65
1,2,0.3,0.6,2.1,11,34.2,-21.72,-1.47
1,2,0.3,0.6,2.1,15,34.17,-22.89,-1.58
1,2,0.3,0.6,2.1,19,34.2,-22.46,-1.54
1,2,0.3,0.9,0.0,3,33.24,-19.94,-1.27
1,2,0.3,0.9,0.0,7,33.0,-22.06,-1.42
1,2,0.3,0.9,0.0,11,32.98,-20.97,-1.34
1,2,0.3,0.9,0.0,15,32.96,-19.56,-1.22
1,2,0.3,0.9,0.0,19,32.92,-19.8,-1.24
1,2,0.3,0.9,0.3,3,33.24,-19.94,-1.27
1,2,0.3,0.9,0.3,7,33.0,-22.06,-1.42
1,2,0.3,0.9,0.3,11,32.98,-20.97,-1.34
1,2,0.3,0.9,0.3,15,32.96,-19.56,-1.22
1,2,0.3,0.9,0.3,19,32.92,-19.8,-1.24
1,2,0.3,0.9,0.6,3,33.24,-19.94,-1.27
1,2,0.3,0.9,0.6,7,33.0,-22.06,-1.42
1,2,0.3,0.9,0.6,11,32.98,-20.97,-1.34
1,2,0.3,0.9,0.6,15,32.96,-19.56,-1.22
1,2,0.3,0.9,0.6,19,32.92,-19.8,-1.24
1,2,0.3,0.9,0.9,3,33.24,-19.94,-1.27
1,2,0.3,0.9,0.9,7,33.0,-22.06,-1.42
1,2,0.3,0.9,0.9,11,32.98,-20.97,-1.34
1,2,0.3,0.9,0.9,15,32.96,-19.56,-1.22
1,2,0.3,0.9,0.9,19,32.92,-19.8,-1.24
1,2,0.3,0.9,1.2,3,33.24,-19.94,-1.27
1,2,0.3,0.9,1.2,7,33.0,-22.06,-1.42
1,2,0.3,0.9,1.2,11,32.98,-20.97,-1.34
1,2,0.3,0.9,1.2,15,32.96,-19.56,-1.22
1,2,0.3,0.9,1.2,19,32.92,-19.8,-1.24
1,2,0.3,0.9,1.5,3,33.24,-19.94,-1.27
1,2,0.3,0.9,1.5,7,33.0,-22.06,-1.42
1,2,0.3,0.9,1.5,11,32.98,-20.97,-1.34
1,2,0.3,0.9,1.5,15,32.96,-19.56,-1.22
1,2,0.3,0.9,1.5,19,32.92,-19.8,-1.24
1,2,0.3,0.9,1.8,3,33.24,-19.94,-1.27
1,2,0.3,0.9,1.8,7,33.0,-22.06,-1.42
1,2,0.3,0.9,1.8,11,32.98,-20.97,-1.34
1,2,0.3,0.9,1.8,15,32.96,-19.56,-1.22
1,2,0.3,0.9,1.8,19,32.92,-19.8,-1.24
1,2,0.3,0.9,2.1,3,33.24,-19.94,-1.27
1,2,0.3,0.9,2.1,7,33.0,-22.06,-1.42
1,2,0.3,0.9,2.1,11,32.98,-20.97,-1.34
1,2,0.3,0.9,2.1,15,32.96,-19.56,-1.22
1,2,0.3,0.9,2.1,19,32.92,-19.8,-1.24
1,2,0.3,1.2,0.0,3,32.46,-28.4,-1.89
1,2,0.3,1.2,0.0,7,32.4,-24.18,-1.54
1,2,0.3,1.2,0.0,11,32.45,-21.79,-1.36
1,2,0.3,1.2,0.0,15,32.41,-22.72,-1.43
1,2,0.3,1.2,0.0,19,32.45,-19.02,-1.14
1,2,0.3,1.2,0.3,3,32.46,-28.4,-1.89
1,2,0.3,1.2,0.3,7,32.4,-24.18,-1.54
1,2,0.3,1.2,0.3,11,32.45,-21.79,-1.36
1,2,0.3,1.2,0.3,15,32.41,-22.72,-1.43
1,2,0.3,1.2,0.3,19,32.45,-19.02,-1.14
1,2,0.3,1.2,0.6,3,32.46,-28.4,-1.89
1,2,0.3,1.2,0.6,7,32.4,-24.18,-1.54
1,2,0.3,1.2,0.6,11,32.45,-21.79,-1.36
1,2,0.3,1.2,0.6,15,32.41,-22.72,-1.43
1,2,0.3,1.2,0.6,19,32.45,-19.02,-1.14
1,2,0.3,1.2,0.9,3,32.46,-28.4,-1.89
1,2,0.3,1.2,0.9,7,32.4,-24.18,-1.54
1,2,0.3,1.2,0.9,11,32.45,-21.79,-1.36
1,2,0.3,1.2,0.9,15,32.41,-22.72,-1.43
1,2,0.3,1.2,0.9,19,32.45,-19.02,-1.14
1,2,0.3,1.2,1.2,3,32.46,-28.4,-1.89
1,2,0.3,1.2,1.2,7,32.4,-24.18,-1.54
1,2,0.3,1.2,1.2,11,32.45,-21.79,-1.36
1,2,0.3,1.2,1.2,15,32.41,-22.72,-1.43
1,2,0.3,1.2,1.2,19,32.45,-19.02,-1.14
1,2,0.3,1.2,1.5,3,32.46,-28.4,-1.89
1,2,0.3,1.2,1.5,7,32.4,-24.18,-1.54
1,2,0.3,1.2,1.5,11,32.45,-21.79,-1.36
1,2,0.3,1.2,1.5,15,32.41,-22.72,-1.43
1,2,0.3,1.2,1.5,19,32.45,-19.02,-1.14
1,2,0.3,1.2,1.8,3,32.46,-28.4,-1.89
1,2,0.3,1.2,1.8,7,32.4,-24.18,-1.54
1,2,0.3,1.2,1.8,11,32.45,-21.79,-1.36
1,2,0.3,1.2,1.8,15,32.41,-22.72,-1.43
1,2,0.3,1.2,1.8,19,32.45,-19.02,-1.14
1,2,0.3,1.2,2.1,3,32.46,-28.4,-1.89
1,2,0.3,1.2,2.1,7,32.4,-24.18,-1.54
1,2,0.3,1.2,2.1,11,32.45,-21.79,-1.36
1,2,0.3,1.2,2.1,15,32.41,-22.72,-1.43
1,2,0.3,1.2,2.1,19,32.45,-19.02,-1.14
1,2,0.3,1.5,0.0,3,32.26,-24.69,-1.55
1,2,0.3,1.5,0.0,7,32.25,-20.43,-1.22
1,2,0.3,1.5,0.0,11,32.25,-15.22,-0.83
1,2,0.3,1.5,0.0,15,32.25,-14.88,-0.81
1,2,0.3,1.5,0.0,19,32.25,-15.23,-0.83
1,2,0.3,1.5,0.3,3,32.26,-24.69,-1.55
1,2,0.3,1.5,0.3,7,32.25,-20.43,-1.22
1,2,0.3,1.5,0.3,11,32.25,-15.22,-0.83
1,2,0.3,1.5,0.3,15,32.25,-14.88,-0.81
1,2,0.3,1.5,0.3,19,32.25,-15.23,-0.83
1,2,0.3,1.5,0.6,3,32.26,-24.69,-1.55
1,2,0.3,1.5,0.6,7,32.25,-20.43,-1.22
1,2,0.3,1.5,0.6,11,32.25,-15.22,-0.83
1,2,0.3,1.5,0.6,15,32.25,-14.88,-0.81
1,2,0.3,1.5,0.6,19,32.25,-15.23,-0.83
1,2,0.3,1.5,0.9,3,32.26,-24.69,-1.55
1,2,0.3,1.5,0.9,7,32.25,-20.43,-1.22
1,2,0.3,1.5,0.9,11,32.25,-15.22,-0.83
1,2,0.3,1.5,0.9,15,32.25,-14.88,-0.81
1,2,0.3,1.5,0.9,19,32.25,-15.23,-0.83
1,2,0.3,1.5,1.2,3,32.26,-24.69,-1.55
1,2,0.3,1.5,1.2,7,32.25,-20.43,-1.22
1,2,0.3,1.5,1.2,11,32.25,-15.22,-0.83
1,2,0.3,1.5,1.2,15,32.25,-14.88,-0.81
1,2,0.3,1.5,1.2,19,32.25,-15.23,-0.83
1,2,0.3,1.5,1.5,3,32.26,-24.69,-1.55
1,2,0.3,1.5,1.5,7,32.25,-20.43,-1.22
1,2,0.3,1.5,1.5,11,32.25,-15.22,-0.83
1,2,0.3,1.5,1.5,15,32.25,-14.88,-0.81
1,2,0.3,1.5,1.5,19,32.25,-15.23,-0.83
1,2,0.3,1.5,1.8,3,32.26,-24.69,-1.55
1,2,0.3,1.5,1.8,7,32.25,-20.43,-1.22
1,2,0.3,1.5,1.8,11,32.25,-15.22,-0.83
1,2,0.3,1.5,1.8,15,32.25,-14.88,-0.81
1,2,0.3,1.5,1.8,19,32.25,-15.23,-0.83
1,2,0.3,1.5,2.1,3,32.26,-24.69,-1.55
1,2,0.3,1.5,2.1,7,32.25,-20.43,-1.22
1,2,0.3,1.5,2.1,11,32.25,-15.22,-0.83
1,2,0.3,1.5,2.1,15,32.25,-14.88,-0.81
1,2,0.3,1.5,2.1,19,32.25,-15.23,-0.83
1,2,0.3,1.8,0.0,3,32.18,-16.38,-0.9
1,2,0.3,1.8,0.0,7,32.15,-13.95,-0.73
1,2,0.3,1.8,0.0,11,32.11,-13.38,-0.69
1,2,0.3,1.8,0.0,15,32.13,-12.01,-0.6
1,2,0.3,1.8,0.0,19,32.13,-10.81,-0.52
1,2,0.3,1.8,0.3,3,32.18,-16.38,-0.9
1,2,0.3,1.8,0.3,7,32.15,-13.95,-0.73
1,2,0.3,1.8,0.3,11,32.11,-13.38,-0.69
1,2,0.3,1.8,0.3,15,32.13,-12.01,-0.6
1,2,0.3,1.8,0.3,19,32.13,-10.81,-0.52
1,2,0.3,1.8,0.6,3,32.18,-16.38,-0.9
1,2,0.3,1.8,0.6,7,32.15,-13.95,-0.73
1,2,0.3,1.8,0.6,11,32.11,-13.38,-0.69
1,2,0.3,1.8,0.6,15,32.13,-12.01,-0.6
1,2,0.3,1.8,0.6,19,32.13,-10.81,-0.52
1,2,0.3,1.8,0.9,3,32.18,-16.38,-0.9
1,2,0.3,1.8,0.9,7,32.15,-13.95,-0.73
1,2,0.3,1.8,0.9,11,32.11,-13.38,-0.69
1,2,0.3,1.8,0.9,15,32.13,-12.01,-0.6
1,2,0.3,1.8,0.9,19,32.13,-10.81,-0.52
1,2,0.3,1.8,1.2,3,32.18,-16.38,-0.9
1,2,0.3,1.8,1.2,7,32.15,-13.95,-0.73
1,2,0.3,1.8,1.2,11,32.11,-13.38,-0.69
1,2,0.3,1.8,1.2,15,32.13,-12.01,-0.6
1,2,0.3,1.8,1.2,19,32.13,-10.81,-0.52
1,2,0.3,1.8,1.5,3,32.18,-16.38,-0.9
1,2,0.3,1.8,1.5,7,32.15,-13.95,-0.73
1,2,0.3,1.8,1.5,11,32.11,-13.38,-0.69
1,2,0.3,1.8,1.5,15,32.13,-12.01,-0.6
1,2,0.3,1.8,1.5,19,32.13,-10.81,-0.52
1,2,0.3,1.8,1.8,3,32.18,-16.38,-0.9
1,2,0.3,1.8,1.8,7,32.15,-13.95,-0.73
1,2,0.3,1.8,1.8,11,32.11,-13.38,-0.69
1,2,0.3,1.8,1.8,15,32.13,-12.01,-0.6
1,2,0.3,1.8,1.8,19,32.13,-10.81,-0.52
1,2,0.3,1.8,2.1,3,32.18,-16.38,-0.9
1,2,0.3,1.8,2.1,7,32.15,-13.95,-0.73
1,2,0.3,1.8,2.1,11,32.11,-13.38,-0.69
1,2,0.3,1.8,2.1,15,32.13,-12.01,-0.6
1,2,0.3,1.8,2.1,19,32.13,-10.81,-0.52
1,2,0.3,2.1,0.0,3,32.15,-11.66,-0.57
1,2,0.3,2.1,0.0,7,32.1,-14.48,-0.76
1,2,0.3,2.1,0.0,11,32.1,-17.45,-0.97
1,2,0.3,2.1,0.0,15,32.1,-16.33,-0.89
1,2,0.3,2.1,0.0,19,32.1,-15.64,-0.84
1,2,0.3,2.1,0.3,3,32.15,-11.66,-0.57
1,2,0.3,2.1,0.3,7,32.1,-14.48,-0.76
1,2,0.3,2.1,0.3,11,32.1,-17.45,-0.97
1,2,0.3,2.1,0.3,15,32.1,-16.33,-0.89
1,2,0.3,2.1,0.3,19,32.1,-15.64,-0.84
1,2,0.3,2.1,0.6,3,32.15,-11.66,-0.57
1,2,0.3,2.1,0.6,7,32.1,-14.48,-0.76
1,2,0.3,2.1,0.6,11,32.1,-17.45,-0.97
1,2,0.3,2.1,0.6,15,32.1,-16.33,-0.89
1,2,0.3,2.1,0.6,19,32.1,-15.64,-0.84
1,2,0.3,2.1,0.9,3,32.15,-11.66,-0.57
1,2,0.3,2.1,0.9,7,32.1,-14.48,-0.76
1,2,0.3,2.1,0.9,11,32.1,-17.45,-0.97
1,2,0.3,2.1,0.9,15,32.1,-16.33,-0.89
1,2,0.3,2.1,0.9,19,32.1,-15.64,-0.84
1,2,0.3,2.1,1.2,3,32.15,-11.66,-0.57
1,2,0.3,2.1,1.2,7,32.1,-14.48,-0.76
1,2,0.3,2.1,1.2,11,32.1,-17.45,-0.97
1,2,0.3,2.1,1.2,15,32.1,-16.33,-0.89
1,2,0.3,2.1,1.2,19,32.1,-15.64,-0.84
1,2,0.3,2.1,1.5,3,32.15,-11.66,-0.57
1,2,0.3,2.1,1.5,7,32.1,-14.48,-0.76
1,2,0.3,2.1,1.5,11,32.1,-17.45,-0.97
1,2,0.3,2.1,1.5,15,32.1,-16.33,-0.89
1,2,0.3,2.1,1.5,19,32.1,-15.64,-0.84
1,2,0.3,2.1,1.8,3,32.15,-11.66,-0.57
1,2,0.3,2.1,1.8,7,32.1,-14.48,-0.76
1,2,0.3,2.1,1.8,11,32.1,-17.45,-0.97
1,2,0.3,2.1,1.8,15,32.1,-16.33,-0.89
1,2,0.3,2.1,1.8,19,32.1,-15.64,-0.84
1,2,0.3,2.1,2.1,3,32.15,-11.66,-0.57
1,2,0.3,2.1,2.1,7,32.1,-14.48,-0.76
1,2,0.3,2.1,2.1,11,32.1,-17.45,-0.97
1,2,0.3,2.1,2.1,15,32.1,-16.33,-0.89
1,2,0.3,2.1,2.1,19,32.1,-15.64,-0.84
1,2,0.6,0.0,0.0,3,47.1,-16.9,-1.27
1,2,0.6,0.0,0.0,7,47.08,-17.04,-1.28
1,2,0.6,0.0,0.0,11,47.08,-17.06,-1.28
1,2,0.6,0.0,0.0,15,47.08,-17.06,-1.28
1,2,0.6,0.0,0.0,19,47.08,-16.92,-1.27
1,2,0.6,0.0,0.3,3,47.1,-16.9,-1.27
1,2,0.6,0.0,0.3,7,47.08,-17.04,-1.28
1,2,0.6,0.0,0.3,11,47.08,-17.06,-1.28
1,2,0.6,0.0,0.3,15,47.08,-17.06,-1.28
1,2,0.6,0.0,0.3,19,47.08,-16.92,-1.27
1,2,0.6,0.0,0.6,3,47.1,-16.9,-1.27
1,2,0.6,0.0,0.6,7,47.08,-17.04,-1.28
1,2,0.6,0.0,0.6,11,47.08,-17.06,-1.28
1,2,0.6,0.0,0.6,15,47.08,-17.06,-1.28
1,2,0.6,0.0,0.6,19,47.08,-16.92,-1.27
1,2,0.6,0.0,0.9,3,47.1,-16.9,-1.27
1,2,0.6,0.0,0.9,7,47.08,-17.04,-1.28
1,2,0.6,0.0,0.9,11,47.08,-17.06,-1.28
1,2,0.6,0.0,0.9,15,47.08,-17.06,-1.28
1,2,0.6,0.0,0.9,19,47.08,-16.92,-1.27
1,2,0.6,0.0,1.2,3,47.1,-16.9,-1.27
1,2,0.6,0.0,1.2,7,47.08,-17.04,-1.28
1,2,0.6,0.0,1.2,11,47.08,-17.06,-1.28
1,2,0.6,0.0,1.2,15,47.08,-17.06,-1.28
1,2,0.6,0.0,1.2,19,47.08,-16.92,-1.27
1,2,0.6,0.0,1.5,3,47.1,-16.9,-1.27
1,2,0.6,0.0,1.5,7,47.08,-17.04,-1.28
1,2,0.6,0.0,1.5,11,47.08,-17.06,-1.28
1,2,0.6,0.0,1.5,15,47.08,-17.06,-1.28
1,2,0.6,0.0,1.5,19,47.08,-16.92,-1.27
1,2,0.6,0.0,1.8,3,47.1,-16.9,-1.27
1,2,0.6,0.0,1.8,7,47.08,-17.04,-1.28
1,2,0.6,0.0,1.8,11,47.08,-17.06,-1.28
1,2,0.6,0.0,1.8,15,47.08,-17.06,-1.28
1,2,0.6,0.0,1.8,19,47.08,-16.92,-1.27
1,2,0.6,0.0,2.1,3,47.1,-16.9,-1.27
1,2,0.6,0.0,2.1,7,47.08,-17.04,-1.28
1,2,0.6,0.0,2.1,11,47.08,-17.06,-1.28
1,2,0.6,0.0,2.1,15,47.08,-17.06,-1.28
1,2,0.6,0.0,2.1,19,47.08,-16.92,-1.27
1,2,0.6,0.3,0.0,3,38.48,-25.71,-1.93
1,2,0.6,0.3,0.0,7,38.18,-25.99,-1.96
1,2,0.6,0.3,0.0,11,37.99,-25.81,-1.94
1,2,0.6,0.3,0.0,15,37.93,-25.59,-1.92
1,2,0.6,0.3,0.0,19,37.77,-26.68,-2.02
1,2,0.6,0.3,0.3,3,38.48,-25.71,-1.93
1,2,0.6,0.3,0.3,7,38.18,-25.99,-1.96
1,2,0.6,0.3,0.3,11,37.99,-25.81,-1.94
1,2,0.6,0.3,0.3,15,37.93,-25.59,-1.92
1,2,0.6,0.3,0.3,19,37.77,-26.68,-2.02
1,2,0.6,0.3,0.6,3,38.48,-25.71,-1.93
1,2,0.6,0.3,0.6,7,38.18,-25.99,-1.96
1,2,0.6,0.3,0.6,11,37.99,-25.81,-1.94
1,2,0.6,0.3,0.6,15,37.93,-25.59,-1.92
1,2,0.6,0.3,0.6,19,37.77,-26.68,-2.02
1,2,0.6,0.3,0.9,3,38.48,-25.71,-1.93
1,2,0.6,0.3,0.9,7,38.18,-25.99,-1.96
1,2,0.6,0.3,0.9,11,37.99,-25.81,-1.94
1,2,0.6,0.3,0.9,15,37.93,-25.59,-1.92
1,2,0.6,0.3,0.9,19,37.77,-26.68,-2.02
1,2,0.6,0.3,1.2,3,38.48,-25.71,-1.93
1,2,0.6,0.3,1.2,7,38.18,-25.99,-1.96
1,2,0.6,0.3,1.2,11,37.99,-25.81,-1.94
1,2,0.6,0.3,1.2,15,37.93,-25.59,-1.92
1,2,0.6,0.3,1.2,19,37.77,-26.68,-2.02
1,2,0.6,0.3,1.5,3,38.48,-25.71,-1.93
1,2,0.6,0.3,1.5,7,38.18,-25.99,-1.96
1,2,0.6,0.3,1.5,11,37.99,-25.81,-1.94
1,2,0.6,0.3,1.5,15,37.93,-25.59,-1.92
1,2,0.6,0.3,1.5,19,37.77,-26.68,-2.02
1,2,0.6,0.3,1.8,3,38.48,-25.71,-1.93
1,2,0.6,0.3,1.8,7,38.18,-25.99,-1.96
1,2,0.6,0.3,1.8,11,37.99,-25.81,-1.94
1,2,0.6,0.3,1.8,15,37.93,-25.59,-1.92
1,2,0.6,0.3,1.8,19,37.77,-26.68,-2.02
1,2,0.6,0.3,2.1,3,38.48,-25.71,-1.93
1,2,0.6,0.3,2.1,7,38.18,-25.99,-1.96
1,2,0.6,0.3,2.1,11,37.99,-25.81,-1.94
1,2,0.6,0.3,2.1,15,37.93,-25.59,-1.92
1,2,0.6,0.3,2.1,19,37.77,-26.68,-2.02
1,2,0.6,0.6,0.0,3,34.48,-21.66,-1.47
1,2,0.6,0.6,0.0,7,34.26,-23.85,-1.65
1,2,0.6,0.6,0.0,11,34.2,-21.72,-1.47
1,2,0.6,0.6,0.0,15,34.17,-22.89,-1.58
1,2,0.6,0.6,0.0,19,34.2,-22.46,-1.54
1,2,0.6,0.6,0.3,3,34.48,-21.66,-1.47
1,2,0.6,0.6,0.3,7,34.26,-23.85,-1.65
1,2,0.6,0.6,0.3,11,34.2,-21.72,-1.47
1,2,0.6,0.6,0.3,15,34.17,-22.89,-1.58
1,2,0.6,0.6,0.3,19,34.2,-22.46,-1.54
1,2,0.6,0.6,0.6,3,34.48,-21.66,-1.47
1,2,0.6,0.6,0.6,7,34.26,-23.85,-1.65
1,2,0.6,0.6,0.6,11,34.2,-21.72,-1.47
1,2,0.6,0.6,0.6,15,34.17,-22.89,-1.58
1,2,0.6,0.6,0.6,19,34.2,-22.46,-1.54
1,2,0.6,0.6,0.9,3,34.48,-21.66,-1.47
1,2,0.6,0.6,0.9,7,34.26,-23.85,-1.65
1,2,0.6,0.6,0.9,11,34.2,-21.72,-1.47
1,2,0.6,0.6,0.9,15,34.17,-22.89,-1.58
1,2,0.6,0.6,0.9,19,34.2,-22.46,-1.54
1,2,0.6,0.6,1.2,3,34.48,-21.66,-1.47
1,2,0.6,0.6,1.2,7,34.26,-23.85,-1.65
1,2,0.6,0.6,1.2,11,34.2,-21.72,-1.47
1,2,0.6,0.6,1.2,15,34.17,-22.89,-1.58
1,2,0.6,0.6,1.2,19,34.2,-22.46,-1.54
1,2,0.6,0.6,1.5,3,34.48,-21.66,-1.47
1,2,0.6,0.6,1.5,7,34.26,-23.85,-1.65
1,2,0.6,0.6,1.5,11,34.2,-21.72,-1.47
1,2,0.6,0.6,1.5,15,34.17,-22.89,-1.58
1,2,0.6,0.6,1.5,19,34.2,-22.46,-1.54
1,2,0.6,0.6,1.8,3,34.48,-21.66,-1.47
1,2,0.6,0.6,1.8,7,34.26,-23.85,-1.65
1,2,0.6,0.6,1.8,11,34.2,-21.72,-1.47
1,2,0.6,0.6,1.8,15,34.17,-22.89,-1.58
1,2,0.6,0.6,1.8,19,34.2,-22.46,-1.54
1,2,0.6,0.6,2.1,3,34.48,-21.66,-1.47
1,2,0.6,0.6,2.1,7,34.26,-23.85,-1.65
1,2,0.6,0.6,2.1,11,34.2,-21.72,-1.47
1,2,0.6,0.6,2.1,15,34.17,-22.89,-1.58
1,2,0.6,0.6,2.1,19,34.2,-22.46,-1.54
1,2,0.6,0.9,0.0,3,33.24,-19.94,-1.27
1,2,0.6,0.9,0.0,7,33.0,-22.06,-1.42
1,2,0.6,0.9,0.0,11,32.98,-20.97,-1.34
1,2,0.6,0.9,0.0,15,32.96,-19.56,-1.22
1,2,0.6,0.9,0.0,19,32.92,-19.8,-1.24
1,2,0.6,0.9,0.3,3,33.24,-19.94,-1.27
1,2,0.6,0.9,0.3,7,33.0,-22.06,-1.42
1,2,0.6,0.9,0.3,11,32.98,-20.97,-1.34
1,2,0.6,0.9,0.3,15,32.96,-19.56,-1.22
1,2,0.6,0.9,0.3,19,32.92,-19.8,-1.24
1,2,0.6,0.9,0.6,3,33.24,-19.94,-1.27
1,2,0.6,0.9,0.6,7,33.0,-22.06,-1.42
1,2,0.6,0.9,0.6,11,32.98,-20.97,-1.34
1,2,0.6,0.9,0.6,15,32.96,-19.56,-1.22
1,2,0.6,0.9,0.6,19,32.92,-19.8,-1.24
1,2,0.6,0.9,0.9,3,33.24,-19.94,-1.27
1,2,0.6,0.9,0.9,7,33.0,-22.06,-1.42
1,2,0.6,0.9,0.9,11,32.98,-20.97,-1.34
1,2,0.6,0.9,0.9,15,32.96,-19.56,-1.22
1,2,0.6,0.9,0.9,19,32.92,-19.8,-1.24
1,2,0.6,0.9,1.2,3,33.24,-19.94,-1.27
1,2,0.6,0.9,1.2,7,33.0,-22.06,-1.42
1,2,0.6,0.9,1.2,11,32.98,-20.97,-1.34
1,2,0.6,0.9,1.2,15,32.96,-19.56,-1.22
1,2,0.6,0.9,1.2,19,32.92,-19.8,-1.24
1,2,0.6,0.9,1.5,3,33.24,-19.94,-1.27
1,2,0.6,0.9,1.5,7,33.0,-22.06,-1.42
1,2,0.6,0.9,1.5,11,32.98,-20.97,-1.34
1,2,0.6,0.9,1.5,15,32.96,-19.56,-1.22
1,2,0.6,0.9,1.5,19,32.92,-19.8,-1.24
1,2,0.6,0.9,1.8,3,33.24,-19.94,-1.27
1,2,0.6,0.9,1.8,7,33.0,-22.06,-1.42
1,2,0.6,0.9,1.8,11,32.98,-20.97,-1.34
1,2,0.6,0.9,1.8,15,32.96,-19.56,-1.22
1,2,0.6,0.9,1.8,19,32.92,-19.8,-1.24
1,2,0.6,0.9,2.1,3,33.24,-19.94,-1.27
1,2,0.6,0.9,2.1,7,33.0,-22.06,-1.42
1,2,0.6,0.9,2.1,11,32.98,-20.97,-1.34
1,2,0.6,0.9,2.1,15,32.96,-19.56,-1.22
1,2,0.6,0.9,2.1,19,32.92,-19.8,-1.24
1,2,0.6,1.2,0.0,3,32.46,-28.4,-1.89
1,2,0.6,1.2,0.0,7,32.4,-24.18,-1.54
1,2,0.6,1.2,0.0,11,32.45,-21.79,-1.36
1,2,0.6,1.2,0.0,15,32.41,-22.72,-1.43
1,2,0.6,1.2,0.0,19,32.45,-19.02,-1.14
1,2,0.6,1.2,0.3,3,32.46,-28.4,-1.89
1,2,0.6,1.2,0.3,7,32.4,-24.18,-1.54
1,2,0.6,1.2,0.3,11,32.45,-21.79,-1.36
1,2,0.6,1.2,0.3,15,32.41,-22.72,-1.43
1,2,0.6,1.2,0.3,19,32.45,-19.02,-1.14
1,2,0.6,1.2,0.6,3,32.46,-28.4,-1.89
1,2,0.6,1.2,0.6,7,32.4,-24.18,-1.54
1,2,0.6,1.2,0.6,11,32.45,-21.79,-1.36
1,2,0.6,1.2,0.6,15,32.41,-22.72,-1.43
1,2,0.6,1.2,0.6,19,32.45,-19.02,-1.14
1,2,0.6,1.2,0.9,3,32.46,-28.4,-1.89
1,2,0.6,1.2,0.9,7,32.4,-24.18,-1.54
1,2,0.6,1.2,0.9,11,32.45,-21.79,-1.36
1,2,0.6,1.2,0.9,15,32.41,-22.72,-1.43
1,2,0.6,1.2,0.9,19,32.45,-19.02,-1.14
1,2,0.6,1.2,1.2,3,32.46,-28.4,-1.89
1,2,0.6,1.2,1.2,7,32.4,-24.18,-1.54
1,2,0.6,1.2,1.2,11,32.45,-21.79,-1.36
1,2,0.6,1.2,1.2,15,32.41,-22.72,-1.43
1,2,0.6,1.2,1.2,19,32.45,-19.02,-1.14
1,2,0.6,1.2,1.5,3,32.46,-28.4,-1.89
1,2,0.6,1.2,1.5,7,32.4,-24.18,-1.54
1,2,0.6,1.2,1.5,11,32.45,-21.79,-1.36
1,2,0.6,1.2,1.5,15,32.41,-22.72,-1.43
1,2,0.6,1.2,1.5,19,32.45,-19.02,-1.14
1,2,0.6,1.2,1.8,3,32.46,-28.4,-1.89
1,2,0.6,1.2,1.8,7,32.4,-24.18,-1.54
1,2,0.6,1.2,1.8,11,32.45,-21.79,-1.36
1,2,0.6,1.2,1.8,15,32.41,-22.72,-1.43
1,2,0.6,1.2,1.8,19,32.45,-19.02,-1.14
1,2,0.6,1.2,2.1,3,32.46,-28.4,-1.89
1,2,0.6,1.2,2.1,7,32.4,-24.18,-1.54
1,2,0.6,1.2,2.1,11,32.45,-21.79,-1.36
1,2,0.6,1.2,2.1,15,32.41,-22.72,-1.43
1,2,0.6,1.2,2.1,19,32.45,-19.02,-1.14
1,2,0.6,1.5,0.0,3,32.26,-24.69,-1.55
1,2,0.6,1.5,0.0,7,32.25,-20.43,-1.22
1,2,0.6,1.5,0.0,11,32.25,-15.22,-0.83
1,2,0.6,1.5,0.0,15,32.25,-14.88,-0.81
1,2,0.6,1.5,0.0,19,32.25,-15.23,-0.83
1,2,0.6,1.5,0.3,3,32.26,-24.69,-1.55
1,2,0.6,1.5,0.3,7,32.25,-20.43,-1.22
1,2,0.6,1.5,0.3,11,32.25,-15.22,-0.83
1,2,0.6,1.5,0.3,15,32.25,-14.88,-0.81
1,2,0.6,1.5,0.3,19,32.25,-15.23,-0.83
1,2,0.6,1.5,0.6,3,32.26,-24.69,-1.55
1,2,0.6,1.5,0.6,7,32.25,-20.43,-1.22
1,2,0.6,1.5,0.6,11,32.25,-15.22,-0.83
1,2,0.6,1.5,0.6,15,32.25,-14.88,-0.81
1,2,0.6,1.5,0.6,19,32.25,-15.23,-0.83
1,2,0.6,1.5,0.9,3,32.26,-24.69,-1.55
1,2,0.6,1.5,0.9,7,32.25,-20.43,-1.22
1,2,0.6,1.5,0.9,11,32.25,-15.22,-0.83
1,2,0.6,1.5,0.9,15,32.25,-14.88,-0.81
1,2,0.6,1.5,0.9,19,32.25,-15.23,-0.83
1,2,0.6,1.5,1.2,3,32.26,-24.69,-1.55
1,2,0.6,1.5,1.2,7,32.25,-20.43,-1.22
1,2,0.6,1.5,1.2,11,32.25,-15.22,-0.83
1,2,0.6,1.5,1.2,15,32.25,-14.88,-0.81
1,2,0.6,1.5,1.2,19,32.25,-15.23,-0.83
1,2,0.6,1.5,1.5,3,32.26,-24.69,-1.55
1,2,0.6,1.5,1.5,7,32.25,-20.43,-1.22
1,2,0.6,1.5,1.5,11,32.25,-15.22,-0.83
1,2,0.6,1.5,1.5,15,32.25,-14.88,-0.81
1,2,0.6,1.5,1.5,19,32.25,-15.23,-0.83
1,2,0.6,1.5,1.8,3,32.26,-24.69,-1.55
1,2,0.6,1.5,1.8,7,32.25,-20.43,-1.22
1,2,0.6,1.5,1.8,11,32.25,-15.22,-0.83
1,2,0.6,1.5,1.8,15,32.25,-14.88,-0.81
1,2,0.6,1.5,1.8,19,32.25,-15.23,-0.83
1,2,0.6,1.5,2.1,3,32.26,-24.69,-1.55
1,2,0.6,1.5,2.1,7,32.25,-20.43,-1.22
1,2,0.6,1.5,2.1,11,32.25,-15.22,-0.83
1,2,0.6,1.5,2.1,15,32.25,-14.88,-0.81
1,2,0.6,1.5,2.1,19,32.25,-15.23,-0.83
1,2,0.6,1.8,0.0,3,32.18,-16.38,-0.9
1,2,0.6,1.8,0.0,7,32.15,-13.95,-0.73
1,2,0.6,1.8,0.0,11,32.11,-13.38,-0.69
1,2,0.6,1.8,0.0,15,32.13,-12.01,-0.6
1,2,0.6,1.8,0.0,19,32.13,-10.81,-0.52
1,2,0.6,1.8,0.3,3,32.18,-16.38,-0.9
1,2,0.6,1.8,0.3,7,32.15,-13.95,-0.73
1,2,0.6,1.8,0.3,11,32.11,-13.38,-0.69
1,2,0.6,1.8,0.3,15,32.13,-12.01,-0.6
1,2,0.6,1.8,0.3,19,32.13,-10.81,-0.52
1,2,0.6,1.8,0.6,3,32.18,-16.38,-0.9
1,2,0.6,1.8,0.6,7,32.15,-13.95,-0.73
1,2,0.6,1.8,0.6,11,32.11,-13.38,-0.69
1,2,0.6,1.8,0.6,15,32.13,-12.01,-0.6
1,2,0.6,1.8,0.6,19,32.13,-10.81,-0.52
1,2,0.6,1.8,0.9,3,32.18,-16.38,-0.9
1,2,0.6,1.8,0.9,7,32.15,-13.95,-0.73
1,2,0.6,1.8,0.9,11,32.11,-13.38,-0.69
1,2,0.6,1.8,0.9,15,32.13,-12.01,-0.6
1,2,0.6,1.8,0.9,19,32.13,-10.81,-0.52
1,2,0.6,1.8,1.2,3,32.18,-16.38,-0.9
1,2,0.6,1.8,1.2,7,32.15,-13.95,-0.73
1,2,0.6,1.8,1.2,11,32.11,-13.38,-0.69
1,2,0.6,1.8,1.2,15,32.13,-12.01,-0.6
1,2,0.6,1.8,1.2,19,32.13,-10.81,-0.52
1,2,0.6,1.8,1.5,3,32.18,-16.38,-0.9
1,2,0.6,1.8,1.5,7,32.15,-13.95,-0.73
1,2,0.6,1.8,1.5,11,32.11,-13.38,-0.69
1,2,0.6,1.8,1.5,15,32.13,-12.01,-0.6
1,2,0.6,1.8,1.5,19,32.13,-10.81,-0.52
1,2,0.6,1.8,1.8,3,32.18,-16.38,-0.9
1,2,0.6,1.8,1.8,7,32.15,-13.95,-0.73
1,2,0.6,1.8,1.8,11,32.11,-13.38,-0.69
1,2,0.6,1.8,1.8,15,32.13,-12.01,-0.6
1,2,0.6,1.8,1.8,19,32.13,-10.81,-0.52
1,2,0.6,1.8,2.1,3,32.18,-16.38,-0.9
1,2,0.6,1.8,2.1,7,32.15,-13.95,-0.73
1,2,0.6,1.8,2.1,11,32.11,-13.38,-0.69
1,2,0.6,1.8,2.1,15,32.13,-12.01,-0.6
1,2,0.6,1.8,2.1,19,32.13,-10.81,-0.52
1,2,0.6,2.1,0.0,3,32.15,-11.66,-0.57
1,2,0.6,2.1,0.0,7,32.1,-14.48,-0.76
1,2,0.6,2.1,0.0,11,32.1,-17.45,-0.97
1,2,0.6,2.1,0.0,15,32.1,-16.33,-0.89
1,2,0.6,2.1,0.0,19,32.1,-15.64,-0.84
1,2,0.6,2.1,0.3,3,32.15,-11.66,-0.57
1,2,0.6,2.1,0.3,7,32.1,-14.48,-0.76
1,2,0.6,2.1,0.3,11,32.1,-17.45,-0.97
1,2,0.6,2.1,0.3,15,32.1,-16.33,-0.89
1,2,0.6,2.1,0.3,19,32.1,-15.64,-0.84
1,2,0.6,2.1,0.6,3,32.15,-11.66,-0.57
1,2,0.6,2.1,0.6,7,32.1,-14.48,-0.76
1,2,0.6,2.1,0.6,11,32.1,-17.45,-0.97
1,2,0.6,2.1,0.6,15,32.1,-16.33,-0.89
1,2,0.6,2.1,0.6,19,32.1,-15.64,-0.84
1,2,0.6,2.1,0.9,3,32.15,-11.66,-0.57
1,2,0.6,2.1,0.9,7,32.1,-14.48,-0.76
1,2,0.6,2.1,0.9,11,32.1,-17.45,-0.97
1,2,0.6,2.1,0.9,15,32.1,-16.33,-0.89
1,2,0.6,2.1,0.9,19,32.1,-15.64,-0.84
1,2,0.6,2.1,1.2,3,32.15,-11.66,-0.57
1,2,0.6,2.1,1.2,7,32.1,-14.48,-0.76
1,2,0.6,2.1,1.2,11,32.1,-17.45,-0.97
1,2,0.6,2.1,1.2,15,32.1,-16.33,-0.89
1,2,0.6,2.1,1.2,19,32.1,-15.64,-0.84
1,2,0.6,2.1,1.5,3,32.15,-11.66,-0.57
1,2,0.6,2.1,1.5,7,32.1,-14.48,-0.76
1,2,0.6,2.1,1.5,11,32.1,-17.45,-0.97
1,2,0.6,2.1,1.5,15,32.1,-16.33,-0.89
1,2,0.6,2.1,1.5,19,32.1,-15.64,-0.84
1,2,0.6,2.1,1.8,3,32.15,-11.66,-0.57
1,2,0.6,2.1,1.8,7,32.1,-14.48,-0.76
1,2,0.6,2.1,1.8,11,32.1,-17.45,-0.97
1,2,0.6,2.1,1.8,15,32.1,-16.33,-0.89
1,2,0.6,2.1,1.8,19,32.1,-15.64,-0.84
1,2,0.6,2.1,2.1,3,32.15,-11.66,-0.57
1,2,0.6,2.1,2.1,7,32.1,-14.48,-0.76
1,2,0.6,2.1,2.1,11,32.1,-17.45,-0.97
1,2,0.6,2.1,2.1,15,32.1,-16.33,-0.89
1,2,0.6,2.1,2.1,19,32.1,-15.64,-0.84
1,2,0.9,0.0,0.0,3,47.1,-16.9,-1.27
1,2,0.9,0.0,0.0,7,47.08,-17.04,-1.28
1,2,0.9,0.0,0.0,11,47.08,-17.06,-1.28
1,2,0.9,0.0,0.0,15,47.08,-17.06,-1.28
1,2,0.9,0.0,0.0,19,47.08,-16.92,-1.27
1,2,0.9,0.0,0.3,3,47.1,-16.9,-1.27
1,2,0.9,0.0,0.3,7,47.08,-17.04,-1.28
1,2,0.9,0.0,0.3,11,47.08,-17.06,-1.28
1,2,0.9,0.0,0.3,15,47.08,-17.06,-1.28
1,2,0.9,0.0,0.3,19,47.08,-16.92,-1.27
1,2,0.9,0.0,0.6,3,47.1,-16.9,-1.27
1,2,0.9,0.0,0.6,7,47.08,-17.04,-1.28
1,2,0.9,0.0,0.6,11,47.08,-17.06,-1.28
1,2,0.9,0.0,0.6,15,47.08,-17.06,-1.28
1,2,0.9,0.0,0.6,19,47.08,-16.92,-1.27
1,2,0.9,0.0,0.9,3,47.1,-16.9,-1.27
1,2,0.9,0.0,0.9,7,47.08,-17.04,-1.28
1,2,0.9,0.0,0.9,11,47.08,-17.06,-1.28
1,2,0.9,0.0,0.9,15,47.08,-17.06,-1.28
1,2,0.9,0.0,0.9,19,47.08,-16.92,-1.27
1,2,0.9,0.0,1.2,3,47.1,-16.9,-1.27
1,2,0.9,0.0,1.2,7,47.08,-17.04,-1.28
1,2,0.9,0.0,1.2,11,47.08,-17.06,-1.28
1,2,0.9,0.0,1.2,15,47.08,-17.06,-1.28
1,2,0.9,0.0,1.2,19,47.08,-16.92,-1.27
1,2,0.9,0.0,1.5,3,47.1,-16.9,-1.27
1,2,0.9,0.0,1.5,7,47.08,-17.04,-1.28
1,2,0.9,0.0,1.5,11,47.08,-17.06,-1.28
1,2,0.9,0.0,1.5,15,47.08,-17.06,-1.28
1,2,0.9,0.0,1.5,19,47.08,-16.92,-1.27
1,2,0.9,0.0,1.8,3,47.1,-16.9,-1.27
1,2,0.9,0.0,1.8,7,47.08,-17.04,-1.28
1,2,0.9,0.0,1.8,11,47.08,-17.06,-1.28
1,2,0.9,0.0,1.8,15,47.08,-17.06,-1.28
1,2,0.9,0.0,1.8,19,47.08,-16.92,-1.27
1,2,0.9,0.0,2.1,3,47.1,-16.9,-1.27
1,2,0.9,0.0,2.1,7,47.08,-17.04,-1.28
1,2,0.9,0.0,2.1,11,47.08,-17.06,-1.28
1,2,0.9,0.0,2.1,15,47.08,-17.06,-1.28
1,2,0.9,0.0,2.1,19,47.08,-16.92,-1.27
1,2,0.9,0.3,0.0,3,38.48,-25.71,-1.93
1,2,0.9,0.3,0.0,7,38.18,-25.99,-1.96
1,2,0.9,0.3,0.0,11,37.99,-25.81,-1.94
1,2,0.9,0.3,0.0,15,37.93,-25.59,-1.92
1,2,0.9,0.3,0.0,19,37.77,-26.68,-2.02
1,2,0.9,0.3,0.3,3,38.48,-25.71,-1.93
1,2,0.9,0.3,0.3,7,38.18,-25.99,-1.96
1,2,0.9,0.3,0.3,11,37.99,-25.81,-1.94
1,2,0.9,0.3,0.3,15,37.93,-25.59,-1.92
1,2,0.9,0.3,0.3,19,37.77,-26.68,-2.02
1,2,0.9,0.3,0.6,3,38.48,-25.71,-1.93
1,2,0.9,0.3,0.6,7,38.18,-25.99,-1.96
1,2,0.9,0.3,0.6,11,37.99,-25.81,-1.94
1,2,0.9,0.3,0.6,15,37.93,-25.59,-1.92
1,2,0.9,0.3,0.6,19,37.77,-26.68,-2.02
1,2,0.9,0.3,0.9,3,38.48,-25.71,-1.93
1,2,0.9,0.3,0.9,7,38.18,-25.99,-1.96
1,2,0.9,0.3,0.9,11,37.99,-25.81,-1.94
1,2,0.9,0.3,0.9,15,37.93,-25.59,-1.92
1,2,0.9,0.3,0.9,19,37.77,-26.68,-2.02
1,2,0.9,0.3,1.2,3,38.48,-25.71,-1.93
1,2,0.9,0.3,1.2,7,38.18,-25.99,-1.96
1,2,0.9,0.3,1.2,11,37.99,-25.81,-1.94
1,2,0.9,0.3,1.2,15,37.93,-25.59,-1.92
1,2,0.9,0.3,1.2,19,37.77,-26.68,-2.02
1,2,0.9,0.3,1.5,3,38.48,-25.71,-1.93
1,2,0.9,0.3,1.5,7,38.18,-25.99,-1.96
1,2,0.9,0.3,1.5,11,37.99,-25.81,-1.94
1,2,0.9,0.3,1.5,15,37.93,-25.59,-1.92
1,2,0.9,0.3,1.5,19,37.77,-26.68,-2.02
1,2,0.9,0.3,1.8,3,38.48,-25.71,-1.93
1,2,0.9,0.3,1.8,7,38.18,-25.99,-1.96
1,2,0.9,0.3,1.8,11,37.99,-25.81,-1.94
1,2,0.9,0.3,1.8,15,37.93,-25.59,-1.92
1,2,0.9,0.3,1.8,19,37.77,-26.68,-2.02
1,2,0.9,0.3,2.1,3,38.48,-25.71,-1.93
1,2,0.9,0.3,2.1,7,38.18,-25.99,-1.96
1,2,0.9,0.3,2.1,11,37.99,-25.81,-1.94
1,2,0.9,0.3,2.1,15,37.93,-25.59,-1.92
1,2,0.9,0.3,2.1,19,37.77,-26.68,-2.02
1,2,0.9,0.6,0.0,3,34.48,-21.66,-1.47
1,2,0.9,0.6,0.0,7,34.26,-23.85,-1.65
1,2,0.9,0.6,0.0,11,34.2,-21.72,-1.47
1,2,0.9,0.6,0.0,15,34.17,-22.89,-1.58
1,2,0.9,0.6,0.0,19,34.2,-22.46,-1.54
1,2,0.9,0.6,0.3,3,34.48,-21.66,-1.47
1,2,0.9,0.6,0.3,7,34.26,-23.85,-1.65
1,2,0.9,0.6,0.3,11,34.2,-21.72,-1.47
1,2,0.9,0.6,0.3,15,34.17,-22.89,-1.58
1,2,0.9,0.6,0.3,19,34.2,-22.46,-1.54
1,2,0.9,0.6,0.6,3,34.48,-21.66,-1.47
1,2,0.9,0.6,0.6,7,34.26,-23.85,-1.65
1,2,0.9,0.6,0.6,11,34.2,-21.72,-1.47
1,2,0.9,0.6,0.6,15,34.17,-22.89,-1.58
1,2,0.9,0.6,0.6,19,34.2,-22.46,-1.54
1,2,0.9,0.6,0.9,3,34.48,-21.66,-1.47
1,2,0.9,0.6,0.9,7,34.26,-23.85,-1.65
1,2,0.9,0.6,0.9,11,34.2,-21.72,-1.47
1,2,0.9,0.6,0.9,15,34.17,-22.89,-1.58
1,2,0.9,0.6,0.9,19,34.2,-22.46,-1.54
1,2,0.9,0.6,1.2,3,34.48,-21.66,-1.47
1,2,0.9,0.6,1.2,7,34.26,-23.85,-1.65
1,2,0.9,0.6,1.2,11,34.2,-21.72,-1.47
1,2,0.9,0.6,1.2,15,34.17,-22.89,-1.58
1,2,0.9,0.6,1.2,19,34.2,-22.46,-1.54
1,2,0.9,0.6,1.5,3,34.48,-21.66,-1.47
1,2,0.9,0.6,1.5,7,34.26,-23.85,-1.65
1,2,0.9,0.6,1.5,11,34.2,-21.72,-1.47
1,2,0.9,0.6,1.5,15,34.17,-22.89,-1.58
1,2,0.9,0.6,1.5,19,34.2,-22.46,-1.54
1,2,0.9,0.6,1.8,3,34.48,-21.66,-1.47
1,2,0.9,0.6,1.8,7,34.26,-23.85,-1.65
1,2,0.9,0.6,1.8,11,34.2,-21.72,-1.47
1,2,0.9,0.6,1.8,15,34.17,-22.89,-1.58
1,2,0.9,0.6,1.8,19,34.2,-22.46,-1.54
1,2,0.9,0.6,2.1,3,34.48,-21.66,-1.47
1,2,0.9,0.6,2.1,7,34.26,-23.85,-1.65
1,2,0.9,0.6,2.1,11,34.2,-21.72,-1.47
1,2,0.9,0.6,2.1,15,34.17,-22.89,-1.58
1,2,0.9,0.6,2.1,19,34.2,-22.46,-1.54
1,2,0.9,0.9,0.0,3,33.24,-19.94,-1.27
1,2,0.9,0.9,0.0,7,33.0,-22.06,-1.42
1,2,0.9,0.9,0.0,11,32.98,-20.97,-1.34
1,2,0.9,0.9,0.0,15,32.96,-19.56,-1.22
1,2,0.9,0.9,0.0,19,32.92,-19.8,-1.24
1,2,0.9,0.9,0.3,3,33.24,-19.94,-1.27
1,2,0.9,0.9,0.3,7,33.0,-22.06,-1.42
1,2,0.9,0.9,0.3,11,32.98,-20.97,-1.34
1,2,0.9,0.9,0.3,15,32.96,-19.56,-1.22
1,2,0.9,0.9,0.3,19,32.92,-19.8,-1.24
1,2,0.9,0.9,0.6,3,33.24,-19.94,-1.27
1,2,0.9,0.9,0.6,7,33.0,-22.06,-1.42
1,2,0.9,0.9,0.6,11,32.98,-20.97,-1.34
1,2,0.9,0.9,0.6,15,32.96,-19.56,-1.22
1,2,0.9,0.9,0.6,19,32.92,-19.8,-1.24
1,2,0.9,0.9,0.9,3,33.24,-19.94,-1.27
1,2,0.9,0.9,0.9,7,33.0,-22.06,-1.42
1,2,0.9,0.9,0.9,11,32.98,-20.97,-1.34
1,2,0.9,0.9,0.9,15,32.96,-19.56,-1.22
1,2,0.9,0.9,0.9,19,32.92,-19.8,-1.24
1,2,0.9,0.9,1.2,3,33.24,-19.94,-1.27
1,2,0.9,0.9,1.2,7,33.0,-22.06,-1.42
1,2,0.9,0.9,1.2,11,32.98,-20.97,-1.34
1,2,0.9,0.9,1.2,15,32.96,-19.56,-1.22
1,2,0.9,0.9,1.2,19,32.92,-19.8,-1.24
1,2,0.9,0.9,1.5,3,33.24,-19.94,-1.27
1,2,0.9,0.9,1.5,7,33.0,-22.06,-1.42
1,2,0.9,0.9,1.5,11,32.98,-20.97,-1.34
1,2,0.9,0.9,1.5,15,32.96,-19.56,-1.22
1,2,0.9,0.9,1.5,19,32.92,-19.8,-1.24
1,2,0.9,0.9,1.8,3,33.24,-19.94,-1.27
1,2,0.9,0.9,1.8,7,33.0,-22.06,-1.42
1,2,0.9,0.9,1.8,11,32.98,-20.97,-1.34
1,2,0.9,0.9,1.8,15,32.96,-19.56,-1.22
1,2,0.9,0.9,1.8,19,32.92,-19.8,-1.24
1,2,0.9,0.9,2.1,3,33.24,-19.94,-1.27
1,2,0.9,0.9,2.1,7,33.0,-22.06,-1.42
1,2,0.9,0.9,2.1,11,32.98,-20.97,-1.34
1,2,0.9,0.9,2.1,15,32.96,-19.56,-1.22
1,2,0.9,0.9,2.1,19,32.92,-19.8,-1.24
1,2,0.9,1.2,0.0,3,32.46,-28.4,-1.89
1,2,0.9,1.2,0.0,7,32.4,-24.18,-1.54
1,2,0.9,1.2,0.0,11,32.45,-21.79,-1.36
1,2,0.9,1.2,0.0,15,32.41,-22.72,-1.43
1,2,0.9,1.2,0.0,19,32.45,-19.02,-1.14
1,2,0.9,1.2,0.3,3,32.46,-28.4,-1.89
1,2,0.9,1.2,0.3,7,32.4,-24.18,-1.54
1,2,0.9,1.2,0.3,11,32.45,-21.79,-1.36
1,2,0.9,1.2,0.3,15,32.41,-22.72,-1.43
1,2,0.9,1.2,0.3,19,32.45,-19.02,-1.14
1,2,0.9,1.2,0.6,3,32.46,-28.4,-1.89
1,2,0.9,1.2,0.6,7,32.4,-24.18,-1.54
1,2,0.9,1.2,0.6,11,32.45,-21.79,-1.36
1,2,0.9,1.2,0.6,15,32.41,-22.72,-1.43
1,2,0.9,1.2,0.6,19,32.45,-19.02,-1.14
1,2,0.9,1.2,0.9,3,32.46,-28.4,-1.89
1,2,0.9,1.2,0.9,7,32.4,-24.18,-1.54
1,2,0.9,1.2,0.9,11,32.45,-21.79,-1.36
1,2,0.9,1.2,0.9,15,32.41,-22.72,-1.43
1,2,0.9,1.2,0.9,19,32.45,-19.02,-1.14
1,2,0.9,1.2,1.2,3,32.46,-28.4,-1.89
1,2,0.9,1.2,1.2,7,32.4,-24.18,-1.54
1,2,0.9,1.2,1.2,11,32.45,-21.79,-1.36
1,2,0.9,1.2,1.2,15,32.41,-22.72,-1.43
1,2,0.9,1.2,1.2,19,32.45,-19.02,-1.14
1,2,0.9,1.2,1.5,3,32.46,-28.4,-1.89
1,2,0.9,1.2,1.5,7,32.4,-24.18,-1.54
1,2,0.9,1.2,1.5,11,32.45,-21.79,-1.36
1,2,0.9,1.2,1.5,15,32.41,-22.72,-1.43
1,2,0.9,1.2,1.5,19,32.45,-19.02,-1.14
1,2,0.9,1.2,1.8,3,32.46,-28.4,-1.89
1,2,0.9,1.2,1.8,7,32.4,-24.18,-1.54
1,2,0.9,1.2,1.8,11,32.45,-21.79,-1.36
1,2,0.9,1.2,1.8,15,32.41,-22.72,-1.43
1,2,0.9,1.2,1.8,19,32.45,-19.02,-1.14
1,2,0.9,1.2,2.1,3,32.46,-28.4,-1.89
1,2,0.9,1.2,2.1,7,32.4,-24.18,-1.54
1,2,0.9,1.2,2.1,11,32.45,-21.79,-1.36
1,2,0.9,1.2,2.1,15,32.41,-22.72,-1.43
1,2,0.9,1.2,2.1,19,32.45,-19.02,-1.14
1,2,0.9,1.5,0.0,3,32.26,-24.69,-1.55
1,2,0.9,1.5,0.0,7,32.25,-20.43,-1.22
1,2,0.9,1.5,0.0,11,32.25,-15.22,-0.83
1,2,0.9,1.5,0.0,15,32.25,-14.88,-0.81
1,2,0.9,1.5,0.0,19,32.25,-15.23,-0.83
1,2,0.9,1.5,0.3,3,32.26,-24.69,-1.55
1,2,0.9,1.5,0.3,7,32.25,-20.43,-1.22
1,2,0.9,1.5,0.3,11,32.25,-15.22,-0.83
1,2,0.9,1.5,0.3,15,32.25,-14.88,-0.81
1,2,0.9,1.5,0.3,19,32.25,-15.23,-0.83
1,2,0.9,1.5,0.6,3,32.26,-24.69,-1.55
1,2,0.9,1.5,0.6,7,32.25,-20.43,-1.22
1,2,0.9,1.5,0.6,11,32.25,-15.22,-0.83
1,2,0.9,1.5,0.6,15,32.25,-14.88,-0.81
1,2,0.9,1.5,0.6,19,32.25,-15.23,-0.83
1,2,0.9,1.5,0.9,3,32.26,-24.69,-1.55
1,2,0.9,1.5,0.9,7,32.25,-20.43,-1.22
1,2,0.9,1.5,0.9,11,32.25,-15.22,-0.83
1,2,0.9,1.5,0.9,15,32.25,-14.88,-0.81
1,2,0.9,1.5,0.9,19,32.25,-15.23,-0.83
1,2,0.9,1.5,1.2,3,32.26,-24.69,-1.55
1,2,0.9,1.5,1.2,7,32.25,-20.43,-1.22
1,2,0.9,1.5,1.2,11,32.25,-15.22,-0.83
1,2,0.9,1.5,1.2,15,32.25,-14.88,-0.81
1,2,0.9,1.5,1.2,19,32.25,-15.23,-0.83
1,2,0.9,1.5,1.5,3,32.26,-24.69,-1.55
1,2,0.9,1.5,1.5,7,32.25,-20.43,-1.22
1,2,0.9,1.5,1.5,11,32.25,-15.22,-0.83
1,2,0.9,1.5,1.5,15,32.25,-14.88,-0.81
1,2,0.9,1.5,1.5,19,32.25,-15.23,-0.83
1,2,0.9,1.5,1.8,3,32.26,-24.69,-1.55
1,2,0.9,1.5,1.8,7,32.25,-20.43,-1.22
1,2,0.9,1.5,1.8,11,32.25,-15.22,-0.83
1,2,0.9,1.5,1.8,15,32.25,-14.88,-0.81
1,2,0.9,1.5,1.8,19,32.25,-15.23,-0.83
1,2,0.9,1.5,2.1,3,32.26,-24.69,-1.55
1,2,0.9,1.5,2.1,7,32.25,-20.43,-1.22
1,2,0.9,1.5,2.1,11,32.25,-15.22,-0.83
1,2,0.9,1.5,2.1,15,32.25,-14.88,-0.81
1,2,0.9,1.5,2.1,19,32.25,-15.23,-0.83
1,2,0.9,1.8,0.0,3,32.18,-16.38,-0.9
1,2,0.9,1.8,0.0,7,32.15,-13.95,-0.73
1,2,0.9,1.8,0.0,11,32.11,-13.38,-0.69
1,2,0.9,1.8,0.0,15,32.13,-12.01,-0.6
1,2,0.9,1.8,0.0,19,32.13,-10.81,-0.52
1,2,0.9,1.8,0.3,3,32.18,-16.38,-0.9
1,2,0.9,1.8,0.3,7,32.15,-13.95,-0.73
1,2,0.9,1.8,0.3,11,32.11,-13.38,-0.69
1,2,0.9,1.8,0.3,15,32.13,-12.01,-0.6
1,2,0.9,1.8,0.3,19,32.13,-10.81,-0.52
1,2,0.9,1.8,0.6,3,32.18,-16.38,-0.9
1,2,0.9,1.8,0.6,7,32.15,-13.95,-0.73
1,2,0.9,1.8,0.6,11,32.11,-13.38,-0.69
1,2,0.9,1.8,0.6,15,32.13,-12.01,-0.6
1,2,0.9,1.8,0.6,19,32.13,-10.81,-0.52
1,2,0.9,1.8,0.9,3,32.18,-16.38,-0.9
1,2,0.9,1.8,0.9,7,32.15,-13.95,-0.73
1,2,0.9,1.8,0.9,11,32.11,-13.38,-0.69
1,2,0.9,1.8,0.9,15,32.13,-12.01,-0.6
1,2,0.9,1.8,0.9,19,32.13,-10.81,-0.52
1,2,0.9,1.8,1.2,3,32.18,-16.38,-0.9
1,2,0.9,1.8,1.2,7,32.15,-13.95,-0.73
1,2,0.9,1.8,1.2,11,32.11,-13.38,-0.69
1,2,0.9,1.8,1.2,15,32.13,-12.01,-0.6
1,2,0.9,1.8,1.2,19,32.13,-10.81,-0.52
1,2,0.9,1.8,1.5,3,32.18,-16.38,-0.9
1,2,0.9,1.8,1.5,7,32.15,-13.95,-0.73
1,2,0.9,1.8,1.5,11,32.11,-13.38,-0.69
1,2,0.9,1.8,1.5,15,32.13,-12.01,-0.6
1,2,0.9,1.8,1.5,19,32.13,-10.81,-0.52
1,2,0.9,1.8,1.8,3,32.18,-16.38,-0.9
1,2,0.9,1.8,1.8,7,32.15,-13.95,-0.73
1,2,0.9,1.8,1.8,11,32.11,-13.38,-0.69
1,2,0.9,1.8,1.8,15,32.13,-12.01,-0.6
1,2,0.9,1.8,1.8,19,32.13,-10.81,-0.52
1,2,0.9,1.8,2.1,3,32.18,-16.38,-0.9
1,2,0.9,1.8,2.1,7,32.15,-13.95,-0.73
1,2,0.9,1.8,2.1,11,32.11,-13.38,-0.69
1,2,0.9,1.8,2.1,15,32.13,-12.01,-0.6
1,2,0.9,1.8,2.1,19,32.13,-10.81,-0.52
1,2,0.9,2.1,0.0,3,32.15,-11.66,-0.57
1,2,0.9,2.1,0.0,7,32.1,-14.48,-0.76
1,2,0.9,2.1,0.0,11,32.1,-17.45,-0.97
1,2,0.9,2.1,0.0,15,32.1,-16.33,-0.89
1,2,0.9,2.1,0.0,19,32.1,-15.64,-0.84
1,2,0.9,2.1,0.3,3,32.15,-11.66,-0.57
1,2,0.9,2.1,0.3,7,32.1,-14.48,-0.76
1,2,0.9,2.1,0.3,11,32.1,-17.45,-0.97
1,2,0.9,2.1,0.3,15,32.1,-16.33,-0.89
1,2,0.9,2.1,0.3,19,32.1,-15.64,-0.84
1,2,0.9,2.1,0.6,3,32.15,-11.66,-0.57
1,2,0.9,2.1,0.6,7,32.1,-14.48,-0.76
1,2,0.9,2.1,0.6,11,32.1,-17.45,-0.97
1,2,0.9,2.1,0.6,15,32.1,-16.33,-0.89
1,2,0.9,2.1,0.6,19,32.1,-15.64,-0.84
1,2,0.9,2.1,0.9,3,32.15,-11.66,-0.57
1,2,0.9,2.1,0.9,7,32.1,-14.48,-0.76
1,2,0.9,2.1,0.9,11,32.1,-17.45,-0.97
1,2,0.9,2.1,0.9,15,32.1,-16.33,-0.89
1,2,0.9,2.1,0.9,19,32.1,-15.64,-0.84
1,2,0.9,2.1,1.2,3,32.15,-11.66,-0.57
1,2,0.9,2.1,1.2,7,32.1,-14.48,-0.76
1,2,0.9,2.1,1.2,11,32.1,-17.45,-0.97
1,2,0.9,2.1,1.2,15,32.1,-16.33,-0.89
1,2,0.9,2.1,1.2,19,32.1,-15.64,-0.84
1,2,0.9,2.1,1.5,3,32.15,-11.66,-0.57
1,2,0.9,2.1,1.5,7,32.1,-14.48,-0.76
1,2,0.9,2.1,1.5,11,32.1,-17.45,-0.97
1,2,0.9,2.1,1.5,15,32.1,-16.33,-0.89
1,2,0.9,2.1,1.5,19,32.1,-15.64,-0.84
1,2,0.9,2.1,1.8,3,32.15,-11.66,-0.57
1,2,0.9,2.1,1.8,7,32.1,-14.48,-0.76
1,2,0.9,2.1,1.8,11,32.1,-17.45,-0.97
1,2,0.9,2.1,1.8,15,32.1,-16.33,-0.89
1,2,0.9,2.1,1.8,19,32.1,-15.64,-0.84
1,2,0.9,2.1,2.1,3,32.15,-11.66,-0.57
1,2,0.9,2.1,2.1,7,32.1,-14.48,-0.76
1,2,0.9,2.1,2.1,11,32.1,-17.45,-0.97
1,2,0.9,2.1,2.1,15,32.1,-16.33,-0.89
1,2,0.9,2.1,2.1,19,32.1,-15.64,-0.84
1,2,1.2,0.0,0.0,3,47.1,-16.9,-1.27
1,2,1.2,0.0,0.0,7,47.08,-17.04,-1.28
1,2,1.2,0.0,0.0,11,47.08,-17.06,-1.28
1,2,1.2,0.0,0.0,15,47.08,-17.06,-1.28
1,2,1.2,0.0,0.0,19,47.08,-16.92,-1.27
1,2,1.2,0.0,0.3,3,47.1,-16.9,-1.27
1,2,1.2,0.0,0.3,7,47.08,-17.04,-1.28
1,2,1.2,0.0,0.3,11,47.08,-17.06,-1.28
1,2,1.2,0.0,0.3,15,47.08,-17.06,-1.28
1,2,1.2,0.0,0.3,19,47.08,-16.92,-1.27
1,2,1.2,0.0,0.6,3,47.1,-16.9,-1.27
1,2,1.2,0.0,0.6,7,47.08,-17.04,-1.28
1,2,1.2,0.0,0.6,11,47.08,-17.06,-1.28
1,2,1.2,0.0,0.6,15,47.08,-17.06,-1.28
1,2,1.2,0.0,0.6,19,47.08,-16.92,-1.27
1,2,1.2,0.0,0.9,3,47.1,-16.9,-1.27
1,2,1.2,0.0,0.9,7,47.08,-17.04,-1.28
1,2,1.2,0.0,0.9,11,47.08,-17.06,-1.28
1,2,1.2,0.0,0.9,15,47.08,-17.06,-1.28
1,2,1.2,0.0,0.9,19,47.08,-16.92,-1.27
1,2,1.2,0.0,1.2,3,47.1,-16.9,-1.27
1,2,1.2,0.0,1.2,7,47.08,-17.04,-1.28
1,2,1.2,0.0,1.2,11,47.08,-17.06,-1.28
1,2,1.2,0.0,1.2,15,47.08,-17.06,-1.28
1,2,1.2,0.0,1.2,19,47.08,-16.92,-1.27
1,2,1.2,0.0,1.5,3,47.1,-16.9,-1.27
1,2,1.2,0.0,1.5,7,47.08,-17.04,-1.28
1,2,1.2,0.0,1.5,11,47.08,-17.06,-1.28
1,2,1.2,0.0,1.5,15,47.08,-17.06,-1.28
1,2,1.2,0.0,1.5,19,47.08,-16.92,-1.27
1,2,1.2,0.0,1.8,3,47.1,-16.9,-1.27
1,2,1.2,0.0,1.8,7,47.08,-17.04,-1.28
1,2,1.2,0.0,1.8,11,47.08,-17.06,-1.28
1,2,1.2,0.0,1.8,15,47.08,-17.06,-1.28
1,2,1.2,0.0,1.8,19,47.08,-16.92,-1.27
1,2,1.2,0.0,2.1,3,47.1,-16.9,-1.27
1,2,1.2,0.0,2.1,7,47.08,-17.04,-1.28
1,2,1.2,0.0,2.1,11,47.08,-17.06,-1.28
1,2,1.2,0.0,2.1,15,47.08,-17.06,-1.28
1,2,1.2,0.0,2.1,19,47.08,-16.92,-1.27
1,2,1.2,0.3,0.0,3,38.48,-25.71,-1.93
1,2,1.2,0.3,0.0,7,38.18,-25.99,-1.96
1,2,1.2,0.3,0.0,11,37.99,-25.81,-1.94
1,2,1.2,0.3,0.0,15,37.93,-25.59,-1.92
1,2,1.2,0.3,0.0,19,37.77,-26.68,-2.02
1,2,1.2,0.3,0.3,3,38.48,-25.71,-1.93
1,2,1.2,0.3,0.3,7,38.18,-25.99,-1.96
1,2,1.2,0.3,0.3,11,37.99,-25.81,-1.94
1,2,1.2,0.3,0.3,15,37.93,-25.59,-1.92
1,2,1.2,0.3,0.3,19,37.77,-26.68,-2.02
1,2,1.2,0.3,0.6,3,38.48,-25.71,-1.93
1,2,1.2,0.3,0.6,7,38.18,-25.99,-1.96
1,2,1.2,0.3,0.6,11,37.99,-25.81,-1.94
1,2,1.2,0.3,0.6,15,37.93,-25.59,-1.92
1,2,1.2,0.3,0.6,19,37.77,-26.68,-2.02
1,2,1.2,0.3,0.9,3,38.48,-25.71,-1.93
1,2,1.2,0.3,0.9,7,38.18,-25.99,-1.96
1,2,1.2,0.3,0.9,11,37.99,-25.81,-1.94
1,2,1.2,0.3,0.9,15,37.93,-25.59,-1.92
1,2,1.2,0.3,0.9,19,37.77,-26.68,-2.02
1,2,1.2,0.3,1.2,3,38.48,-25.71,-1.93
1,2,1.2,0.3,1.2,7,38.18,-25.99,-1.96
1,2,1.2,0.3,1.2,11,37.99,-25.81,-1.94
1,2,1.2,0.3,1.2,15,37.93,-25.59,-1.92
1,2,1.2,0.3,1.2,19,37.77,-26.68,-2.02
1,2,1.2,0.3,1.5,3,38.48,-25.71,-1.93
1,2,1.2,0.3,1.5,7,38.18,-25.99,-1.96
1,2,1.2,0.3,1.5,11,37.99,-25.81,-1.94
1,2,1.2,0.3,1.5,15,37.93,-25.59,-1.92
1,2,1.2,0.3,1.5,19,37.77,-26.68,-2.02
1,2,1.2,0.3,1.8,3,38.48,-25.71,-1.93
1,2,1.2,0.3,1.8,7,38.18,-25.99,-1.96
1,2,1.2,0.3,1.8,11,37.99,-25.81,-1.94
1,2,1.2,0.3,1.8,15,37.93,-25.59,-1.92
1,2,1.2,0.3,1.8,19,37.77,-26.68,-2.02
1,2,1.2,0.3,2.1,3,38.48,-25.71,-1.93
1,2,1.2,0.3,2.1,7,38.18,-25.99,-1.96
1,2,1.2,0.3,2.1,11,37.99,-25.81,-1.94
1,2,1.2,0.3,2.1,15,37.93,-25.59,-1.92
1,2,1.2,0.3,2.1,19,37.77,-26.68,-2.02
1,2,1.2,0.6,0.0,3,34.48,-21.66,-1.47
1,2,1.2,0.6,0.0,7,34.26,-23.85,-1.65
1,2,1.2,0.6,0.0,11,34.2,-21.72,-1.47
1,2,1.2,0.6,0.0,15,34.17,-22.89,-1.58
1,2,1.2,0.6,0.0,19,34.2,-22.46,-1.54
1,2,1.2,0.6,0.3,3,34.48,-21.66,-1.47
1,2,1.2,0.6,0.3,7,34.26,-23.85,-1.65
1,2,1.2,0.6,0.3,11,34.2,-21.72,-1.47
1,2,1.2,0.6,0.3,15,34.17,-22.89,-1.58
1,2,1.2,0.6,0.3,19,34.2,-22.46,-1.54
1,2,1.2,0.6,0.6,3,34.48,-21.66,-1.47
1,2,1.2,0.6,0.6,7,34.26,-23.85,-1.65
1,2,1.2,0.6,0.6,11,34.2,-21.72,-1.47
1,2,1.2,0.6,0.6,15,34.17,-22.89,-1.58
1,2,1.2,0.6,0.6,19,34.2,-22.46,-1.54
1,2,1.2,0.6,0.9,3,34.48,-21.66,-1.47
1,2,1.2,0.6,0.9,7,34.26,-23.85,-1.65
1,2,1.2,0.6,0.9,11,34.2,-21.72,-1.47
1,2,1.2,0.6,0.9,15,34.17,-22.89,-1.58
1,2,1.2,0.6,0.9,19,34.2,-22.46,-1.54
1,2,1.2,0.6,1.2,3,34.48,-21.66,-1.47
1,2,1.2,0.6,1.2,7,34.26,-23.85,-1.65
1,2,1.2,0.6,1.2,11,34.2,-21.72,-1.47
1,2,1.2,0.6,1.2,15,34.17,-22.89,-1.58
1,2,1.2,0.6,1.2,19,34.2,-22.46,-1.54
1,2,1.2,0.6,1.5,3,34.48,-21.66,-1.47
1,2,1.2,0.6,1.5,7,34.26,-23.85,-1.65
1,2,1.2,0.6,1.5,11,34.2,-21.72,-1.47
1,2,1.2,0.6,1.5,15,34.17,-22.89,-1.58
1,2,1.2,0.6,1.5,19,34.2,-22.46,-1.54
1,2,1.2,0.6,1.8,3,34.48,-21.66,-1.47
1,2,1.2,0.6,1.8,7,34.26,-23.85,-1.65
1,2,1.2,0.6,1.8,11,34.2,-21.72,-1.47
1,2,1.2,0.6,1.8,15,34.17,-22.89,-1.58
1,2,1.2,0.6,1.8,19,34.2,-22.46,-1.54
1,2,1.2,0.6,2.1,3,34.48,-21.66,-1.47
1,2,1.2,0.6,2.1,7,34.26,-23.85,-1.65
1,2,1.2,0.6,2.1,11,34.2,-21.72,-1.47
1,2,1.2,0.6,2.1,15,34.17,-22.89,-1.58
1,2,1.2,0.6,2.1,19,34.2,-22.46,-1.54
1,2,1.2,0.9,0.0,3,33.24,-19.94,-1.27
1,2,1.2,0.9,0.0,7,33.0,-22.06,-1.42
1,2,1.2,0.9,0.0,11,32.98,-20.97,-1.34
1,2,1.2,0.9,0.0,15,32.96,-19.56,-1.22
1,2,1.2,0.9,0.0,19,32.92,-19.8,-1.24
1,2,1.2,0.9,0.3,3,33.24,-19.94,-1.27
1,2,1.2,0.9,0.3,7,33.0,-22.06,-1.42
1,2,1.2,0.9,0.3,11,32.98,-20.97,-1.34
1,2,1.2,0.9,0.3,15,32.96,-19.56,-1.22
1,2,1.2,0.9,0.3,19,32.92,-19.8,-1.24
1,2,1.2,0.9,0.6,3,33.24,-19.94,-1.27
1,2,1.2,0.9,0.6,7,33.0,-22.06,-1.42
1,2,1.2,0.9,0.6,11,32.98,-20.97,-1.34
1,2,1.2,0.9,0.6,15,32.96,-19.56,-1.22
1,2,1.2,0.9,0.6,19,32.92,-19.8,-1.24
1,2,1.2,0.9,0.9,3,33.24,-19.94,-1.27
1,2,1.2,0.9,0.9,7,33.0,-22.06,-1.42
1,2,1.2,0.9,0.9,11,32.98,-20.97,-1.34
1,2,1.2,0.9,0.9,15,32.96,-19.56,-1.22
1,2,1.2,0.9,0.9,19,32.92,-19.8,-1.24
1,2,1.2,0.9,1.2,3,33.24,-19.94,-1.27
1,2,1.2,0.9,1.2,7,33.0,-22.06,-1.42
1,2,1.2,0.9,1.2,11,32.98,-20.97,-1.34
1,2,1.2,0.9,1.2,15,32.96,-19.56,-1.22
1,2,1.2,0.9,1.2,19,32.92,-19.8,-1.24
1,2,1.2,0.9,1.5,3,33.24,-19.94,-1.27
1,2,1.2,0.9,1.5,7,33.0,-22.06,-1.42
1,2,1.2,0.9,1.5,11,32.98,-20.97,-1.34
1,2,1.2,0.9,1.5,15,32.96,-19.56,-1.22
1,2,1.2,0.9,1.5,19,32.92,-19.8,-1.24
1,2,1.2,0.9,1.8,3,33.24,-19.94,-1.27
1,2,1.2,0.9,1.8,7,33.0,-22.06,-1.42
1,2,1.2,0.9,1.8,11,32.98,-20.97,-1.34
1,2,1.2,0.9,1.8,15,32.96,-19.56,-1.22
1,2,1.2,0.9,1.8,19,32.92,-19.8,-1.24
1,2,1.2,0.9,2.1,3,33.24,-19.94,-1.27
1,2,1.2,0.9,2.1,7,33.0,-22.06,-1.42
1,2,1.2,0.9,2.1,11,32.98,-20.97,-1.34
1,2,1.2,0.9,2.1,15,32.96,-19.56,-1.22
1,2,1.2,0.9,2.1,19,32.92,-19.8,-1.24
1,2,1.2,1.2,0.0,3,32.46,-28.4,-1.89
1,2,1.2,1.2,0.0,7,32.4,-24.18,-1.54
1,2,1.2,1.2,0.0,11,32.45,-21.79,-1.36
1,2,1.2,1.2,0.0,15,32.41,-22.72,-1.43
1,2,1.2,1.2,0.0,19,32.45,-19.02,-1.14
1,2,1.2,1.2,0.3,3,32.46,-28.4,-1.89
1,2,1.2,1.2,0.3,7,32.4,-24.18,-1.54
1,2,1.2,1.2,0.3,11,32.45,-21.79,-1.36
1,2,1.2,1.2,0.3,15,32.41,-22.72,-1.43
1,2,1.2,1.2,0.3,19,32.45,-19.02,-1.14
1,2,1.2,1.2,0.6,3,32.46,-28.4,-1.89
1,2,1.2,1.2,0.6,7,32.4,-24.18,-1.54
1,2,1.2,1.2,0.6,11,32.45,-21.79,-1.36
1,2,1.2,1.2,0.6,15,32.41,-22.72,-1.43
1,2,1.2,1.2,0.6,19,32.45,-19.02,-1.14
1,2,1.2,1.2,0.9,3,32.46,-28.4,-1.89
1,2,1.2,1.2,0.9,7,32.4,-24.18,-1.54
1,2,1.2,1.2,0.9,11,32.45,-21.79,-1.36
1,2,1.2,1.2,0.9,15,32.41,-22.72,-1.43
1,2,1.2,1.2,0.9,19,32.45,-19.02,-1.14
1,2,1.2,1.2,1.2,3,32.46,-28.4,-1.89
1,2,1.2,1.2,1.2,7,32.4,-24.18,-1.54
1,2,1.2,1.2,1.2,11,32.45,-21.79,-1.36
1,2,1.2,1.2,1.2,15,32.41,-22.72,-1.43
1,2,1.2,1.2,1.2,19,32.45,-19.02,-1.14
1,2,1.2,1.2,1.5,3,32.46,-28.4,-1.89
1,2,1.2,1.2,1.5,7,32.4,-24.18,-1.54
1,2,1.2,1.2,1.5,11,32.45,-21.79,-1.36
1,2,1.2,1.2,1.5,15,32.41,-22.72,-1.43
1,2,1.2,1.2,1.5,19,32.45,-19.02,-1.14
1,2,1.2,1.2,1.8,3,32.46,-28.4,-1.89
1,2,1.2,1.2,1.8,7,32.4,-24.18,-1.54
1,2,1.2,1.2,1.8,11,32.45,-21.79,-1.36
1,2,1.2,1.2,1.8,15,32.41,-22.72,-1.43
1,2,1.2,1.2,1.8,19,32.45,-19.02,-1.14
1,2,1.2,1.2,2.1,3,32.46,-28.4,-1.89
1,2,1.2,1.2,2.1,7,32.4,-24.18,-1.54
1,2,1.2,1.2,2.1,11,32.45,-21.79,-1.36
1,2,1.2,1.2,2.1,15,32.41,-22.72,-1.43
1,2,1.2,1.2,2.1,19,32.45,-19.02,-1.14
1,2,1.2,1.5,0.0,3,32.26,-24.69,-1.55
1,2,1.2,1.5,0.0,7,32.25,-20.43,-1.22
1,2,1.2,1.5,0.0,11,32.25,-15.22,-0.83
1,2,1.2,1.5,0.0,15,32.25,-14.88,-0.81
1,2,1.2,1.5,0.0,19,32.25,-15.23,-0.83
1,2,1.2,1.5,0.3,3,32.26,-24.69,-1.55
1,2,1.2,1.5,0.3,7,32.25,-20.43,-1.22
1,2,1.2,1.5,0.3,11,32.25,-15.22,-0.83
1,2,1.2,1.5,0.3,15,32.25,-14.88,-0.81
1,2,1.2,1.5,0.3,19,32.25,-15.23,-0.83
1,2,1.2,1.5,0.6,3,32.26,-24.69,-1.55
1,2,1.2,1.5,0.6,7,32.25,-20.43,-1.22
1,2,1.2,1.5,0.6,11,32.25,-15.22,-0.83
1,2,1.2,1.5,0.6,15,32.25,-14.88,-0.81
1,2,1.2,1.5,0.6,19,32.25,-15.23,-0.83
1,2,1.2,1.5,0.9,3,32.26,-24.69,-1.55
1,2,1.2,1.5,0.9,7,32.25,-20.43,-1.22
1,2,1.2,1.5,0.9,11,32.25,-15.22,-0.83
1,2,1.2,1.5,0.9,15,32.25,-14.88,-0.81
1,2,1.2,1.5,0.9,19,32.25,-15.23,-0.83
1,2,1.2,1.5,1.2,3,32.26,-24.69,-1.55
1,2,1.2,1.5,1.2,7,32.25,-20.43,-1.22
1,2,1.2,1.5,1.2,11,32.25,-15.22,-0.83
1,2,1.2,1.5,1.2,15,32.25,-14.88,-0.81
1,2,1.2,1.5,1.2,19,32.25,-15.23,-0.83
1,2,1.2,1.5,1.5,3,32.26,-24.69,-1.55
1,2,1.2,1.5,1.5,7,32.25,-20.43,-1.22
1,2,1.2,1.5,1.5,11,32.25,-15.22,-0.83
1,2,1.2,1.5,1.5,15,32.25,-14.88,-0.81
1,2,1.2,1.5,1.5,19,32.25,-15.23,-0.83
1,2,1.2,1.5,1.8,3,32.26,-24.69,-1.55
1,2,1.2,1.5,1.8,7,32.25,-20.43,-1.22
1,2,1.2,1.5,1.8,11,32.25,-15.22,-0.83
1,2,1.2,1.5,1.8,15,32.25,-14.88,-0.81
1,2,1.2,1.5,1.8,19,32.25,-15.23,-0.83
1,2,1.2,1.5,2.1,3,32.26,-24.69,-1.55
1,2,1.2,1.5,2.1,7,32.25,-20.43,-1.22
1,2,1.2,1.5,2.1,11,32.25,-15.22,-0.83
1,2,1.2,1.5,2.1,15,32.25,-14.88,-0.81
1,2,1.2,1.5,2.1,19,32.25,-15.23,-0.83
1,2,1.2,1.8,0.0,3,32.18,-16.38,-0.9
1,2,1.2,1.8,0.0,7,32.15,-13.95,-0.73
1,2,1.2,1.8,0.0,11,32.11,-13.38,-0.69
1,2,1.2,1.8,0.0,15,32.13,-12.01,-0.6
1,2,1.2,1.8,0.0,19,32.13,-10.81,-0.52
1,2,1.2,1.8,0.3,3,32.18,-16.38,-0.9
1,2,1.2,1.8,0.3,7,32.15,-13.95,-0.73
1,2,1.2,1.8,0.3,11,32.11,-13.38,-0.69
1,2,1.2,1.8,0.3,15,32.13,-12.01,-0.6
1,2,1.2,1.8,0.3,19,32.13,-10.81,-0.52
1,2,1.2,1.8,0.6,3,32.18,-16.38,-0.9
1,2,1.2,1.8,0.6,7,32.15,-13.95,-0.73
1,2,1.2,1.8,0.6,11,32.11,-13.38,-0.69
1,2,1.2,1.8,0.6,15,32.13,-12.01,-0.6
1,2,1.2,1.8,0.6,19,32.13,-10.81,-0.52
1,2,1.2,1.8,0.9,3,32.18,-16.38,-0.9
1,2,1.2,1.8,0.9,7,32.15,-13.95,-0.73
1,2,1.2,1.8,0.9,11,32.11,-13.38,-0.69
1,2,1.2,1.8,0.9,15,32.13,-12.01,-0.6
1,2,1.2,1.8,0.9,19,32.13,-10.81,-0.52
1,2,1.2,1.8,1.2,3,32.18,-16.38,-0.9
1,2,1.2,1.8,1.2,7,32.15,-13.95,-0.73
1,2,1.2,1.8,1.2,11,32.11,-13.38,-0.69
1,2,1.2,1.8,1.2,15,32.13,-12.01,-0.6
1,2,1.2,1.8,1.2,19,32.13,-10.81,-0.52
1,2,1.2,1.8,1.5,3,32.18,-16.38,-0.9
1,2,1.2,1.8,1.5,7,32.15,-13.95,-0.73
1,2,1.2,1.8,1.5,11,32.11,-13.38,-0.69
1,2,1.2,1.8,1.5,15,32.13,-12.01,-0.6
1,2,1.2,1.8,1.5,19,32.13,-10.81,-0.52
1,2,1.2,1.8,1.8,3,32.18,-16.38,-0.9
1,2,1.2,1.8,1.8,7,32.15,-13.95,-0.73
1,2,1.2,1.8,1.8,11,32.11,-13.38,-0.69
1,2,1.2,1.8,1.8,15,32.13,-12.01,-0.6
1,2,1.2,1.8,1.8,19,32.13,-10.81,-0.52
1,2,1.2,1.8,2.1,3,32.18,-16.38,-0.9
1,2,1.2,1.8,2.1,7,32.15,-13.95,-0.73
1,2,1.2,1.8,2.1,11,32.11,-13.38,-0.69
1,2,1.2,1.8,2.1,15,32.13,-12.01,-0.6
1,2,1.2,1.8,2.1,19,32.13,-10.81,-0.52
1,2,1.2,2.1,0.0,3,32.15,-11.66,-0.57
1,2,1.2,2.1,0.0,7,32.1,-14.48,-0.76
1,2,1.2,2.1,0.0,11,32.1,-17.45,-0.97
1,2,1.2,2.1,0.0,15,32.1,-16.33,-0.89
1,2,1.2,2.1,0.0,19,32.1,-15.64,-0.84
1,2,1.2,2.1,0.3,3,32.15,-11.66,-0.57
1,2,1.2,2.1,0.3,7,32.1,-14.48,-0.76
1,2,1.2,2.1,0.3,11,32.1,-17.45,-0.97
1,2,1.2,2.1,0.3,15,32.1,-16.33,-0.89
1,2,1.2,2.1,0.3,19,32.1,-15.64,-0.84
1,2,1.2,2.1,0.6,3,32.15,-11.66,-0.57
1,2,1.2,2.1,0.6,7,32.1,-14.48,-0.76
1,2,1.2,2.1,0.6,11,32.1,-17.45,-0.97
1,2,1.2,2.1,0.6,15,32.1,-16.33,-0.89
1,2,1.2,2.1,0.6,19,32.1,-15.64,-0.84
1,2,1.2,2.1,0.9,3,32.15,-11.66,-0.57
1,2,1.2,2.1,0.9,7,32.1,-14.48,-0.76
1,2,1.2,2.1,0.9,11,32.1,-17.45,-0.97
1,2,1.2,2.1,0.9,15,32.1,-16.33,-0.89
1,2,1.2,2.1,0.9,19,32.1,-15.64,-0.84
1,2,1.2,2.1,1.2,3,32.15,-11.66,-0.57
1,2,1.2,2.1,1.2,7,32.1,-14.48,-0.76
1,2,1.2,2.1,1.2,11,32.1,-17.45,-0.97
1,2,1.2,2.1,1.2,15,32.1,-16.33,-0.89
1,2,1.2,2.1,1.2,19,32.1,-15.64,-0.84
1,2,1.2,2.1,1.5,3,32.15,-11.66,-0.57
1,2,1.2,2.1,1.5,7,32.1,-14.48,-0.76
1,2,1.2,2.1,1.5,11,32.1,-17.45,-0.97
1,2,1.2,2.1,1.5,15,32.1,-16.33,-0.89
1,2,1.2,2.1,1.5,19,32.1,-15.64,-0.84
1,2,1.2,2.1,1.8,3,32.15,-11.66,-0.57
1,2,1.2,2.1,1.8,7,32.1,-14.48,-0.76
1,2,1.2,2.1,1.8,11,32.1,-17.45,-0.97
1,2,1.2,2.1,1.8,15,32.1,-16.33,-0.89
1,2,1.2,2.1,1.8,19,32.1,-15.64,-0.84
1,2,1.2,2.1,2.1,3,32.15,-11.66,-0.57
1,2,1.2,2.1,2.1,7,32.1,-14.48,-0.76
1,2,1.2,2.1,2.1,11,32.1,-17.45,-0.97
1,2,1.2,2.1,2.1,15,32.1,-16.33,-0.89
1,2,1.2,2.1,2.1,19,32.1,-15.64,-0.84
1,2,1.5,0.0,0.0,3,47.1,-16.9,-1.27
1,2,1.5,0.0,0.0,7,47.08,-17.04,-1.28
1,2,1.5,0.0,0.0,11,47.08,-17.06,-1.28
1,2,1.5,0.0,0.0,15,47.08,-17.06,-1.28
1,2,1.5,0.0,0.0,19,47.08,-16.92,-1.27
1,2,1.5,0.0,0.3,3,47.1,-16.9,-1.27
1,2,1.5,0.0,0.3,7,47.08,-17.04,-1.28
1,2,1.5,0.0,0.3,11,47.08,-17.06,-1.28
1,2,1.5,0.0,0.3,15,47.08,-17.06,-1.28
1,2,1.5,0.0,0.3,19,47.08,-16.92,-1.27
1,2,1.5,0.0,0.6,3,47.1,-16.9,-1.27
1,2,1.5,0.0,0.6,7,47.08,-17.04,-1.28
1,2,1.5,0.0,0.6,11,47.08,-17.06,-1.28
1,2,1.5,0.0,0.6,15,47.08,-17.06,-1.28
1,2,1.5,0.0,0.6,19,47.08,-16.92,-1.27
1,2,1.5,0.0,0.9,3,47.1,-16.9,-1.27
1,2,1.5,0.0,0.9,7,47.08,-17.04,-1.28
1,2,1.5,0.0,0.9,11,47.08,-17.06,-1.28
1,2,1.5,0.0,0.9,15,47.08,-17.06,-1.28
1,2,1.5,0.0,0.9,19,47.08,-16.92,-1.27
1,2,1.5,0.0,1.2,3,47.1,-16.9,-1.27
1,2,1.5,0.0,1.2,7,47.08,-17.04,-1.28
1,2,1.5,0.0,1.2,11,47.08,-17.06,-1.28
1,2,1.5,0.0,1.2,15,47.08,-17.06,-1.28
1,2,1.5,0.0,1.2,19,47.08,-16.92,-1.27
1,2,1.5,0.0,1.5,3,47.1,-16.9,-1.27
1,2,1.5,0.0,1.5,7,47.08,-17.04,-1.28
1,2,1.5,0.0,1.5,11,47.08,-17.06,-1.28
1,2,1.5,0.0,1.5,15,47.08,-17.06,-1.28
1,2,1.5,0.0,1.5,19,47.08,-16.92,-1.27
1,2,1.5,0.0,1.8,3,47.1,-16.9,-1.27
1,2,1.5,0.0,1.8,7,47.08,-17.04,-1.28
1,2,1.5,0.0,1.8,11,47.08,-17.06,-1.28
1,2,1.5,0.0,1.8,15,47.08,-17.06,-1.28
1,2,1.5,0.0,1.8,19,47.08,-16.92,-1.27
1,2,1.5,0.0,2.1,3,47.1,-16.9,-1.27
1,2,1.5,0.0,2.1,7,47.08,-17.04,-1.28
1,2,1.5,0.0,2.1,11,47.08,-17.06,-1.28
1,2,1.5,0.0,2.1,15,47.08,-17.06,-1.28
1,2,1.5,0.0,2.1,19,47.08,-16.92,-1.27
1,2,1.5,0.3,0.0,3,38.48,-25.71,-1.93
1,2,1.5,0.3,0.0,7,38.18,-25.99,-1.96
1,2,1.5,0.3,0.0,11,37.99,-25.81,-1.94
1,2,1.5,0.3,0.0,15,37.93,-25.59,-1.92
1,2,1.5,0.3,0.0,19,37.77,-26.68,-2.02
1,2,1.5,0.3,0.3,3,38.48,-25.71,-1.93
1,2,1.5,0.3,0.3,7,38.18,-25.99,-1.96
1,2,1.5,0.3,0.3,11,37.99,-25.81,-1.94
1,2,1.5,0.3,0.3,15,37.93,-25.59,-1.92
1,2,1.5,0.3,0.3,19,37.77,-26.68,-2.02
1,2,1.5,0.3,0.6,3,38.48,-25.71,-1.93
1,2,1.5,0.3,0.6,7,38.18,-25.99,-1.96
1,2,1.5,0.3,0.6,11,37.99,-25.81,-1.94
1,2,1.5,0.3,0.6,15,37.93,-25.59,-1.92
1,2,1.5,0.3,0.6,19,37.77,-26.68,-2.02
1,2,1.5,0.3,0.9,3,38.48,-25.71,-1.93
1,2,1.5,0.3,0.9,7,38.18,-25.99,-1.96
1,2,1.5,0.3,0.9,11,37.99,-25.81,-1.94
1,2,1.5,0.3,0.9,15,37.93,-25.59,-1.92
1,2,1.5,0.3,0.9,19,37.77,-26.68,-2.02
1,2,1.5,0.3,1.2,3,38.48,-25.71,-1.93
1,2,1.5,0.3,1.2,7,38.18,-25.99,-1.96
1,2,1.5,0.3,1.2,11,37.99,-25.81,-1.94
1,2,1.5,0.3,1.2,15,37.93,-25.59,-1.92
1,2,1.5,0.3,1.2,19,37.77,-26.68,-2.02
1,2,1.5,0.3,1.5,3,38.48,-25.71,-1.93
1,2,1.5,0.3,1.5,7,38.18,-25.99,-1.96
1,2,1.5,0.3,1.5,11,37.99,-25.81,-1.94
1,2,1.5,0.3,1.5,15,37.93,-25.59,-1.92
1,2,1.5,0.3,1.5,19,37.77,-26.68,-2.02
1,2,1.5,0.3,1.8,3,38.48,-25.71,-1.93
1,2,1.5,0.3,1.8,7,38.18,-25.99,-1.96
1,2,1.5,0.3,1.8,11,37.99,-25.81,-1.94
1,2,1.5,0.3,1.8,15,37.93,-25.59,-1.92
1,2,1.5,0.3,1.8,19,37.77,-26.68,-2.02
1,2,1.5,0.3,2.1,3,38.48,-25.71,-1.93
1,2,1.5,0.3,2.1,7,38.18,-25.99,-1.96
1,2,1.5,0.3,2.1,11,37.99,-25.81,-1.94
1,2,1.5,0.3,2.1,15,37.93,-25.59,-1.92
1,2,1.5,0.3,2.1,19,37.77,-26.68,-2.02
1,2,1.5,0.6,0.0,3,34.48,-21.66,-1.47
1,2,1.5,0.6,0.0,7,34.26,-23.85,-1.65
1,2,1.5,0.6,0.0,11,34.2,-21.72,-1.47
1,2,1.5,0.6,0.0,15,34.17,-22.89,-1.58
1,2,1.5,0.6,0.0,19,34.2,-22.46,-1.54
1,2,1.5,0.6,0.3,3,34.48,-21.66,-1.47
1,2,1.5,0.6,0.3,7,34.26,-23.85,-1.65
1,2,1.5,0.6,0.3,11,34.2,-21.72,-1.47
1,2,1.5,0.6,0.3,15,34.17,-22.89,-1.58
1,2,1.5,0.6,0.3,19,34.2,-22.46,-1.54
1,2,1.5,0.6,0.6,3,34.48,-21.66,-1.47
1,2,1.5,0.6,0.6,7,34.26,-23.85,-1.65
1,2,1.5,0.6,0.6,11,34.2,-21.72,-1.47
1,2,1.5,0.6,0.6,15,34.17,-22.89,-1.58
1,2,1.5,0.6,0.6,19,34.2,-22.46,-1.54
1,2,1.5,0.6,0.9,3,34.48,-21.66,-1.47
1,2,1.5,0.6,0.9,7,34.26,-23.85,-1.65
1,2,1.5,0.6,0.9,11,34.2,-21.72,-1.47
1,2,1.5,0.6,0.9,15,34.17,-22.89,-1.58
1,2,1.5,0.6,0.9,19,34.2,-22.46,-1.54
1,2,1.5,0.6,1.2,3,34.48,-21.66,-1.47
1,2,1.5,0.6,1.2,7,34.26,-23.85,-1.65
1,2,1.5,0.6,1.2,11,34.2,-21.72,-1.47
1,2,1.5,0.6,1.2,15,34.17,-22.89,-1.58
1,2,1.5,0.6,1.2,19,34.2,-22.46,-1.54
1,2,1.5,0.6,1.5,3,34.48,-21.66,-1.47
1,2,1.5,0.6,1.5,7,34.26,-23.85,-1.65
1,2,1.5,0.6,1.5,11,34.2,-21.72,-1.47
1,2,1.5,0.6,1.5,15,34.17,-22.89,-1.58
1,2,1.5,0.6,1.5,19,34.2,-22.46,-1.54
1,2,1.5,0.6,1.8,3,34.48,-21.66,-1.47
1,2,1.5,0.6,1.8,7,34.26,-23.85,-1.65
1,2,1.5,0.6,1.8,11,34.2,-21.72,-1.47
1,2,1.5,0.6,1.8,15,34.17,-22.89,-1.58
1,2,1.5,0.6,1.8,19,34.2,-22.46,-1.54
1,2,1.5,0.6,2.1,3,34.48,-21.66,-1.47
1,2,1.5,0.6,2.1,7,34.26,-23.85,-1.65
1,2,1.5,0.6,2.1,11,34.2,-21.72,-1.47
1,2,1.5,0.6,2.1,15,34.17,-22.89,-1.58
1,2,1.5,0.6,2.1,19,34.2,-22.46,-1.54
1,2,1.5,0.9,0.0,3,33.24,-19.94,-1.27
1,2,1.5,0.9,0.0,7,33.0,-22.06,-1.42
1,2,1.5,0.9,0.0,11,32.98,-20.97,-1.34
1,2,1.5,0.9,0.0,15,32.96,-19.56,-1.22
1,2,1.5,0.9,0.0,19,32.92,-19.8,-1.24
1,2,1.5,0.9,0.3,3,33.24,-19.94,-1.27
1,2,1.5,0.9,0.3,7,33.0,-22.06,-1.42
1,2,1.5,0.9,0.3,11,32.98,-20.97,-1.34
1,2,1.5,0.9,0.3,15,32.96,-19.56,-1.22
1,2,1.5,0.9,0.3,19,32.92,-19.8,-1.24
1,2,1.5,0.9,0.6,3,33.24,-19.94,-1.27
1,2,1.5,0.9,0.6,7,33.0,-22.06,-1.42
1,2,1.5,0.9,0.6,11,32.98,-20.97,-1.34
1,2,1.5,0.9,0.6,15,32.96,-19.56,-1.22
1,2,1.5,0.9,0.6,19,32.92,-19.8,-1.24
1,2,1.5,0.9,0.9,3,33.24,-19.94,-1.27
1,2,1.5,0.9,0.9,7,33.0,-22.06,-1.42
1,2,1.5,0.9,0.9,11,32.98,-20.97,-1.34
1,2,1.5,0.9,0.9,15,32.96,-19.56,-1.22
1,2,1.5,0.9,0.9,19,32.92,-19.8,-1.24
1,2,1.5,0.9,1.2,3,33.24,-19.94,-1.27
1,2,1.5,0.9,1.2,7,33.0,-22.06,-1.42
1,2,1.5,0.9,1.2,11,32.98,-20.97,-1.34
1,2,1.5,0.9,1.2,15,32.96,-19.56,-1.22
1,2,1.5,0.9,1.2,19,32.92,-19.8,-1.24
1,2,1.5,0.9,1.5,3,33.24,-19.94,-1.27
1,2,1.5,0.9,1.5,7,33.0,-22.06,-1.42
1,2,1.5,0.9,1.5,11,32.98,-20.97,-1.34
1,2,1.5,0.9,1.5,15,32.96,-19.56,-1.22
1,2,1.5,0.9,1.5,19,32.92,-19.8,-1.24
1,2,1.5,0.9,1.8,3,33.24,-19.94,-1.27
1,2,1.5,0.9,1.8,7,33.0,-22.06,-1.42
1,2,1.5,0.9,1.8,11,32.98,-20.97,-1.34
1,2,1.5,0.9,1.8,15,32.96,-19.56,-1.22
1,2,1.5,0.9,1.8,19,32.92,-19.8,-1.24
1,2,1.5,0.9,2.1,3,33.24,-19.94,-1.27
1,2,1.5,0.9,2.1,7,33.0,-22.06,-1.42
1,2,1.5,0.9,2.1,11,32.98,-20.97,-1.34
1,2,1.5,0.9,2.1,15,32.96,-19.56,-1.22
1,2,1.5,0.9,2.1,19,32.92,-19.8,-1.24
1,2,1.5,1.2,0.0,3,32.46,-28.4,-1.89
1,2,1.5,1.2,0.0,7,32.4,-24.18,-1.54
1,2,1.5,1.2,0.0,11,32.45,-21.79,-1.36
1,2,1.5,1.2,0.0,15,32.41,-22.72,-1.43
1,2,1.5,1.2,0.0,19,32.45,-19.02,-1.14
1,2,1.5,1.2,0.3,3,32.46,-28.4,-1.89
1,2,1.5,1.2,0.3,7,32.4,-24.18,-1.54
1,2,1.5,1.2,0.3,11,32.45,-21.79,-1.36
1,2,1.5,1.2,0.3,15,32.41,-22.72,-1.43
1,2,1.5,1.2,0.3,19,32.45,-19.02,-1.14
1,2,1.5,1.2,0.6,3,32.46,-28.4,-1.89
1,2,1.5,1.2,0.6,7,32.4,-24.18,-1.54
1,2,1.5,1.2,0.6,11,32.45,-21.79,-1.36
1,2,1.5,1.2,0.6,15,32.41,-22.72,-1.43
1,2,1.5,1.2,0.6,19,32.45,-19.02,-1.14
1,2,1.5,1.2,0.9,3,32.46,-28.4,-1.89
1,2,1.5,1.2,0.9,7,32.4,-24.18,-1.54
1,2,1.5,1.2,0.9,11,32.45,-21.79,-1.36
1,2,1.5,1.2,0.9,15,32.41,-22.72,-1.43
1,2,1.5,1.2,0.9,19,32.45,-19.02,-1.14
1,2,1.5,1.2,1.2,3,32.46,-28.4,-1.89
1,2,1.5,1.2,1.2,7,32.4,-24.18,-1.54
1,2,1.5,1.2,1.2,11,32.45,-21.79,-1.36
1,2,1.5,1.2,1.2,15,32.41,-22.72,-1.43
1,2,1.5,1.2,1.2,19,32.45,-19.02,-1.14
1,2,1.5,1.2,1.5,3,32.46,-28.4,-1.89
1,2,1.5,1.2,1.5,7,32.4,-24.18,-1.54
1,2,1.5,1.2,1.5,11,32.45,-21.79,-1.36
1,2,1.5,1.2,1.5,15,32.41,-22.72,-1.43
1,2,1.5,1.2,1.5,19,32.45,-19.02,-1.14
1,2,1.5,1.2,1.8,3,32.46,-28.4,-1.89
1,2,1.5,1.2,1.8,7,32.4,-24.18,-1.54
1,2,1.5,1.2,1.8,11,32.45,-21.79,-1.36
1,2,1.5,1.2,1.8,15,32.41,-22.72,-1.43
1,2,1.5,1.2,1.8,19,32.45,-19.02,-1.14
1,2,1.5,1.2,2.1,3,32.46,-28.4,-1.89
1,2,1.5,1.2,2.1,7,32.4,-24.18,-1.54
1,2,1.5,1.2,2.1,11,32.45,-21.79,-1.36
1,2,1.5,1.2,2.1,15,32.41,-22.72,-1.43
1,2,1.5,1.2,2.1,19,32.45,-19.02,-1.14
1,2,1.5,1.5,0.0,3,32.26,-24.69,-1.55
1,2,1.5,1.5,0.0,7,32.25,-20.43,-1.22
1,2,1.5,1.5,0.0,11,32.25,-15.22,-0.83
1,2,1.5,1.5,0.0,15,32.25,-14.88,-0.81
1,2,1.5,1.5,0.0,19,32.25,-15.23,-0.83
1,2,1.5,1.5,0.3,3,32.26,-24.69,-1.55
1,2,1.5,1.5,0.3,7,32.25,-20.43,-1.22
1,2,1.5,1.5,0.3,11,32.25,-15.22,-0.83
1,2,1.5,1.5,0.3,15,32.25,-14.88,-0.81
1,2,1.5,1.5,0.3,19,32.25,-15.23,-0.83
1,2,1.5,1.5,0.6,3,32.26,-24.69,-1.55
1,2,1.5,1.5,0.6,7,32.25,-20.43,-1.22
1,2,1.5,1.5,0.6,11,32.25,-15.22,-0.83
1,2,1.5,1.5,0.6,15,32.25,-14.88,-0.81
1,2,1.5,1.5,0.6,19,32.25,-15.23,-0.83
1,2,1.5,1.5,0.9,3,32.26,-24.69,-1.55
1,2,1.5,1.5,0.9,7,32.25,-20.43,-1.22
1,2,1.5,1.5,0.9,11,32.25,-15.22,-0.83
1,2,1.5,1.5,0.9,15,32.25,-14.88,-0.81
1,2,1.5,1.5,0.9,19,32.25,-15.23,-0.83
1,2,1.5,1.5,1.2,3,32.26,-24.69,-1.55
1,2,1.5,1.5,1.2,7,32.25,-20.43,-1.22
1,2,1.5,1.5,1.2,11,32.25,-15.22,-0.83
1,2,1.5,1.5,1.2,15,32.25,-14.88,-0.81
1,2,1.5,1.5,1.2,19,32.25,-15.23,-0.83
1,2,1.5,1.5,1.5,3,32.26,-24.69,-1.55
1,2,1.5,1.5,1.5,7,32.25,-20.43,-1.22
1,2,1.5,1.5,1.5,11,32.25,-15.22,-0.83
1,2,1.5,1.5,1.5,15,32.25,-14.88,-0.81
1,2,1.5,1.5,1.5,19,32.25,-15.23,-0.83
1,2,1.5,1.5,1.8,3,32.26,-24.69,-1.55
1,2,1.5,1.5,1.8,7,32.25,-20.43,-1.22
1,2,1.5,1.5,1.8,11,32.25,-15.22,-0.83
1,2,1.5,1.5,1.8,15,32.25,-14.88,-0.81
1,2,1.5,1.5,1.8,19,32.25,-15.23,-0.83
1,2,1.5,1.5,2.1,3,32.26,-24.69,-1.55
1,2,1.5,1.5,2.1,7,32.25,-20.43,-1.22
1,2,1.5,1.5,2.1,11,32.25,-15.22,-0.83
1,2,1.5,1.5,2.1,15,32.25,-14.88,-0.81
1,2,1.5,1.5,2.1,19,32.25,-15.23,-0.83
1,2,1.5,1.8,0.0,3,32.18,-16.38,-0.9
1,2,1.5,1.8,0.0,7,32.15,-13.95,-0.73
1,2,1.5,1.8,0.0,11,32.11,-13.38,-0.69
1,2,1.5,1.8,0.0,15,32.13,-12.01,-0.6
1,2,1.5,1.8,0.0,19,32.13,-10.81,-0.52
1,2,1.5,1.8,0.3,3,32.18,-16.38,-0.9
1,2,1.5,1.8,0.3,7,32.15,-13.95,-0.73
1,2,1.5,1.8,0.3,11,32.11,-13.38,-0.69
1,2,1.5,1.8,0.3,15,32.13,-12.01,-0.6
1,2,1.5,1.8,0.3,19,32.13,-10.81,-0.52
1,2,1.5,1.8,0.6,3,32.18,-16.38,-0.9
1,2,1.5,1.8,0.6,7,32.15,-13.95,-0.73
1,2,1.5,1.8,0.6,11,32.11,-13.38,-0.69
1,2,1.5,1.8,0.6,15,32.13,-12.01,-0.6
1,2,1.5,1.8,0.6,19,32.13,-10.81,-0.52
1,2,1.5,1.8,0.9,3,32.18,-16.38,-0.9
1,2,1.5,1.8,0.9,7,32.15,-13.95,-0.73
1,2,1.5,1.8,0.9,11,32.11,-13.38,-0.69
1,2,1.5,1.8,0.9,15,32.13,-12.01,-0.6
1,2,1.5,1.8,0.9,19,32.13,-10.81,-0.52
1,2,1.5,1.8,1.2,3,32.18,-16.38,-0.9
1,2,1.5,1.8,1.2,7,32.15,-13.95,-0.73
1,2,1.5,1.8,1.2,11,32.11,-13.38,-0.69
1,2,1.5,1.8,1.2,15,32.13,-12.01,-0.6
1,2,1.5,1.8,1.2,19,32.13,-10.81,-0.52
1,2,1.5,1.8,1.5,3,32.18,-16.38,-0.9
1,2,1.5,1.8,1.5,7,32.15,-13.95,-0.73
1,2,1.5,1.8,1.5,11,32.11,-13.38,-0.69
1,2,1.5,1.8,1.5,15,32.13,-12.01,-0.6
1,2,1.5,1.8,1.5,19,32.13,-10.81,-0.52
1,2,1.5,1.8,1.8,3,32.18,-16.38,-0.9
1,2,1.5,1.8,1.8,7,32.15,-13.95,-0.73
1,2,1.5,1.8,1.8,11,32.11,-13.38,-0.69
1,2,1.5,1.8,1.8,15,32.13,-12.01,-0.6
1,2,1.5,1.8,1.8,19,32.13,-10.81,-0.52
1,2,1.5,1.8,2.1,3,32.18,-16.38,-0.9
1,2,1.5,1.8,2.1,7,32.15,-13.95,-0.73
1,2,1.5,1.8,2.1,11,32.11,-13.38,-0.69
1,2,1.5,1.8,2.1,15,32.13,-12.01,-0.6
1,2,1.5,1.8,2.1,19,32.13,-10.81,-0.52
1,2,1.5,2.1,0.0,3,32.15,-11.66,-0.57
1,2,1.5,2.1,0.0,7,32.1,-14.48,-0.76
1,2,1.5,2.1,0.0,11,32.1,-17.45,-0.97
1,2,1.5,2.1,0.0,15,32.1,-16.33,-0.89
1,2,1.5,2.1,0.0,19,32.1,-15.64,-0.84
1,2,1.5,2.1,0.3,3,32.15,-11.66,-0.57
1,2,1.5,2.1,0.3,7,32.1,-14.48,-0.76
1,2,1.5,2.1,0.3,11,32.1,-17.45,-0.97
1,2,1.5,2.1,0.3,15,32.1,-16.33,-0.89
1,2,1.5,2.1,0.3,19,32.1,-15.64,-0.84
1,2,1.5,2.1,0.6,3,32.15,-11.66,-0.57
1,2,1.5,2.1,0.6,7,32.1,-14.48,-0.76
1,2,1.5,2.1,0.6,11,32.1,-17.45,-0.97
1,2,1.5,2.1,0.6,15,32.1,-16.33,-0.89
1,2,1.5,2.1,0.6,19,32.1,-15.64,-0.84
1,2,1.5,2.1,0.9,3,32.15,-11.66,-0.57
1,2,1.5,2.1,0.9,7,32.1,-14.48,-0.76
1,2,1.5,2.1,0.9,11,32.1,-17.45,-0.97
1,2,1.5,2.1,0.9,15,32.1,-16.33,-0.89
1,2,1.5,2.1,0.9,19,32.1,-15.64,-0.84
1,2,1.5,2.1,1.2,3,32.15,-11.66,-0.57
1,2,1.5,2.1,1.2,7,32.1,-14.48,-0.76
1,2,1.5,2.1,1.2,11,32.1,-17.45,-0.97
1,2,1.5,2.1,1.2,15,32.1,-16.33,-0.89
1,2,1.5,2.1,1.2,19,32.1,-15.64,-0.84
1,2,1.5,2.1,1.5,3,32.15,-11.66,-0.57
1,2,1.5,2.1,1.5,7,32.1,-14.48,-0.76
1,2,1.5,2.1,1.5,11,32.1,-17.45,-0.97
1,2,1.5,2.1,1.5,15,32.1,-16.33,-0.89
1,2,1.5,2.1,1.5,19,32.1,-15.64,-0.84
1,2,1.5,2.1,1.8,3,32.15,-11.66,-0.57
1,2,1.5,2.1,1.8,7,32.1,-14.48,-0.76
1,2,1.5,2.1,1.8,11,32.1,-17.45,-0.97
1,2,1.5,2.1,1.8,15,32.1,-16.33,-0.89
1,2,1.5,2.1,1.8,19,32.1,-15.64,-0.84
1,2,1.5,2.1,2.1,3,32.15,-11.66,-0.57
1,2,1.5,2.1,2.1,7,32.1,-14.48,-0.76
1,2,1.5,2.1,2.1,11,32.1,-17.45,-0.97
1,2,1.5,2.1,2.1,15,32.1,-16.33,-0.89
1,2,1.5,2.1,2.1,19,32.1,-15.64,-0.84
1,2,1.8,0.0,0.0,3,47.1,-16.9,-1.27
1,2,1.8,0.0,0.0,7,47.08,-17.04,-1.28
1,2,1.8,0.0,0.0,11,47.08,-17.06,-1.28
1,2,1.8,0.0,0.0,15,47.08,-17.06,-1.28
1,2,1.8,0.0,0.0,19,47.08,-16.92,-1.27
1,2,1.8,0.0,0.3,3,47.1,-16.9,-1.27
1,2,1.8,0.0,0.3,7,47.08,-17.04,-1.28
1,2,1.8,0.0,0.3,11,47.08,-17.06,-1.28
1,2,1.8,0.0,0.3,15,47.08,-17.06,-1.28
1,2,1.8,0.0,0.3,19,47.08,-16.92,-1.27
1,2,1.8,0.0,0.6,3,47.1,-16.9,-1.27
1,2,1.8,0.0,0.6,7,47.08,-17.04,-1.28
1,2,1.8,0.0,0.6,11,47.08,-17.06,-1.28
1,2,1.8,0.0,0.6,15,47.08,-17.06,-1.28
1,2,1.8,0.0,0.6,19,47.08,-16.92,-1.27
1,2,1.8,0.0,0.9,3,47.1,-16.9,-1.27
1,2,1.8,0.0,0.9,7,47.08,-17.04,-1.28
1,2,1.8,0.0,0.9,11,47.08,-17.06,-1.28
1,2,1.8,0.0,0.9,15,47.08,-17.06,-1.28
1,2,1.8,0.0,0.9,19,47.08,-16.92,-1.27
1,2,1.8,0.0,1.2,3,47.1,-16.9,-1.27
1,2,1.8,0.0,1.2,7,47.08,-17.04,-1.28
1,2,1.8,0.0,1.2,11,47.08,-17.06,-1.28
1,2,1.8,0.0,1.2,15,47.08,-17.06,-1.28
1,2,1.8,0.0,1.2,19,47.08,-16.92,-1.27
1,2,1.8,0.0,1.5,3,47.1,-16.9,-1.27
1,2,1.8,0.0,1.5,7,47.08,-17.04,-1.28
1,2,1.8,0.0,1.5,11,47.08,-17.06,-1.28
1,2,1.8,0.0,1.5,15,47.08,-17.06,-1.28
1,2,1.8,0.0,1.5,19,47.08,-16.92,-1.27
1,2,1.8,0.0,1.8,3,47.1,-16.9,-1.27
1,2,1.8,0.0,1.8,7,47.08,-17.04,-1.28
1,2,1.8,0.0,1.8,11,47.08,-17.06,-1.28
1,2,1.8,0.0,1.8,15,47.08,-17.06,-1.28
1,2,1.8,0.0,1.8,19,47.08,-16.92,-1.27
1,2,1.8,0.0,2.1,3,47.1,-16.9,-1.27
1,2,1.8,0.0,2.1,7,47.08,-17.04,-1.28
1,2,1.8,0.0,2.1,11,47.08,-17.06,-1.28
1,2,1.8,0.0,2.1,15,47.08,-17.06,-1.28
1,2,1.8,0.0,2.1,19,47.08,-16.92,-1.27
1,2,1.8,0.3,0.0,3,38.48,-25.71,-1.93
1,2,1.8,0.3,0.0,7,38.18,-25.99,-1.96
1,2,1.8,0.3,0.0,11,37.99,-25.81,-1.94
1,2,1.8,0.3,0.0,15,37.93,-25.59,-1.92
1,2,1.8,0.3,0.0,19,37.77,-26.68,-2.02
1,2,1.8,0.3,0.3,3,38.48,-25.71,-1.93
1,2,1.8,0.3,0.3,7,38.18,-25.99,-1.96
1,2,1.8,0.3,0.3,11,37.99,-25.81,-1.94
1,2,1.8,0.3,0.3,15,37.93,-25.59,-1.92
1,2,1.8,0.3,0.3,19,37.77,-26.68,-2.02
1,2,1.8,0.3,0.6,3,38.48,-25.71,-1.93
1,2,1.8,0.3,0.6,7,38.18,-25.99,-1.96
1,2,1.8,0.3,0.6,11,37.99,-25.81,-1.94
1,2,1.8,0.3,0.6,15,37.93,-25.59,-1.92
1,2,1.8,0.3,0.6,19,37.77,-26.68,-2.02
1,2,1.8,0.3,0.9,3,38.48,-25.71,-1.93
1,2,1.8,0.3,0.9,7,38.18,-25.99,-1.96
1,2,1.8,0.3,0.9,11,37.99,-25.81,-1.94
1,2,1.8,0.3,0.9,15,37.93,-25.59,-1.92
1,2,1.8,0.3,0.9,19,37.77,-26.68,-2.02
1,2,1.8,0.3,1.2,3,38.48,-25.71,-1.93
1,2,1.8,0.3,1.2,7,38.18,-25.99,-1.96
1,2,1.8,0.3,1.2,11,37.99,-25.81,-1.94
1,2,1.8,0.3,1.2,15,37.93,-25.59,-1.92
1,2,1.8,0.3,1.2,19,37.77,-26.68,-2.02
1,2,1.8,0.3,1.5,3,38.48,-25.71,-1.93
1,2,1.8,0.3,1.5,7,38.18,-25.99,-1.96
1,2,1.8,0.3,1.5,11,37.99,-25.81,-1.94
1,2,1.8,0.3,1.5,15,37.93,-25.59,-1.92
1,2,1.8,0.3,1.5,19,37.77,-26.68,-2.02
1,2,1.8,0.3,1.8,3,38.48,-25.71,-1.93
1,2,1.8,0.3,1.8,7,38.18,-25.99,-1.96
1,2,1.8,0.3,1.8,11,37.99,-25.81,-1.94
1,2,1.8,0.3,1.8,15,37.93,-25.59,-1.92
1,2,1.8,0.3,1.8,19,37.77,-26.68,-2.02
1,2,1.8,0.3,2.1,3,38.48,-25.71,-1.93
1,2,1.8,0.3,2.1,7,38.18,-25.99,-1.96
1,2,1.8,0.3,2.1,11,37.99,-25.81,-1.94
1,2,1.8,0.3,2.1,15,37.93,-25.59,-1.92
1,2,1.8,0.3,2.1,19,37.77,-26.68,-2.02
1,2,1.8,0.6,0.0,3,34.48,-21.66,-1.47
1,2,1.8,0.6,0.0,7,34.26,-23.85,-1.65
1,2,1.8,0.6,0.0,11,34.2,-21.72,-1.47
1,2,1.8,0.6,0.0,15,34.17,-22.89,-1.58
1,2,1.8,0.6,0.0,19,34.2,-22.46,-1.54
1,2,1.8,0.6,0.3,3,34.48,-21.66,-1.47
1,2,1.8,0.6,0.3,7,34.26,-23.85,-1.65
1,2,1.8,0.6,0.3,11,34.2,-21.72,-1.47
1,2,1.8,0.6,0.3,15,34.17,-22.89,-1.58
1,2,1.8,0.6,0.3,19,34.2,-22.46,-1.54
1,2,1.8,0.6,0.6,3,34.48,-21.66,-1.47
1,2,1.8,0.6,0.6,7,34.26,-23.85,-1.65
1,2,1.8,0.6,0.6,11,34.2,-21.72,-1.47
1,2,1.8,0.6,0.6,15,34.17,-22.89,-1.58
1,2,1.8,0.6,0.6,19,34.2,-22.46,-1.54
1,2,1.8,0.6,0.9,3,34.48,-21.66,-1.47
1,2,1.8,0.6,0.9,7,34.26,-23.85,-1.65
1,2,1.8,0.6,0.9,11,34.2,-21.72,-1.47
1,2,1.8,0.6,0.9,15,34.17,-22.89,-1.58
1,2,1.8,0.6,0.9,19,34.2,-22.46,-1.54
1,2,1.8,0.6,1.2,3,34.48,-21.66,-1.47
1,2,1.8,0.6,1.2,7,34.26,-23.85,-1.65
1,2,1.8,0.6,1.2,11,34.2,-21.72,-1.47
1,2,1.8,0.6,1.2,15,34.17,-22.89,-1.58
1,2,1.8,0.6,1.2,19,34.2,-22.46,-1.54
1,2,1.8,0.6,1.5,3,34.48,-21.66,-1.47
1,2,1.8,0.6,1.5,7,34.26,-23.85,-1.65
1,2,1.8,0.6,1.5,11,34.2,-21.72,-1.47
1,2,1.8,0.6,1.5,15,34.17,-22.89,-1.58
1,2,1.8,0.6,1.5,19,34.2,-22.46,-1.54
1,2,1.8,0.6,1.8,3,34.48,-21.66,-1.47
1,2,1.8,0.6,1.8,7,34.26,-23.85,-1.65
1,2,1.8,0.6,1.8,11,34.2,-21.72,-1.47
1,2,1.8,0.6,1.8,15,34.17,-22.89,-1.58
1,2,1.8,0.6,1.8,19,34.2,-22.46,-1.54
1,2,1.8,0.6,2.1,3,34.48,-21.66,-1.47
1,2,1.8,0.6,2.1,7,34.26,-23.85,-1.65
1,2,1.8,0.6,2.1,11,34.2,-21.72,-1.47
1,2,1.8,0.6,2.1,15,34.17,-22.89,-1.58
1,2,1.8,0.6,2.1,19,34.2,-22.46,-1.54
1,2,1.8,0.9,0.0,3,33.24,-19.94,-1.27
1,2,1.8,0.9,0.0,7,33.0,-22.06,-1.42
1,2,1.8,0.9,0.0,11,32.98,-20.97,-1.34
1,2,1.8,0.9,0.0,15,32.96,-19.56,-1.22
1,2,1.8,0.9,0.0,19,32.92,-19.8,-1.24
1,2,1.8,0.9,0.3,3,33.24,-19.94,-1.27
1,2,1.8,0.9,0.3,7,33.0,-22.06,-1.42
1,2,1.8,0.9,0.3,11,32.98,-20.97,-1.34
1,2,1.8,0.9,0.3,15,32.96,-19.56,-1.22
1,2,1.8,0.9,0.3,19,32.92,-19.8,-1.24
1,2,1.8,0.9,0.6,3,33.24,-19.94,-1.27
1,2,1.8,0.9,0.6,7,33.0,-22.06,-1.42
1,2,1.8,0.9,0.6,11,32.98,-20.97,-1.34
1,2,1.8,0.9,0.6,15,32.96,-19.56,-1.22
1,2,1.8,0.9,0.6,19,32.92,-19.8,-1.24
1,2,1.8,0.9,0.9,3,33.24,-19.94,-1.27
1,2,1.8,0.9,0.9,7,33.0,-22.06,-1.42
1,2,1.8,0.9,0.9,11,32.98,-20.97,-1.34
1,2,1.8,0.9,0.9,15,32.96,-19.56,-1.22
1,2,1.8,0.9,0.9,19,32.92,-19.8,-1.24
1,2,1.8,0.9,1.2,3,33.24,-19.94,-1.27
1,2,1.8,0.9,1.2,7,33.0,-22.06,-1.42
1,2,1.8,0.9,1.2,11,32.98,-20.97,-1.34
1,2,1.8,0.9,1.2,15,32.96,-19.56,-1.22
1,2,1.8,0.9,1.2,19,32.92,-19.8,-1.24
1,2,1.8,0.9,1.5,3,33.24,-19.94,-1.27
1,2,1.8,0.9,1.5,7,33.0,-22.06,-1.42
1,2,1.8,0.9,1.5,11,32.98,-20.97,-1.34
1,2,1.8,0.9,1.5,15,32.96,-19.56,-1.22
1,2,1.8,0.9,1.5,19,32.92,-19.8,-1.24
1,2,1.8,0.9,1.8,3,33.24,-19.94,-1.27
1,2,1.8,0.9,1.8,7,33.0,-22.06,-1.42
1,2,1.8,0.9,1.8,11,32.98,-20.97,-1.34
1,2,1.8,0.9,1.8,15,32.96,-19.56,-1.22
1,2,1.8,0.9,1.8,19,32.92,-19.8,-1.24
1,2,1.8,0.9,2.1,3,33.24,-19.94,-1.27
1,2,1.8,0.9,2.1,7,33.0,-22.06,-1.42
1,2,1.8,0.9,2.1,11,32.98,-20.97,-1.34
1,2,1.8,0.9,2.1,15,32.96,-19.56,-1.22
1,2,1.8,0.9,2.1,19,32.92,-19.8,-1.24
1,2,1.8,1.2,0.0,3,32.46,-28.4,-1.89
1,2,1.8,1.2,0.0,7,32.4,-24.18,-1.54
1,2,1.8,1.2,0.0,11,32.45,-21.79,-1.36
1,2,1.8,1.2,0.0,15,32.41,-22.72,-1.43
1,2,1.8,1.2,0.0,19,32.45,-19.02,-1.14
1,2,1.8,1.2,0.3,3,32.46,-28.4,-1.89
1,2,1.8,1.2,0.3,7,32.4,-24.18,-1.54
1,2,1.8,1.2,0.3,11,32.45,-21.79,-1.36
1,2,1.8,1.2,0.3,15,32.41,-22.72,-1.43
1,2,1.8,1.2,0.3,19,32.45,-19.02,-1.14
1,2,1.8,1.2,0.6,3,32.46,-28.4,-1.89
1,2,1.8,1.2,0.6,7,32.4,-24.18,-1.54
1,2,1.8,1.2,0.6,11,32.45,-21.79,-1.36
1,2,1.8,1.2,0.6,15,32.41,-22.72,-1.43
1,2,1.8,1.2,0.6,19,32.45,-19.02,-1.14
1,2,1.8,1.2,0.9,3,32.46,-28.4,-1.89
1,2,1.8,1.2,0.9,7,32.4,-24.18,-1.54
1,2,1.8,1.2,0.9,11,32.45,-21.79,-1.36
1,2,1.8,1.2,0.9,15,32.41,-22.72,-1.43
1,2,1.8,1.2,0.9,19,32.45,-19.02,-1.14
1,2,1.8,1.2,1.2,3,32.46,-28.4,-1.89
1,2,1.8,1.2,1.2,7,32.4,-24.18,-1.54
1,2,1.8,1.2,1.2,11,32.45,-21.79,-1.36
1,2,1.8,1.2,1.2,15,32.41,-22.72,-1.43
1,2,1.8,1.2,1.2,19,32.45,-19.02,-1.14
1,2,1.8,1.2,1.5,3,32.46,-28.4,-1.89
1,2,1.8,1.2,1.5,7,32.4,-24.18,-1.54
1,2,1.8,1.2,1.5,11,32.45,-21.79,-1.36
1,2,1.8,1.2,1.5,15,32.41,-22.72,-1.43
1,2,1.8,1.2,1.5,19,32.45,-19.02,-1.14
1,2,1.8,1.2,1.8,3,32.46,-28.4,-1.89
1,2,1.8,1.2,1.8,7,32.4,-24.18,-1.54
1,2,1.8,1.2,1.8,11,32.45,-21.79,-1.36
1,2,1.8,1.2,1.8,15,32.41,-22.72,-1.43
1,2,1.8,1.2,1.8,19,32.45,-19.02,-1.14
1,2,1.8,1.2,2.1,3,32.46,-28.4,-1.89
1,2,1.8,1.2,2.1,7,32.4,-24.18,-1.54
1,2,1.8,1.2,2.1,11,32.45,-21.79,-1.36
1,2,1.8,1.2,2.1,15,32.41,-22.72,-1.43
1,2,1.8,1.2,2.1,19,32.45,-19.02,-1.14
1,2,1.8,1.5,0.0,3,32.26,-24.69,-1.55
1,2,1.8,1.5,0.0,7,32.25,-20.43,-1.22
1,2,1.8,1.5,0.0,11,32.25,-15.22,-0.83
1,2,1.8,1.5,0.0,15,32.25,-14.88,-0.81
1,2,1.8,1.5,0.0,19,32.25,-15.23,-0.83
1,2,1.8,1.5,0.3,3,32.26,-24.69,-1.55
1,2,1.8,1.5,0.3,7,32.25,-20.43,-1.22
1,2,1.8,1.5,0.3,11,32.25,-15.22,-0.83
1,2,1.8,1.5,0.3,15,32.25,-14.88,-0.81
1,2,1.8,1.5,0.3,19,32.25,-15.23,-0.83
1,2,1.8,1.5,0.6,3,32.26,-24.69,-1.55
1,2,1.8,1.5,0.6,7,32.25,-20.43,-1.22
1,2,1.8,1.5,0.6,11,32.25,-15.22,-0.83
1,2,1.8,1.5,0.6,15,32.25,-14.88,-0.81
1,2,1.8,1.5,0.6,19,32.25,-15.23,-0.83
1,2,1.8,1.5,0.9,3,32.26,-24.69,-1.55
1,2,1.8,1.5,0.9,7,32.25,-20.43,-1.22
1,2,1.8,1.5,0.9,11,32.25,-15.22,-0.83
1,2,1.8,1.5,0.9,15,32.25,-14.88,-0.81
1,2,1.8,1.5,0.9,19,32.25,-15.23,-0.83
1,2,1.8,1.5,1.2,3,32.26,-24.69,-1.55
1,2,1.8,1.5,1.2,7,32.25,-20.43,-1.22
1,2,1.8,1.5,1.2,11,32.25,-15.22,-0.83
1,2,1.8,1.5,1.2,15,32.25,-14.88,-0.81
1,2,1.8,1.5,1.2,19,32.25,-15.23,-0.83
1,2,1.8,1.5,1.5,3,32.26,-24.69,-1.55
1,2,1.8,1.5,1.5,7,32.25,-20.43,-1.22
1,2,1.8,1.5,1.5,11,32.25,-15.22,-0.83
1,2,1.8,1.5,1.5,15,32.25,-14.88,-0.81
1,2,1.8,1.5,1.5,19,32.25,-15.23,-0.83
1,2,1.8,1.5,1.8,3,32.26,-24.69,-1.55
1,2,1.8,1.5,1.8,7,32.25,-20.43,-1.22
1,2,1.8,1.5,1.8,11,32.25,-15.22,-0.83
1,2,1.8,1.5,1.8,15,32.25,-14.88,-0.81
1,2,1.8,1.5,1.8,19,32.25,-15.23,-0.83
1,2,1.8,1.5,2.1,3,32.26,-24.69,-1.55
1,2,1.8,1.5,2.1,7,32.25,-20.43,-1.22
1,2,1.8,1.5,2.1,11,32.25,-15.22,-0.83
1,2,1.8,1.5,2.1,15,32.25,-14.88,-0.81
1,2,1.8,1.5,2.1,19,32.25,-15.23,-0.83
1,2,1.8,1.8,0.0,3,32.18,-16.38,-0.9
1,2,1.8,1.8,0.0,7,32.15,-13.95,-0.73
1,2,1.8,1.8,0.0,11,32.11,-13.38,-0.69
1,2,1.8,1.8,0.0,15,32.13,-12.01,-0.6
1,2,1.8,1.8,0.0,19,32.13,-10.81,-0.52
1,2,1.8,1.8,0.3,3,32.18,-16.38,-0.9
1,2,1.8,1.8,0.3,7,32.15,-13.95,-0.73
1,2,1.8,1.8,0.3,11,32.11,-13.38,-0.69
1,2,1.8,1.8,0.3,15,32.13,-12.01,-0.6
1,2,1.8,1.8,0.3,19,32.13,-10.81,-0.52
1,2,1.8,1.8,0.6,3,32.18,-16.38,-0.9
1,2,1.8,1.8,0.6,7,32.15,-13.95,-0.73
1,2,1.8,1.8,0.6,11,32.11,-13.38,-0.69
1,2,1.8,1.8,0.6,15,32.13,-12.01,-0.6
1,2,1.8,1.8,0.6,19,32.13,-10.81,-0.52
1,2,1.8,1.8,0.9,3,32.18,-16.38,-0.9
1,2,1.8,1.8,0.9,7,32.15,-13.95,-0.73
1,2,1.8,1.8,0.9,11,32.11,-13.38,-0.69
1,2,1.8,1.8,0.9,15,32.13,-12.01,-0.6
1,2,1.8,1.8,0.9,19,32.13,-10.81,-0.52
1,2,1.8,1.8,1.2,3,32.18,-16.38,-0.9
1,2,1.8,1.8,1.2,7,32.15,-13.95,-0.73
1,2,1.8,1.8,1.2,11,32.11,-13.38,-0.69
1,2,1.8,1.8,1.2,15,32.13,-12.01,-0.6
1,2,1.8,1.8,1.2,19,32.13,-10.81,-0.52
1,2,1.8,1.8,1.5,3,32.18,-16.38,-0.9
1,2,1.8,1.8,1.5,7,32.15,-13.95,-0.73
1,2,1.8,1.8,1.5,11,32.11,-13.38,-0.69
1,2,1.8,1.8,1.5,15,32.13,-12.01,-0.6
1,2,1.8,1.8,1.5,19,32.13,-10.81,-0.52
1,2,1.8,1.8,1.8,3,32.18,-16.38,-0.9
1,2,1.8,1.8,1.8,7,32.15,-13.95,-0.73
1,2,1.8,1.8,1.8,11,32.11,-13.38,-0.69
1,2,1.8,1.8,1.8,15,32.13,-12.01,-0.6
1,2,1.8,1.8,1.8,19,32.13,-10.81,-0.52
1,2,1.8,1.8,2.1,3,32.18,-16.38,-0.9
1,2,1.8,1.8,2.1,7,32.15,-13.95,-0.73
1,2,1.8,1.8,2.1,11,32.11,-13.38,-0.69
1,2,1.8,1.8,2.1,15,32.13,-12.01,-0.6
1,2,1.8,1.8,2.1,19,32.13,-10.81,-0.52
1,2,1.8,2.1,0.0,3,32.15,-11.66,-0.57
1,2,1.8,2.1,0.0,7,32.1,-14.48,-0.76
1,2,1.8,2.1,0.0,11,32.1,-17.45,-0.97
1,2,1.8,2.1,0.0,15,32.1,-16.33,-0.89
1,2,1.8,2.1,0.0,19,32.1,-15.64,-0.84
1,2,1.8,2.1,0.3,3,32.15,-11.66,-0.57
1,2,1.8,2.1,0.3,7,32.1,-14.48,-0.76
1,2,1.8,2.1,0.3,11,32.1,-17.45,-0.97
1,2,1.8,2.1,0.3,15,32.1,-16.33,-0.89
1,2,1.8,2.1,0.3,19,32.1,-15.64,-0.84
1,2,1.8,2.1,0.6,3,32.15,-11.66,-0.57
1,2,1.8,2.1,0.6,7,32.1,-14.48,-0.76
1,2,1.8,2.1,0.6,11,32.1,-17.45,-0.97
1,2,1.8,2.1,0.6,15,32.1,-16.33,-0.89
1,2,1.8,2.1,0.6,19,32.1,-15.64,-0.84
1,2,1.8,2.1,0.9,3,32.15,-11.66,-0.57
1,2,1.8,2.1,0.9,7,32.1,-14.48,-0.76
1,2,1.8,2.1,0.9,11,32.1,-17.45,-0.97
1,2,1.8,2.1,0.9,15,32.1,-16.33,-0.89
1,2,1.8,2.1,0.9,19,32.1,-15.64,-0.84
1,2,1.8,2.1,1.2,3,32.15,-11.66,-0.57
1,2,1.8,2.1,1.2,7,32.1,-14.48,-0.76
1,2,1.8,2.1,1.2,11,32.1,-17.45,-0.97
1,2,1.8,2.1,1.2,15,32.1,-16.33,-0.89
1,2,1.8,2.1,1.2,19,32.1,-15.64,-0.84
1,2,1.8,2.1,1.5,3,32.15,-11.66,-0.57
1,2,1.8,2.1,1.5,7,32.1,-14.48,-0.76
1,2,1.8,2.1,1.5,11,32.1,-17.45,-0.97
1,2,1.8,2.1,1.5,15,32.1,-16.33,-0.89
1,2,1.8,2.1,1.5,19,32.1,-15.64,-0.84
1,2,1.8,2.1,1.8,3,32.15,-11.66,-0.57
1,2,1.8,2.1,1.8,7,32.1,-14.48,-0.76
1,2,1.8,2.1,1.8,11,32.1,-17.45,-0.97
1,2,1.8,2.1,1.8,15,32.1,-16.33,-0.89
1,2,1.8,2.1,1.8,19,32.1,-15.64,-0.84
1,2,1.8,2.1,2.1,3,32.15,-11.66,-0.57
1,2,1.8,2.1,2.1,7,32.1,-14.48,-0.76
1,2,1.8,2.1,2.1,11,32.1,-17.45,-0.97
1,2,1.8,2.1,2.1,15,32.1,-16.33,-0.89
1,2,1.8,2.1,2.1,19,32.1,-15.64,-0.84
1,2,2.1,0.0,0.0,3,47.1,-16.9,-1.27
1,2,2.1,0.0,0.0,7,47.08,-17.04,-1.28
1,2,2.1,0.0,0.0,11,47.08,-17.06,-1.28
1,2,2.1,0.0,0.0,15,47.08,-17.06,-1.28
1,2,2.1,0.0,0.0,19,47.08,-16.92,-1.27
1,2,2.1,0.0,0.3,3,47.1,-16.9,-1.27
1,2,2.1,0.0,0.3,7,47.08,-17.04,-1.28
1,2,2.1,0.0,0.3,11,47.08,-17.06,-1.28
1,2,2.1,0.0,0.3,15,47.08,-17.06,-1.28
1,2,2.1,0.0,0.3,19,47.08,-16.92,-1.27
1,2,2.1,0.0,0.6,3,47.1,-16.9,-1.27
1,2,2.1,0.0,0.6,7,47.08,-17.04,-1.28
1,2,2.1,0.0,0.6,11,47.08,-17.06,-1.28
1,2,2.1,0.0,0.6,15,47.08,-17.06,-1.28
1,2,2.1,0.0,0.6,19,47.08,-16.92,-1.27
1,2,2.1,0.0,0.9,3,47.1,-16.9,-1.27
1,2,2.1,0.0,0.9,7,47.08,-17.04,-1.28
1,2,2.1,0.0,0.9,11,47.08,-17.06,-1.28
1,2,2.1,0.0,0.9,15,47.08,-17.06,-1.28
1,2,2.1,0.0,0.9,19,47.08,-16.92,-1.27
1,2,2.1,0.0,1.2,3,47.1,-16.9,-1.27
1,2,2.1,0.0,1.2,7,47.08,-17.04,-1.28
1,2,2.1,0.0,1.2,11,47.08,-17.06,-1.28
1,2,2.1,0.0,1.2,15,47.08,-17.06,-1.28
1,2,2.1,0.0,1.2,19,47.08,-16.92,-1.27
1,2,2.1,0.0,1.5,3,47.1,-16.9,-1.27
1,2,2.1,0.0,1.5,7,47.08,-17.04,-1.28
1,2,2.1,0.0,1.5,11,47.08,-17.06,-1.28
1,2,2.1,0.0,1.5,15,47.08,-17.06,-1.28
1,2,2.1,0.0,1.5,19,47.08,-16.92,-1.27
1,2,2.1,0.0,1.8,3,47.1,-16.9,-1.27
1,2,2.1,0.0,1.8,7,47.08,-17.04,-1.28
1,2,2.1,0.0,1.8,11,47.08,-17.06,-1.28
1,2,2.1,0.0,1.8,15,47.08,-17.06,-1.28
1,2,2.1,0.0,1.8,19,47.08,-16.92,-1.27
1,2,2.1,0.0,2.1,3,47.1,-16.9,-1.27
1,2,2.1,0.0,2.1,7,47.08,-17.04,-1.28
1,2,2.1,0.0,2.1,11,47.08,-17.06,-1.28
1,2,2.1,0.0,2.1,15,47.08,-17.06,-1.28
1,2,2.1,0.0,2.1,19,47.08,-16.92,-1.27
1,2,2.1,0.3,0.0,3,38.48,-25.71,-1.93
1,2,2.1,0.3,0.0,7,38.18,-25.99,-1.96
1,2,2.1,0.3,0.0,11,37.99,-25.81,-1.94
1,2,2.1,0.3,0.0,15,37.93,-25.59,-1.92
1,2,2.1,0.3,0.0,19,37.77,-26.68,-2.02
1,2,2.1,0.3,0.3,3,38.48,-25.71,-1.93
1,2,2.1,0.3,0.3,7,38.18,-25.99,-1.96
1,2,2.1,0.3,0.3,11,37.99,-25.81,-1.94
1,2,2.1,0.3,0.3,15,37.93,-25.59,-1.92
1,2,2.1,0.3,0.3,19,37.77,-26.68,-2.02
1,2,2.1,0.3,0.6,3,38.48,-25.71,-1.93
1,2,2.1,0.3,0.6,7,38.18,-25.99,-1.96
1,2,2.1,0.3,0.6,11,37.99,-25.81,-1.94
1,2,2.1,0.3,0.6,15,37.93,-25.59,-1.92
1,2,2.1,0.3,0.6,19,37.77,-26.68,-2.02
1,2,2.1,0.3,0.9,3,38.48,-25.71,-1.93
1,2,2.1,0.3,0.9,7,38.18,-25.99,-1.96
1,2,2.1,0.3,0.9,11,37.99,-25.81,-1.94
1,2,2.1,0.3,0.9,15,37.93,-25.59,-1.92
1,2,2.1,0.3,0.9,19,37.77,-26.68,-2.02
1,2,2.1,0.3,1.2,3,38.48,-25.71,-1.93
1,2,2.1,0.3,1.2,7,38.18,-25.99,-1.96
1,2,2.1,0.3,1.2,11,37.99,-25.81,-1.94
1,2,2.1,0.3,1.2,15,37.93,-25.59,-1.92
1,2,2.1,0.3,1.2,19,37.77,-26.68,-2.02
1,2,2.1,0.3,1.5,3,38.48,-25.71,-1.93
1,2,2.1,0.3,1.5,7,38.18,-25.99,-1.96
1,2,2.1,0.3,1.5,11,37.99,-25.81,-1.94
1,2,2.1,0.3,1.5,15,37.93,-25.59,-1.92
1,2,2.1,0.3,1.5,19,37.77,-26.68,-2.02
1,2,2.1,0.3,1.8,3,38.48,-25.71,-1.93
1,2,2.1,0.3,1.8,7,38.18,-25.99,-1.96
1,2,2.1,0.3,1.8,11,37.99,-25.81,-1.94
1,2,2.1,0.3,1.8,15,37.93,-25.59,-1.92
1,2,2.1,0.3,1.8,19,37.77,-26.68,-2.02
1,2,2.1,0.3,2.1,3,38.48,-25.71,-1.93
1,2,2.1,0.3,2.1,7,38.18,-25.99,-1.96
1,2,2.1,0.3,2.1,11,37.99,-25.81,-1.94
1,2,2.1,0.3,2.1,15,37.93,-25.59,-1.92
1,2,2.1,0.3,2.1,19,37.77,-26.68,-2.02
1,2,2.1,0.6,0.0,3,34.48,-21.66,-1.47
1,2,2.1,0.6,0.0,7,34.26,-23.85,-1.65
1,2,2.1,0.6,0.0,11,34.2,-21.72,-1.47
1,2,2.1,0.6,0.0,15,34.17,-22.89,-1.58
1,2,2.1,0.6,0.0,19,34.2,-22.46,-1.54
1,2,2.1,0.6,0.3,3,34.48,-21.66,-1.47
1,2,2.1,0.6,0.3,7,34.26,-23.85,-1.65
1,2,2.1,0.6,0.3,11,34.2,-21.72,-1.47
1,2,2.1,0.6,0.3,15,34.17,-22.89,-1.58
1,2,2.1,0.6,0.3,19,34.2,-22.46,-1.54
1,2,2.1,0.6,0.6,3,34.48,-21.66,-1.47
1,2,2.1,0.6,0.6,7,34.26,-23.85,-1.65
1,2,2.1,0.6,0.6,11,34.2,-21.72,-1.47
1,2,2.1,0.6,0.6,15,34.17,-22.89,-1.58
1,2,2.1,0.6,0.6,19,34.2,-22.46,-1.54
1,2,2.1,0.6,0.9,3,34.48,-21.66,-1.47
1,2,2.1,0.6,0.9,7,34.26,-23.85,-1.65
1,2,2.1,0.6,0.9,11,34.2,-21.72,-1.47
1,2,2.1,0.6,0.9,15,34.17,-22.89,-1.58
1,2,2.1,0.6,0.9,19,34.2,-22.46,-1.54
1,2,2.1,0.6,1.2,3,34.48,-21.66,-1.47
1,2,2.1,0.6,1.2,7,34.26,-23.85,-1.65
1,2,2.1,0.6,1.2,11,34.2,-21.72,-1.47
1,2,2.1,0.6,1.2,15,34.17,-22.89,-1.58
1,2,2.1,0.6,1.2,19,34.2,-22.46,-1.54
1,2,2.1,0.6,1.5,3,34.48,-21.66,-1.47
1,2,2.1,0.6,1.5,7,34.26,-23.85,-1.65
1,2,2.1,0.6,1.5,11,34.2,-21.72,-1.47
1,2,2.1,0.6,1.5,15,34.17,-22.89,-1.58
1,2,2.1,0.6,1.5,19,34.2,-22.46,-1.54
1,2,2.1,0.6,1.8,3,34.48,-21.66,-1.47
1,2,2.1,0.6,1.8,7,34.26,-23.85,-1.65
1,2,2.1,0.6,1.8,11,34.2,-21.72,-1.47
1,2,2.1,0.6,1.8,15,34.17,-22.89,-1.58
1,2,2.1,0.6,1.8,19,34.2,-22.46,-1.54
1,2,2.1,0.6,2.1,3,34.48,-21.66,-1.47
1,2,2.1,0.6,2.1,7,34.26,-23.85,-1.65
1,2,2.1,0.6,2.1,11,34.2,-21.72,-1.47
1,2,2.1,0.6,2.1,15,34.17,-22.89,-1.58
1,2,2.1,0.6,2.1,19,34.2,-22.46,-1.54
1,2,2.1,0.9,0.0,3,33.24,-19.94,-1.27
1,2,2.1,0.9,0.0,7,33.0,-22.06,-1.42
1,2,2.1,0.9,0.0,11,32.98,-20.97,-1.34
1,2,2.1,0.9,0.0,15,32.96,-19.56,-1.22
1,2,2.1,0.9,0.0,19,32.92,-19.8,-1.24
1,2,2.1,0.9,0.3,3,33.24,-19.94,-1.27
1,2,2.1,0.9,0.3,7,33.0,-22.06,-1.42
1,2,2.1,0.9,0.3,11,32.98,-20.97,-1.34
1,2,2.1,0.9,0.3,15,32.96,-19.56,-1.22
1,2,2.1,0.9,0.3,19,32.92,-19.8,-1.24
1,2,2.1,0.9,0.6,3,33.24,-19.94,-1.27
1,2,2.1,0.9,0.6,7,33.0,-22.06,-1.42
1,2,2.1,0.9,0.6,11,32.98,-20.97,-1.34
1,2,2.1,0.9,0.6,15,32.96,-19.56,-1.22
1,2,2.1,0.9,0.6,19,32.92,-19.8,-1.24
1,2,2.1,0.9,0.9,3,33.24,-19.94,-1.27
1,2,2.1,0.9,0.9,7,33.0,-22.06,-1.42
1,2,2.1,0.9,0.9,11,32.98,-20.97,-1.34
1,2,2.1,0.9,0.9,15,32.96,-19.56,-1.22
1,2,2.1,0.9,0.9,19,32.92,-19.8,-1.24
1,2,2.1,0.9,1.2,3,33.24,-19.94,-1.27
1,2,2.1,0.9,1.2,7,33.0,-22.06,-1.42
1,2,2.1,0.9,1.2,11,32.98,-20.97,-1.34
1,2,2.1,0.9,1.2,15,32.96,-19.56,-1.22
1,2,2.1,0.9,1.2,19,32.92,-19.8,-1.24
1,2,2.1,0.9,1.5,3,33.24,-19.94,-1.27
1,2,2.1,0.9,1.5,7,33.0,-22.06,-1.42
1,2,2.1,0.9,1.5,11,32.98,-20.97,-1.34
1,2,2.1,0.9,1.5,15,32.96,-19.56,-1.22
1,2,2.1,0.9,1.5,19,32.92,-19.8,-1.24
1,2,2.1,0.9,1.8,3,33.24,-19.94,-1.27
1,2,2.1,0.9,1.8,7,33.0,-22.06,-1.42
1,2,2.1,0.9,1.8,11,32.98,-20.97,-1.34
1,2,2.1,0.9,1.8,15,32.96,-19.56,-1.22
1,2,2.1,0.9,1.8,19,32.92,-19.8,-1.24
1,2,2.1,0.9,2.1,3,33.24,-19.94,-1.27
1,2,2.1,0.9,2.1,7,33.0,-22.06,-1.42
1,2,2.1,0.9,2.1,11,32.98,-20.97,-1.34
1,2,2.1,0.9,2.1,15,32.96,-19.56,-1.22
1,2,2.1,0.9,2.1,19,32.92,-19.8,-1.24
1,2,2.1,1.2,0.0,3,32.46,-28.4,-1.89
1,2,2.1,1.2,0.0,7,32.4,-24.18,-1.54
1,2,2.1,1.2,0.0,11,32.45,-21.79,-1.36
1,2,2.1,1.2,0.0,15,32.41,-22.72,-1.43
1,2,2.1,1.2,0.0,19,32.45,-19.02,-1.14
1,2,2.1,1.2,0.3,3,32.46,-28.4,-1.89
1,2,2.1,1.2,0.3,7,32.4,-24.18,-1.54
1,2,2.1,1.2,0.3,11,32.45,-21.79,-1.36
1,2,2.1,1.2,0.3,15,32.41,-22.72,-1.43
1,2,2.1,1.2,0.3,19,32.45,-19.02,-1.14
1,2,2.1,1.2,0.6,3,32.46,-28.4,-1.89
1,2,2.1,1.2,0.6,7,32.4,-24.18,-1.54
1,2,2.1,1.2,0.6,11,32.45,-21.79,-1.36
1,2,2.1,1.2,0.6,15,32.41,-22.72,-1.43
1,2,2.1,1.2,0.6,19,32.45,-19.02,-1.14
1,2,2.1,1.2,0.9,3,32.46,-28.4,-1.89
1,2,2.1,1.2,0.9,7,32.4,-24.18,-1.54
1,2,2.1,1.2,0.9,11,32.45,-21.79,-1.36
1,2,2.1,1.2,0.9,15,32.41,-22.72,-1.43
1,2,2.1,1.2,0.9,19,32.45,-19.02,-1.14
1,2,2.1,1.2,1.2,3,32.46,-28.4,-1.89
1,2,2.1,1.2,1.2,7,32.4,-24.18,-1.54
1,2,2.1,1.2,1.2,11,32.45,-21.79,-1.36
1,2,2.1,1.2,1.2,15,32.41,-22.72,-1.43
1,2,2.1,1.2,1.2,19,32.45,-19.02,-1.14
1,2,2.1,1.2,1.5,3,32.46,-28.4,-1.89
1,2,2.1,1.2,1.5,7,32.4,-24.18,-1.54
1,2,2.1,1.2,1.5,11,32.45,-21.79,-1.36
1,2,2.1,1.2,1.5,15,32.41,-22.72,-1.43
1,2,2.1,1.2,1.5,19,32.45,-19.02,-1.14
1,2,2.1,1.2,1.8,3,32.46,-28.4,-1.89
1,2,2.1,1.2,1.8,7,32.4,-24.18,-1.54
1,2,2.1,1.2,1.8,11,32.45,-21.79,-1.36
1,2,2.1,1.2,1.8,15,32.41,-22.72,-1.43
1,2,2.1,1.2,1.8,19,32.45,-19.02,-1.14
1,2,2.1,1.2,2.1,3,32.46,-28.4,-1.89
1,2,2.1,1.2,2.1,7,32.4,-24.18,-1.54
1,2,2.1,1.2,2.1,11,32.45,-21.79,-1.36
1,2,2.1,1.2,2.1,15,32.41,-22.72,-1.43
1,2,2.1,1.2,2.1,19,32.45,-19.02,-1.14
1,2,2.1,1.5,0.0,3,32.26,-24.69,-1.55
1,2,2.1,1.5,0.0,7,32.25,-20.43,-1.22
1,2,2.1,1.5,0.0,11,32.25,-15.22,-0.83
1,2,2.1,1.5,0.0,15,32.25,-14.88,-0.81
1,2,2.1,1.5,0.0,19,32.25,-15.23,-0.83
1,2,2.1,1.5,0.3,3,32.26,-24.69,-1.55
1,2,2.1,1.5,0.3,7,32.25,-20.43,-1.22
1,2,2.1,1.5,0.3,11,32.25,-15.22,-0.83
1,2,2.1,1.5,0.3,15,32.25,-14.88,-0.81
1,2,2.1,1.5,0.3,19,32.25,-15.23,-0.83
1,2,2.1,1.5,0.6,3,32.26,-24.69,-1.55
1,2,2.1,1.5,0.6,7,32.25,-20.43,-1.22
1,2,2.1,1.5,0.6,11,32.25,-15.22,-0.83
1,2,2.1,1.5,0.6,15,32.25,-14.88,-0.81
1,2,2.1,1.5,0.6,19,32.25,-15.23,-0.83
1,2,2.1,1.5,0.9,3,32.26,-24.69,-1.55
1,2,2.1,1.5,0.9,7,32.25,-20.43,-1.22
1,2,2.1,1.5,0.9,11,32.25,-15.22,-0.83
1,2,2.1,1.5,0.9,15,32.25,-14.88,-0.81
1,2,2.1,1.5,0.9,19,32.25,-15.23,-0.83
1,2,2.1,1.5,1.2,3,32.26,-24.69,-1.55
1,2,2.1,1.5,1.2,7,32.25,-20.43,-1.22
1,2,2.1,1.5,1.2,11,32.25,-15.22,-0.83
1,2,2.1,1.5,1.2,15,32.25,-14.88,-0.81
1,2,2.1,1.5,1.2,19,32.25,-15.23,-0.83
1,2,2.1,1.5,1.5,3,32.26,-24.69,-1.55
1,2,2.1,1.5,1.5,7,32.25,-20.43,-1.22
1,2,2.1,1.5,1.5,11,32.25,-15.22,-0.83
1,2,2.1,1.5,1.5,15,32.25,-14.88,-0.81
1,2,2.1,1.5,1.5,19,32.25,-15.23,-0.83
1,2,2.1,1.5,1.8,3,32.26,-24.69,-1.55
1,2,2.1,1.5,1.8,7,32.25,-20.43,-1.22
1,2,2.1,1.5,1.8,11,32.25,-15.22,-0.83
1,2,2.1,1.5,1.8,15,32.25,-14.88,-0.81
1,2,2.1,1.5,1.8,19,32.25,-15.23,-0.83
1,2,2.1,1.5,2.1,3,32.26,-24.69,-1.55
1,2,2.1,1.5,2.1,7,32.25,-20.43,-1.22
1,2,2.1,1.5,2.1,11,32.25,-15.22,-0.83
1,2,2.1,1.5,2.1,15,32.25,-14.88,-0.81
1,2,2.1,1.5,2.1,19,32.25,-15.23,-0.83
1,2,2.1,1.8,0.0,3,32.18,-16.38,-0.9
1,2,2.1,1.8,0.0,7,32.15,-13.95,-0.73
1,2,2.1,1.8,0.0,11,32.11,-13.38,-0.69
1,2,2.1,1.8,0.0,15,32.13,-12.01,-0.6
1,2,2.1,1.8,0.0,19,32.13,-10.81,-0.52
1,2,2.1,1.8,0.3,3,32.18,-16.38,-0.9
1,2,2.1,1.8,0.3,7,32.15,-13.95,-0.73
1,2,2.1,1.8,0.3,11,32.11,-13.38,-0.69
1,2,2.1,1.8,0.3,15,32.13,-12.01,-0.6
1,2,2.1,1.8,0.3,19,32.13,-10.81,-0.52
1,2,2.1,1.8,0.6,3,32.18,-16.38,-0.9
1,2,2.1,1.8,0.6,7,32.15,-13.95,-0.73
1,2,2.1,1.8,0.6,11,32.11,-13.38,-0.69
1,2,2.1,1.8,0.6,15,32.13,-12.01,-0.6
1,2,2.1,1.8,0.6,19,32.13,-10.81,-0.52
1,2,2.1,1.8,0.9,3,32.18,-16.38,-0.9
1,2,2.1,1.8,0.9,7,32.15,-13.95,-0.73
1,2,2.1,1.8,0.9,11,32.11,-13.38,-0.69
1,2,2.1,1.8,0.9,15,32.13,-12.01,-0.6
1,2,2.1,1.8,0.9,19,32.13,-10.81,-0.52
1,2,2.1,1.8,1.2,3,32.18,-16.38,-0.9
1,2,2.1,1.8,1.2,7,32.15,-13.95,-0.73
1,2,2.1,1.8,1.2,11,32.11,-13.38,-0.69
1,2,2.1,1.8,1.2,15,32.13,-12.01,-0.6
1,2,2.1,1.8,1.2,19,32.13,-10.81,-0.52
1,2,2.1,1.8,1.5,3,32.18,-16.38,-0.9
1,2,2.1,1.8,1.5,7,32.15,-13.95,-0.73
1,2,2.1,1.8,1.5,11,32.11,-13.38,-0.69
1,2,2.1,1.8,1.5,15,32.13,-12.01,-0.6
1,2,2.1,1.8,1.5,19,32.13,-10.81,-0.52
1,2,2.1,1.8,1.8,3,32.18,-16.38,-0.9
1,2,2.1,1.8,1.8,7,32.15,-13.95,-0.73
1,2,2.1,1.8,1.8,11,32.11,-13.38,-0.69
1,2,2.1,1.8,1.8,15,32.13,-12.01,-0.6
1,2,2.1,1.8,1.8,19,32.13,-10.81,-0.52
1,2,2.1,1.8,2.1,3,32.18,-16.38,-0.9
1,2,2.1,1.8,2.1,7,32.15,-13.95,-0.73
1,2,2.1,1.8,2.1,11,32.11,-13.38,-0.69
1,2,2.1,1.8,2.1,15,32.13,-12.01,-0.6
1,2,2.1,1.8,2.1,19,32.13,-10.81,-0.52
1,2,2.1,2.1,0.0,3,32.15,-11.66,-0.57
1,2,2.1,2.1,0.0,7,32.1,-14.48,-0.76
1,2,2.1,2.1,0.0,11,32.1,-17.45,-0.97
1,2,2.1,2.1,0.0,15,32.1,-16.33,-0.89
1,2,2.1,2.1,0.0,19,32.1,-15.64,-0.84
1,2,2.1,2.1,0.3,3,32.15,-11.66,-0.57
1,2,2.1,2.1,0.3,7,32.1,-14.48,-0.76
1,2,2.1,2.1,0.3,11,32.1,-17.45,-0.97
1,2,2.1,2.1,0.3,15,32.1,-16.33,-0.89
1,2,2.1,2.1,0.3,19,32.1,-15.64,-0.84
1,2,2.1,2.1,0.6,3,32.15,-11.66,-0.57
1,2,2.1,2.1,0.6,7,32.1,-14.48,-0.76
1,2,2.1,2.1,0.6,11,32.1,-17.45,-0.97
1,2,2.1,2.1,0.6,15,32.1,-16.33,-0.89
1,2,2.1,2.1,0.6,19,32.1,-15.64,-0.84
1,2,2.1,2.1,0.9,3,32.15,-11.66,-0.57
1,2,2.1,2.1,0.9,7,32.1,-14.48,-0.76
1,2,2.1,2.1,0.9,11,32.1,-17.45,-0.97
1,2,2.1,2.1,0.9,15,32.1,-16.33,-0.89
1,2,2.1,2.1,0.9,19,32.1,-15.64,-0.84
1,2,2.1,2.1,1.2,3,32.15,-11.66,-0.57
1,2,2.1,2.1,1.2,7,32.1,-14.48,-0.76
1,2,2.1,2.1,1.2,11,32.1,-17.45,-0.97
1,2,2.1,2.1,1.2,15,32.1,-16.33,-0.89
1,2,2.1,2.1,1.2,19,32.1,-15.64,-0.84
1,2,2.1,2.1,1.5,3,32.15,-11.66,-0.57
1,2,2.1,2.1,1.5,7,32.1,-14.48,-0.76
1,2,2.1,2.1,1.5,11,32.1,-17.45,-0.97
1,2,2.1,2.1,1.5,15,32.1,-16.33,-0.89
1,2,2.1,2.1,1.5,19,32.1,-15.64,-0.84
1,2,2.1,2.1,1.8,3,32.15,-11.66,-0.57
1,2,2.1,2.1,1.8,7,32.1,-14.48,-0.76
1,2,2.1,2.1,1.8,11,32.1,-17.45,-0.97
1,2,2.1,2.1,1.8,15,32.1,-16.33,-0.89
1,2,2.1,2.1,1.8,19,32.1,-15.64,-0.84
1,2,2.1,2.1,2.1,3,32.15,-11.66,-0.57
1,2,2.1,2.1,2.1,7,32.1,-14.48,-0.76
1,2,2.1,2.1,2.1,11,32.1,-17.45,-0.97
1,2,2.1,2.1,2.1,15,32.1,-16.33,-0.89
1,2,2.1,2.1,2.1,19,32.1,-15.64,-0.84
1,5,0.0,0.0,0.0,3,47.63,-11.75,-1.23
1,5,0.0,0.0,0.0,7,47.63,-11.75,-1.23
1,5,0.0,0.0,0.0,11,47.63,-11.75,-1.23
1,5,0.0,0.0,0.0,15,47.63,-11.8,-1.23
1,5,0.0,0.0,0.0,19,47.63,-10.17,-1.04
1,5,0.0,0.0,0.3,3,47.63,-11.75,-1.23
1,5,0.0,0.0,0.3,7,47.63,-11.75,-1.23
1,5,0.0,0.0,0.3,11,47.63,-11.75,-1.23
1,5,0.0,0.0,0.3,15,47.63,-11.8,-1.23
1,5,0.0,0.0,0.3,19,47.63,-10.17,-1.04
1,5,0.0,0.0,0.6,3,47.63,-11.75,-1.23
1,5,0.0,0.0,0.6,7,47.63,-11.75,-1.23
1,5,0.0,0.0,0.6,11,47.63,-11.75,-1.23
1,5,0.0,0.0,0.6,15,47.63,-11.8,-1.23
1,5,0.0,0.0,0.6,19,47.63,-10.17,-1.04
1,5,0.0,0.0,0.9,3,47.63,-11.75,-1.23
1,5,0.0,0.0,0.9,7,47.63,-11.75,-1.23
1,5,0.0,0.0,0.9,11,47.63,-11.75,-1.23
1,5,0.0,0.0,0.9,15,47.63,-11.8,-1.23
1,5,0.0,0.0,0.9,19,47.63,-10.17,-1.04
1,5,0.0,0.0,1.2,3,47.63,-11.75,-1.23
1,5,0.0,0.0,1.2,7,47.63,-11.75,-1.23
1,5,0.0,0.0,1.2,11,47.63,-11.75,-1.23
1,5,0.0,0.0,1.2,15,47.63,-11.8,-1.23
1,5,0.0,0.0,1.2,19,47.63,-10.17,-1.04
1,5,0.0,0.0,1.5,3,47.63,-11.75,-1.23
1,5,0.0,0.0,1.5,7,47.63,-11.75,-1.23
1,5,0.0,0.0,1.5,11,47.63,-11.75,-1.23
1,5,0.0,0.0,1.5,15,47.63,-11.8,-1.23
1,5,0.0,0.0,1.5,19,47.63,-10.17,-1.04
1,5,0.0,0.0,1.8,3,47.63,-11.75,-1.23
1,5,0.0,0.0,1.8,7,47.63,-11.75,-1.23
1,5,0.0,0.0,1.8,11,47.63,-11.75,-1.23
1,5,0.0,0.0,1.8,15,47.63,-11.8,-1.23
1,5,0.0,0.0,1.8,19,47.63,-10.17,-1.04
1,5,0.0,0.0,2.1,3,47.63,-11.75,-1.23
1,5,0.0,0.0,2.1,7,47.63,-11.75,-1.23
1,5,0.0,0.0,2.1,11,47.63,-11.75,-1.23
1,5,0.0,0.0,2.1,15,47.63,-11.8,-1.23
1,5,0.0,0.0,2.1,19,47.63,-10.17,-1.04
1,5,0.0,0.3,0.0,3,37.44,-16.39,-1.58
1,5,0.0,0.3,0.0,7,37.03,-16.89,-1.63
1,5,0.0,0.3,0.0,11,36.78,-17.95,-1.76
1,5,0.0,0.3,0.0,15,36.58,-18.52,-1.83
1,5,0.0,0.3,0.0,19,36.49,-16.64,-1.61
1,5,0.0,0.3,0.3,3,38.72,-18.81,-1.87
1,5,0.0,0.3,0.3,7,38.43,-19.06,-1.9
1,5,0.0,0.3,0.3,11,38.39,-18.27,-1.81
1,5,0.0,0.3,0.3,15,38.23,-18.28,-1.81
1,5,0.0,0.3,0.3,19,38.1,-17.56,-1.72
1,5,0.0,0.3,0.6,3,38.72,-18.81,-1.87
1,5,0.0,0.3,0.6,7,38.43,-19.06,-1.9
1,5,0.0,0.3,0.6,11,38.39,-18.27,-1.81
1,5,0.0,0.3,0.6,15,38.23,-18.28,-1.81
1,5,0.0,0.3,0.6,19,38.1,-17.56,-1.72
1,5,0.0,0.3,0.9,3,38.72,-18.81,-1.87
1,5,0.0,0.3,0.9,7,38.43,-19.06,-1.9
1,5,0.0,0.3,0.9,11,38.39,-18.27,-1.81
1,5,0.0,0.3,0.9,15,38.23,-18.28,-1.81
1,5,0.0,0.3,0.9,19,38.1,-17.56,-1.72
1,5,0.0,0.3,1.2,3,38.72,-18.81,-1.87
1,5,0.0,0.3,1.2,7,38.43,-19.06,-1.9
1,5,0.0,0.3,1.2,11,38.39,-18.27,-1.81
1,5,0.0,0.3,1.2,15,38.23,-18.28,-1.81
1,5,0.0,0.3,1.2,19,38.1,-17.56,-1.72
1,5,0.0,0.3,1.5,3,38.72,-18.81,-1.87
1,5,0.0,0.3,1.5,7,38.43,-19.06,-1.9
1,5,0.0,0.3,1.5,11,38.39,-18.27,-1.81
1,5,0.0,0.3,1.5,15,38.23,-18.28,-1.81
1,5,0.0,0.3,1.5,19,38.1,-17.56,-1.72
1,5,0.0,0.3,1.8,3,38.72,-18.81,-1.87
1,5,0.0,0.3,1.8,7,38.43,-19.06,-1.9
1,5,0.0,0.3,1.8,11,38.39,-18.27,-1.81
1,5,0.0,0.3,1.8,15,38.23,-18.28,-1.81
1,5,0.0,0.3,1.8,19,38.1,-17.56,-1.72
1,5,0.0,0.3,2.1,3,38.72,-18.81,-1.87
1,5,0.0,0.3,2.1,7,38.43,-19.06,-1.9
1,5,0.0,0.3,2.1,11,38.39,-18.27,-1.81
1,5,0.0,0.3,2.1,15,38.23,-18.28,-1.81
1,5,0.0,0.3,2.1,19,38.1,-17.56,-1.72
1,5,0.0,0.6,0.0,3,32.04,-5.89,-0.42
1,5,0.0,0.6,0.0,7,31.34,-6.37,-0.47
1,5,0.0,0.6,0.0,11,31.09,-8.14,-0.64
1,5,0.0,0.6,0.0,15,30.89,-10.38,-0.86
1,5,0.0,0.6,0.0,19,30.89,-9.17,-0.74
1,5,0.0,0.6,0.3,3,35.38,-9.41,-0.78
1,5,0.0,0.6,0.3,7,35.05,-9.16,-0.76
1,5,0.0,0.6,0.3,11,34.89,-10.74,-0.91
1,5,0.0,0.6,0.3,15,34.85,-11.54,-1.0
1,5,0.0,0.6,0.3,19,34.89,-10.43,-0.88
1,5,0.0,0.6,0.6,3,35.38,-9.41,-0.78
1,5,0.0,0.6,0.6,7,35.05,-9.16,-0.76
1,5,0.0,0.6,0.6,11,34.89,-10.74,-0.91
1,5,0.0,0.6,0.6,15,34.85,-11.54,-1.0
1,5,0.0,0.6,0.6,19,34.89,-10.43,-0.88
1,5,0.0,0.6,0.9,3,35.38,-9.41,-0.78
1,5,0.0,0.6,0.9,7,35.05,-9.16,-0.76
1,5,0.0,0.6,0.9,11,34.89,-10.74,-0.91
1,5,0.0,0.6,0.9,15,34.85,-11.54,-1.0
1,5,0.0,0.6,0.9,19,34.89,-10.43,-0.88
1,5,0.0,0.6,1.2,3,35.38,-9.41,-0.78
1,5,0.0,0.6,1.2,7,35.05,-9.16,-0.76
1,5,0.0,0.6,1.2,11,34.89,-10.74,-0.91
1,5,0.0,0.6,1.2,15,34.85,-11.54,-1.0
1,5,0.0,0.6,1.2,19,34.89,-10.43,-0.88
1,5,0.0,0.6,1.5,3,35.38,-9.41,-0.78
1,5,0.0,0.6,1.5,7,35.05,-9.16,-0.76
1,5,0.0,0.6,1.5,11,34.89,-10.74,-0.91
1,5,0.0,0.6,1.5,15,34.85,-11.54,-1.0
1,5,0.0,0.6,1.5,19,34.89,-10.43,-0.88
1,5,0.0,0.6,1.8,3,35.38,-9.41,-0.78
1,5,0.0,0.6,1.8,7,35.05,-9.16,-0.76
1,5,0.0,0.6,1.8,11,34.89,-10.74,-0.91
1,5,0.0,0.6,1.8,15,34.85,-11.54,-1.0
1,5,0.0,0.6,1.8,19,34.89,-10.43,-0.88
1,5,0.0,0.6,2.1,3,35.38,-9.41,-0.78
1,5,0.0,0.6,2.1,7,35.05,-9.16,-0.76
1,5,0.0,0.6,2.1,11,34.89,-10.74,-0.91
1,5,0.0,0.6,2.1,15,34.85,-11.54,-1.0
1,5,0.0,0.6,2.1,19,34.89,-10.43,-0.88
1,5,0.0,0.9,0.0,3,28.82,-8.04,-0.58
1,5,0.0,0.9,0.0,7,28.74,-7.65,-0.55
1,5,0.0,0.9,0.0,11,28.37,-6.42,-0.44
1,5,0.0,0.9,0.0,15,28.12,-6.48,-0.44
1,5,0.0,0.9,0.0,19,27.84,-7.55,-0.53
1,5,0.0,0.9,0.3,3,33.81,-9.56,-0.75
1,5,0.0,0.9,0.3,7,33.61,-11.25,-0.92
1,5,0.0,0.9,0.3,11,33.57,-7.94,-0.61
1,5,0.0,0.9,0.3,15,33.57,-6.25,-0.44
1,5,0.0,0.9,0.3,19,33.48,-4.84,-0.31
1,5,0.0,0.9,0.6,3,33.81,-9.56,-0.75
1,5,0.0,0.9,0.6,7,33.61,-11.25,-0.92
1,5,0.0,0.9,0.6,11,33.57,-7.94,-0.61
1,5,0.0,0.9,0.6,15,33.57,-6.25,-0.44
1,5,0.0,0.9,0.6,19,33.48,-4.84,-0.31
1,5,0.0,0.9,0.9,3,33.81,-9.56,-0.75
1,5,0.0,0.9,0.9,7,33.61,-11.25,-0.92
1,5,0.0,0.9,0.9,11,33.57,-7.94,-0.61
1,5,0.0,0.9,0.9,15,33.57,-6.25,-0.44
1,5,0.0,0.9,0.9,19,33.48,-4.84,-0.31
1,5,0.0,0.9,1.2,3,33.81,-9.56,-0.75
1,5,0.0,0.9,1.2,7,33.61,-11.25,-0.92
1,5,0.0,0.9,1.2,11,33.57,-7.94,-0.61
1,5,0.0,0.9,1.2,15,33.57,-6.25,-0.44
1,5,0.0,0.9,1.2,19,33.48,-4.84,-0.31
1,5,0.0,0.9,1.5,3,33.81,-9.56,-0.75
1,5,0.0,0.9,1.5,7,33.61,-11.25,-0.92
1,5,0.0,0.9,1.5,11,33.57,-7.94,-0.61
1,5,0.0,0.9,1.5,15,33.57,-6.25,-0.44
1,5,0.0,0.9,1.5,19,33.48,-4.84,-0.31
1,5,0.0,0.9,1.8,3,33.81,-9.56,-0.75
1,5,0.0,0.9,1.8,7,33.61,-11.25,-0.92
1,5,0.0,0.9,1.8,11,33.57,-7.94,-0.61
1,5,0.0,0.9,1.8,15,33.57,-6.25,-0.44
1,5,0.0,0.9,1.8,19,33.48,-4.84,-0.31
1,5,0.0,0.9,2.1,3,33.81,-9.56,-0.75
1,5,0.0,0.9,2.1,7,33.61,-11.25,-0.92
1,5,0.0,0.9,2.1,11,33.57,-7.94,-0.61
1,5,0.0,0.9,2.1,15,33.57,-6.25,-0.44
1,5,0.0,0.9,2.1,19,33.48,-4.84,-0.31
1,5,0.0,1.2,0.0,3,27.13,-12.44,-0.94
1,5,0.0,1.2,0.0,7,26.85,-10.7,-0.78
1,5,0.0,1.2,0.0,11,26.68,-11.73,-0.88
1,5,0.0,1.2,0.0,15,26.68,-11.64,-0.87
1,5,0.0,1.2,0.0,19,26.68,-7.04,-0.47
1,5,0.0,1.2,0.3,3,33.07,-14.18,-1.17
1,5,0.0,1.2,0.3,7,33.03,-10.1,-0.78
1,5,0.0,1.2,0.3,11,32.99,-10.93,-0.86
1,5,0.0,1.2,0.3,15,32.99,-11.46,-0.92
1,5,0.0,1.2,0.3,19,32.99,-7.67,-0.56
1,5,0.0,1.2,0.6,3,33.07,-14.18,-1.17
1,5,0.0,1.2,0.6,7,33.03,-10.1,-0.78
1,5,0.0,1.2,0.6,11,32.99,-10.93,-0.86
1,5,0.0,1.2,0.6,15,32.99,-11.46,-0.92
1,5,0.0,1.2,0.6,19,32.99,-7.67,-0.56
1,5,0.0,1.2,0.9,3,33.07,-14.18,-1.17
1,5,0.0,1.2,0.9,7,33.03,-10.1,-0.78
1,5,0.0,1.2,0.9,11,32.99,-10.93,-0.86
1,5,0.0,1.2,0.9,15,32.99,-11.46,-0.92
1,5,0.0,1.2,0.9,19,32.99,-7.67,-0.56
1,5,0.0,1.2,1.2,3,33.07,-14.18,-1.17
1,5,0.0,1.2,1.2,7,33.03,-10.1,-0.78
1,5,0.0,1.2,1.2,11,32.99,-10.93,-0.86
1,5,0.0,1.2,1.2,15,32.99,-11.46,-0.92
1,5,0.0,1.2,1.2,19,32.99,-7.67,-0.56
1,5,0.0,1.2,1.5,3,33.07,-14.18,-1.17
1,5,0.0,1.2,1.5,7,33.03,-10.1,-0.78
1,5,0.0,1.2,1.5,11,32.99,-10.93,-0.86
1,5,0.0,1.2,1.5,15,32.99,-11.46,-0.92
1,5,0.0,1.2,1.5,19,32.99,-7.67,-0.56
1,5,0.0,1.2,1.8,3,33.07,-14.18,-1.17
1,5,0.0,1.2,1.8,7,33.03,-10.1,-0.78
1,5,0.0,1.2,1.8,11,32.99,-10.93,-0.86
1,5,0.0,1.2,1.8,15,32.99,-11.46,-0.92
1,5,0.0,1.2,1.8,19,32.99,-7.67,-0.56
1,5,0.0,1.2,2.1,3,33.07,-14.18,-1.17
1,5,0.0,1.2,2.1,7,33.03,-10.1,-0.78
1,5,0.0,1.2,2.1,11,32.99,-10.93,-0.86
1,5,0.0,1.2,2.1,15,32.99,-11.46,-0.92
1,5,0.0,1.2,2.1,19,32.99,-7.67,-0.56
1,5,0.0,1.5,0.0,3,26.35,-12.77,-0.93
1,5,0.0,1.5,0.0,7,26.06,-12.84,-0.94
1,5,0.0,1.5,0.0,11,26.02,-8.7,-0.57
1,5,0.0,1.5,0.0,15,26.1,-8.74,-0.58
1,5,0.0,1.5,0.0,19,26.1,-6.05,-0.36
1,5,0.0,1.5,0.3,3,32.82,-14.26,-1.16
1,5,0.0,1.5,0.3,7,32.74,-14.14,-1.15
1,5,0.0,1.5,0.3,11,32.78,-9.17,-0.68
1,5,0.0,1.5,0.3,15,32.78,-9.2,-0.68
1,5,0.0,1.5,0.3,19,32.74,-7.0,-0.48
1,5,0.0,1.5,0.6,3,32.82,-14.26,-1.16
1,5,0.0,1.5,0.6,7,32.74,-14.14,-1.15
1,5,0.0,1.5,0.6,11,32.78,-9.17,-0.68
1,5,0.0,1.5,0.6,15,32.78,-9.2,-0.68
1,5,0.0,1.5,0.6,19,32.74,-7.0,-0.48
1,5,0.0,1.5,0.9,3,32.82,-14.26,-1.16
1,5,0.0,1.5,0.9,7,32.74,-14.14,-1.15
1,5,0.0,1.5,0.9,11,32.78,-9.17,-0.68
1,5,0.0,1.5,0.9,15,32.78,-9.2,-0.68
1,5,0.0,1.5,0.9,19,32.74,-7.0,-0.48
1,5,0.0,1.5,1.2,3,32.82,-14.26,-1.16
1,5,0.0,1.5,1.2,7,32.74,-14.14,-1.15
1,5,0.0,1.5,1.2,11,32.78,-9.17,-0.68
1,5,0.0,1.5,1.2,15,32.78,-9.2,-0.68
1,5,0.0,1.5,1.2,19,32.74,-7.0,-0.48
1,5,0.0,1.5,1.5,3,32.82,-14.26,-1.16
1,5,0.0,1.5,1.5,7,32.74,-14.14,-1.15
1,5,0.0,1.5,1.5,11,32.78,-9.17,-0.68
1,5,0.0,1.5,1.5,15,32.78,-9.2,-0.68
1,5,0.0,1.5,1.5,19,32.74,-7.0,-0.48
1,5,0.0,1.5,1.8,3,32.82,-14.26,-1.16
1,5,0.0,1.5,1.8,7,32.74,-14.14,-1.15
1,5,0.0,1.5,1.8,11,32.78,-9.17,-0.68
1,5,0.0,1.5,1.8,15,32.78,-9.2,-0.68
1,5,0.0,1.5,1.8,19,32.74,-7.0,-0.48
1,5,0.0,1.5,2.1,3,32.82,-14.26,-1.16
1,5,0.0,1.5,2.1,7,32.74,-14.14,-1.15
1,5,0.0,1.5,2.1,11,32.78,-9.17,-0.68
1,5,0.0,1.5,2.1,15,32.78,-9.2,-0.68
1,5,0.0,1.5,2.1,19,32.74,-7.0,-0.48
1,5,0.0,1.8,0.0,3,25.98,-6.56,-0.39
1,5,0.0,1.8,0.0,7,25.86,-8.1,-0.51
1,5,0.0,1.8,0.0,11,25.77,-7.99,-0.5
1,5,0.0,1.8,0.0,15,25.77,-5.68,-0.31
1,5,0.0,1.8,0.0,19,25.77,-5.65,-0.31
1,5,0.0,1.8,0.3,3,32.74,-7.29,-0.5
1,5,0.0,1.8,0.3,7,32.7,-8.27,-0.58
1,5,0.0,1.8,0.3,11,32.66,-8.17,-0.57
1,5,0.0,1.8,0.3,15,32.66,-7.54,-0.52
1,5,0.0,1.8,0.3,19,32.66,-6.65,-0.44
1,5,0.0,1.8,0.6,3,32.74,-7.29,-0.5
1,5,0.0,1.8,0.6,7,32.7,-8.27,-0.58
1,5,0.0,1.8,0.6,11,32.66,-8.17,-0.57
1,5,0.0,1.8,0.6,15,32.66,-7.54,-0.52
1,5,0.0,1.8,0.6,19,32.66,-6.65,-0.44
1,5,0.0,1.8,0.9,3,32.74,-7.29,-0.5
1,5,0.0,1.8,0.9,7,32.7,-8.27,-0.58
1,5,0.0,1.8,0.9,11,32.66,-8.17,-0.57
1,5,0.0,1.8,0.9,15,32.66,-7.54,-0.52
1,5,0.0,1.8,0.9,19,32.66,-6.65,-0.44
1,5,0.0,1.8,1.2,3,32.74,-7.29,-0.5
1,5,0.0,1.8,1.2,7,32.7,-8.27,-0.58
1,5,0.0,1.8,1.2,11,32.66,-8.17,-0.57
1,5,0.0,1.8,1.2,15,32.66,-7.54,-0.52
1,5,0.0,1.8,1.2,19,32.66,-6.65,-0.44
1,5,0.0,1.8,1.5,3,32.74,-7.29,-0.5
1,5,0.0,1.8,1.5,7,32.7,-8.27,-0.58
1,5,0.0,1.8,1.5,11,32.66,-8.17,-0.57
1,5,0.0,1.8,1.5,15,32.66,-7.54,-0.52
1,5,0.0,1.8,1.5,19,32.66,-6.65,-0.44
1,5,0.0,1.8,1.8,3,32.74,-7.29,-0.5
1,5,0.0,1.8,1.8,7,32.7,-8.27,-0.58
1,5,0.0,1.8,1.8,11,32.66,-8.17,-0.57
1,5,0.0,1.8,1.8,15,32.66,-7.54,-0.52
1,5,0.0,1.8,1.8,19,32.66,-6.65,-0.44
1,5,0.0,1.8,2.1,3,32.74,-7.29,-0.5
1,5,0.0,1.8,2.1,7,32.7,-8.27,-0.58
1,5,0.0,1.8,2.1,11,32.66,-8.17,-0.57
1,5,0.0,1.8,2.1,15,32.66,-7.54,-0.52
1,5,0.0,1.8,2.1,19,32.66,-6.65,-0.44
1,5,0.0,2.1,0.0,3,25.77,-3.66,-0.15
1,5,0.0,2.1,0.0,7,25.7,-5.0,-0.25
1,5,0.0,2.1,0.0,11,25.74,-5.84,-0.32
1,5,0.0,2.1,0.0,15,25.7,-3.07,-0.1
1,5,0.0,2.1,0.0,19,25.7,-2.53,-0.06
1,5,0.0,2.1,0.3,3,32.7,-6.42,-0.42
1,5,0.0,2.1,0.3,7,32.63,-8.3,-0.58
1,5,0.0,2.1,0.3,11,32.63,-9.02,-0.65
1,5,0.0,2.1,0.3,15,32.63,-7.58,-0.52
1,5,0.0,2.1,0.3,19,32.63,-6.73,-0.44
1,5,0.0,2.1,0.6,3,32.7,-6.42,-0.42
1,5,0.0,2.1,0.6,7,32.63,-8.3,-0.58
1,5,0.0,2.1,0.6,11,32.63,-9.02,-0.65
1,5,0.0,2.1,0.6,15,32.63,-7.58,-0.52
1,5,0.0,2.1,0.6,19,32.63,-6.73,-0.44
1,5,0.0,2.1,0.9,3,32.7,-6.42,-0.42
1,5,0.0,2.1,0.9,7,32.63,-8.3,-0.58
1,5,0.0,2.1,0.9,11,32.63,-9.02,-0.65
1,5,0.0,2.1,0.9,15,32.63,-7.58,-0.52
1,5,0.0,2.1,0.9,19,32.63,-6.73,-0.44
1,5,0.0,2.1,1.2,3,32.7,-6.42,-0.42
1,5,0.0,2.1,1.2,7,32.63,-8.3,-0.58
1,5,0.0,2.1,1.2,11,32.63,-9.02,-0.65
1,5,0.0,2.1,1.2,15,32.63,-7.58,-0.52
1,5,0.0,2.1,1.2,19,32.63,-6.73,-0.44
1,5,0.0,2.1,1.5,3,32.7,-6.42,-0.42
1,5,0.0,2.1,1.5,7,32.63,-8.3,-0.58
1,5,0.0,2.1,1.5,11,32.63,-9.02,-0.65
1,5,0.0,2.1,1.5,15,32.63,-7.58,-0.52
1,5,0.0,2.1,1.5,19,32.63,-6.73,-0.44
1,5,0.0,2.1,1.8,3,32.7,-6.42,-0.42
1,5,0.0,2.1,1.8,7,32.63,-8.3,-0.58
1,5,0.0,2.1,1.8,11,32.63,-9.02,-0.65
1,5,0.0,2.1,1.8,15,32.63,-7.58,-0.52
1,5,0.0,2.1,1.8,19,32.63,-6.73,-0.44
1,5,0.0,2.1,2.1,3,32.7,-6.42,-0.42
1,5,0.0,2.1,2.1,7,32.63,-8.3,-0.58
1,5,0.0,2.1,2.1,11,32.63,-9.02,-0.65
1,5,0.0,2.1,2.1,15,32.63,-7.58,-0.52
1,5,0.0,2.1,2.1,19,32.63,-6.73,-0.44
1,5,0.3,0.0,0.0,3,55.71,-14.2,-1.31
1,5,0.3,0.0,0.0,7,55.49,-10.11,-0.94
1,5,0.3,0.0,0.0,11,55.32,-9.52,-0.87
1,5,0.3,0.0,0.0,15,55.28,-9.12,-0.83
1,5,0.3,0.0,0.0,19,55.16,-8.5,-0.77
1,5,0.3,0.0,0.3,3,55.71,-14.2,-1.31
1,5,0.3,0.0,0.3,7,55.49,-10.11,-0.94
1,5,0.3,0.0,0.3,11,55.32,-9.52,-0.87
1,5,0.3,0.0,0.3,15,55.28,-9.12,-0.83
1,5,0.3,0.0,0.3,19,55.16,-8.5,-0.77
1,5,0.3,0.0,0.6,3,55.71,-14.2,-1.31
1,5,0.3,0.0,0.6,7,55.49,-10.11,-0.94
1,5,0.3,0.0,0.6,11,55.32,-9.52,-0.87
1,5,0.3,0.0,0.6,15,55.28,-9.12,-0.83
1,5,0.3,0.0,0.6,19,55.16,-8.5,-0.77
1,5,0.3,0.0,0.9,3,55.71,-14.2,-1.31
1,5,0.3,0.0,0.9,7,55.49,-10.11,-0.94
1,5,0.3,0.0,0.9,11,55.32,-9.52,-0.87
1,5,0.3,0.0,0.9,15,55.28,-9.12,-0.83
1,5,0.3,0.0,0.9,19,55.16,-8.5,-0.77
1,5,0.3,0.0,1.2,3,55.71,-14.2,-1.31
1,5,0.3,0.0,1.2,7,55.49,-10.11,-0.94
1,5,0.3,0.0,1.2,11,55.32,-9.52,-0.87
1,5,0.3,0.0,1.2,15,55.28,-9.12,-0.83
1,5,0.3,0.0,1.2,19,55.16,-8.5,-0.77
1,5,0.3,0.0,1.5,3,55.71,-14.2,-1.31
1,5,0.3,0.0,1.5,7,55.49,-10.11,-0.94
1,5,0.3,0.0,1.5,11,55.32,-9.52,-0.87
1,5,0.3,0.0,1.5,15,55.28,-9.12,-0.83
1,5,0.3,0.0,1.5,19,55.16,-8.5,-0.77
1,5,0.3,0.0,1.8,3,55.71,-14.2,-1.31
1,5,0.3,0.0,1.8,7,55.49,-10.11,-0.94
1,5,0.3,0.0,1.8,11,55.32,-9.52,-0.87
1,5,0.3,0.0,1.8,15,55.28,-9.12,-0.83
1,5,0.3,0.0,1.8,19,55.16,-8.5,-0.77
1,5,0.3,0.0,2.1,3,55.71,-14.2,-1.31
1,5,0.3,0.0,2.1,7,55.49,-10.11,-0.94
1,5,0.3,0.0,2.1,11,55.32,-9.52,-0.87
1,5,0.3,0.0,2.1,15,55.28,-9.12,-0.83
1,5,0.3,0.0,2.1,19,55.16,-8.5,-0.77
1,5,0.3,0.3,0.0,3,45.2,-12.53,-0.99
1,5,0.3,0.3,0.0,7,44.47,-9.34,-0.73
1,5,0.3,0.3,0.0,11,44.06,-11.42,-0.94
1,5,0.3,0.3,0.0,15,43.85,-11.25,-0.93
1,5,0.3,0.3,0.0,19,43.73,-9.54,-0.76
1,5,0.3,0.3,0.3,3,44.87,-13.76,-1.11
1,5,0.3,0.3,0.3,7,44.18,-10.59,-0.85
1,5,0.3,0.3,0.3,11,43.61,-13.16,-1.12
1,5,0.3,0.3,0.3,15,43.36,-13.24,-1.13
1,5,0.3,0.3,0.3,19,43.23,-11.73,-0.98
1,5,0.3,0.3,0.6,3,44.87,-13.76,-1.11
1,5,0.3,0.3,0.6,7,44.18,-10.59,-0.85
1,5,0.3,0.3,0.6,11,43.61,-13.16,-1.12
1,5,0.3,0.3,0.6,15,43.36,-13.24,-1.13
1,5,0.3,0.3,0.6,19,43.23,-11.73,-0.98
1,5,0.3,0.3,0.9,3,44.87,-13.76,-1.11
1,5,0.3,0.3,0.9,7,44.18,-10.59,-0.85
1,5,0.3,0.3,0.9,11,43.61,-13.16,-1.12
1,5,0.3,0.3,0.9,15,43.36,-13.24,-1.13
1,5,0.3,0.3,0.9,19,43.23,-11.73,-0.98
1,5,0.3,0.3,1.2,3,44.87,-13.76,-1.11
1,5,0.3,0.3,1.2,7,44.18,-10.59,-0.85
1,5,0.3,0.3,1.2,11,43.61,-13.16,-1.12
1,5,0.3,0.3,1.2,15,43.36,-13.24,-1.13
1,5,0.3,0.3,1.2,19,43.23,-11.73,-0.98
1,5,0.3,0.3,1.5,3,44.87,-13.76,-1.11
1,5,0.3,0.3,1.5,7,44.18,-10.59,-0.85
1,5,0.3,0.3,1.5,11,43.61,-13.16,-1.12
1,5,0.3,0.3,1.5,15,43.36,-13.24,-1.13
1,5,0.3,0.3,1.5,19,43.23,-11.73,-0.98
1,5,0.3,0.3,1.8,3,44.87,-13.76,-1.11
1,5,0.3,0.3,1.8,7,44.18,-10.59,-0.85
1,5,0.3,0.3,1.8,11,43.61,-13.16,-1.12
1,5,0.3,0.3,1.8,15,43.36,-13.24,-1.13
1,5,0.3,0.3,1.8,19,43.23,-11.73,-0.98
1,5,0.3,0.3,2.1,3,44.87,-13.76,-1.11
1,5,0.3,0.3,2.1,7,44.18,-10.59,-0.85
1,5,0.3,0.3,2.1,11,43.61,-13.16,-1.12
1,5,0.3,0.3,2.1,15,43.36,-13.24,-1.13
1,5,0.3,0.3,2.1,19,43.23,-11.73,-0.98
1,5,0.3,0.6,0.0,3,38.93,1.2,0.22
1,5,0.3,0.6,0.0,7,38.16,5.61,0.56
1,5,0.3,0.6,0.0,11,37.87,3.16,0.37
1,5,0.3,0.6,0.0,15,37.58,0.57,0.16
1,5,0.3,0.6,0.0,19,37.42,-0.52,0.08
1,5,0.3,0.6,0.3,3,38.93,-1.55,0.0
1,5,0.3,0.6,0.3,7,38.12,3.46,0.39
1,5,0.3,0.6,0.3,11,37.62,0.37,0.15
1,5,0.3,0.6,0.3,15,37.25,-2.31,-0.07
1,5,0.3,0.6,0.3,19,37.29,-1.96,-0.04
1,5,0.3,0.6,0.6,3,38.93,-1.55,0.0
1,5,0.3,0.6,0.6,7,38.12,3.46,0.39
1,5,0.3,0.6,0.6,11,37.62,0.37,0.15
1,5,0.3,0.6,0.6,15,37.25,-2.31,-0.07
1,5,0.3,0.6,0.6,19,37.29,-1.96,-0.04
1,5,0.3,0.6,0.9,3,38.93,-1.55,0.0
1,5,0.3,0.6,0.9,7,38.12,3.46,0.39
1,5,0.3,0.6,0.9,11,37.62,0.37,0.15
1,5,0.3,0.6,0.9,15,37.25,-2.31,-0.07
1,5,0.3,0.6,0.9,19,37.29,-1.96,-0.04
1,5,0.3,0.6,1.2,3,38.93,-1.55,0.0
1,5,0.3,0.6,1.2,7,38.12,3.46,0.39
1,5,0.3,0.6,1.2,11,37.62,0.37,0.15
1,5,0.3,0.6,1.2,15,37.25,-2.31,-0.07
1,5,0.3,0.6,1.2,19,37.29,-1.96,-0.04
1,5,0.3,0.6,1.5,3,38.93,-1.55,0.0
1,5,0.3,0.6,1.5,7,38.12,3.46,0.39
1,5,0.3,0.6,1.5,11,37.62,0.37,0.15
1,5,0.3,0.6,1.5,15,37.25,-2.31,-0.07
1,5,0.3,0.6,1.5,19,37.29,-1.96,-0.04
1,5,0.3,0.6,1.8,3,38.93,-1.55,0.0
1,5,0.3,0.6,1.8,7,38.12,3.46,0.39
1,5,0.3,0.6,1.8,11,37.62,0.37,0.15
1,5,0.3,0.6,1.8,15,37.25,-2.31,-0.07
1,5,0.3,0.6,1.8,19,37.29,-1.96,-0.04
1,5,0.3,0.6,2.1,3,38.93,-1.55,0.0
1,5,0.3,0.6,2.1,7,38.12,3.46,0.39
1,5,0.3,0.6,2.1,11,37.62,0.37,0.15
1,5,0.3,0.6,2.1,15,37.25,-2.31,-0.07
1,5,0.3,0.6,2.1,19,37.29,-1.96,-0.04
1,5,0.3,0.9,0.0,3,35.22,-1.16,0.05
1,5,0.3,0.9,0.0,7,35.02,5.03,0.5
1,5,0.3,0.9,0.0,11,34.57,5.43,0.53
1,5,0.3,0.9,0.0,15,34.28,5.12,0.5
1,5,0.3,0.9,0.0,19,33.87,2.05,0.28
1,5,0.3,0.9,0.3,3,36.16,-1.94,-0.02
1,5,0.3,0.9,0.3,7,35.68,1.79,0.26
1,5,0.3,0.9,0.3,11,35.19,2.59,0.32
1,5,0.3,0.9,0.3,15,34.82,1.98,0.27
1,5,0.3,0.9,0.3,19,34.65,1.53,0.24
1,5,0.3,0.9,0.6,3,36.16,-1.94,-0.02
1,5,0.3,0.9,0.6,7,35.68,1.79,0.26
1,5,0.3,0.9,0.6,11,35.19,2.59,0.32
1,5,0.3,0.9,0.6,15,34.82,1.98,0.27
1,5,0.3,0.9,0.6,19,34.65,1.53,0.24
1,5,0.3,0.9,0.9,3,36.16,-1.94,-0.02
1,5,0.3,0.9,0.9,7,35.68,1.79,0.26
1,5,0.3,0.9,0.9,11,35.19,2.59,0.32
1,5,0.3,0.9,0.9,15,34.82,1.98,0.27
1,5,0.3,0.9,0.9,19,34.65,1.53,0.24
1,5,0.3,0.9,1.2,3,36.16,-1.94,-0.02
1,5,0.3,0.9,1.2,7,35.68,1.79,0.26
1,5,0.3,0.9,1.2,11,35.19,2.59,0.32
1,5,0.3,0.9,1.2,15,34.82,1.98,0.27
1,5,0.3,0.9,1.2,19,34.65,1.53,0.24
1,5,0.3,0.9,1.5,3,36.16,-1.94,-0.02
1,5,0.3,0.9,1.5,7,35.68,1.79,0.26
1,5,0.3,0.9,1.5,11,35.19,2.59,0.32
1,5,0.3,0.9,1.5,15,34.82,1.98,0.27
1,5,0.3,0.9,1.5,19,34.65,1.53,0.24
1,5,0.3,0.9,1.8,3,36.16,-1.94,-0.02
1,5,0.3,0.9,1.8,7,35.68,1.79,0.26
1,5,0.3,0.9,1.8,11,35.19,2.59,0.32
1,5,0.3,0.9,1.8,15,34.82,1.98,0.27
1,5,0.3,0.9,1.8,19,34.65,1.53,0.24
1,5,0.3,0.9,2.1,3,36.16,-1.94,-0.02
1,5,0.3,0.9,2.1,7,35.68,1.79,0.26
1,5,0.3,0.9,2.1,11,35.19,2.59,0.32
1,5,0.3,0.9,2.1,15,34.82,1.98,0.27
1,5,0.3,0.9,2.1,19,34.65,1.53,0.24
1,5,0.3,1.2,0.0,3,33.28,-7.66,-0.43
1,5,0.3,1.2,0.0,7,32.84,1.39,0.23
1,5,0.3,1.2,0.0,11,32.59,1.67,0.25
1,5,0.3,1.2,0.0,15,32.55,2.5,0.31
1,5,0.3,1.2,0.0,19,32.43,4.05,0.42
1,5,0.3,1.2,0.3,3,35.09,-7.24,-0.41
1,5,0.3,1.2,0.3,7,34.65,1.42,0.23
1,5,0.3,1.2,0.3,11,34.24,-0.0,0.13
1,5,0.3,1.2,0.3,15,33.99,0.8,0.19
1,5,0.3,1.2,0.3,19,33.95,3.96,0.42
1,5,0.3,1.2,0.6,3,35.09,-7.24,-0.41
1,5,0.3,1.2,0.6,7,34.65,1.42,0.23
1,5,0.3,1.2,0.6,11,34.24,-0.0,0.13
1,5,0.3,1.2,0.6,15,33.99,0.8,0.19
1,5,0.3,1.2,0.6,19,33.95,3.96,0.42
1,5,0.3,1.2,0.9,3,35.09,-7.24,-0.41
1,5,0.3,1.2,0.9,7,34.65,1.42,0.23
1,5,0.3,1.2,0.9,11,34.24,-0.0,0.13
1,5,0.3,1.2,0.9,15,33.99,0.8,0.19
1,5,0.3,1.2,0.9,19,33.95,3.96,0.42
1,5,0.3,1.2,1.2,3,35.09,-7.24,-0.41
1,5,0.3,1.2,1.2,7,34.65,1.42,0.23
1,5,0.3,1.2,1.2,11,34.24,-0.0,0.13
1,5,0.3,1.2,1.2,15,33.99,0.8,0.19
1,5,0.3,1.2,1.2,19,33.95,3.96,0.42
1,5,0.3,1.2,1.5,3,35.09,-7.24,-0.41
1,5,0.3,1.2,1.5,7,34.65,1.42,0.23
1,5,0.3,1.2,1.5,11,34.24,-0.0,0.13
1,5,0.3,1.2,1.5,15,33.99,0.8,0.19
1,5,0.3,1.2,1.5,19,33.95,3.96,0.42
1,5,0.3,1.2,1.8,3,35.09,-7.24,-0.41
1,5,0.3,1.2,1.8,7,34.65,1.42,0.23
1,5,0.3,1.2,1.8,11,34.24,-0.0,0.13
1,5,0.3,1.2,1.8,15,33.99,0.8,0.19
1,5,0.3,1.2,1.8,19,33.95,3.96,0.42
1,5,0.3,1.2,2.1,3,35.09,-7.24,-0.41
1,5,0.3,1.2,2.1,7,34.65,1.42,0.23
1,5,0.3,1.2,2.1,11,34.24,-0.0,0.13
1,5,0.3,1.2,2.1,15,33.99,0.8,0.19
1,5,0.3,1.2,2.1,19,33.95,3.96,0.42
1,5,0.3,1.5,0.0,3,32.37,-6.1,-0.29
1,5,0.3,1.5,0.0,7,31.97,1.11,0.21
1,5,0.3,1.5,0.0,11,31.85,4.03,0.41
1,5,0.3,1.5,0.0,15,31.89,4.65,0.45
1,5,0.3,1.5,0.0,19,31.81,5.91,0.54
1,5,0.3,1.5,0.3,3,34.64,-5.82,-0.29
1,5,0.3,1.5,0.3,7,34.24,0.91,0.2
1,5,0.3,1.5,0.3,11,33.95,3.83,0.4
1,5,0.3,1.5,0.3,15,33.66,2.55,0.31
1,5,0.3,1.5,0.3,19,33.58,3.91,0.41
1,5,0.3,1.5,0.6,3,34.64,-5.82,-0.29
1,5,0.3,1.5,0.6,7,34.24,0.91,0.2
1,5,0.3,1.5,0.6,11,33.95,3.83,0.4
1,5,0.3,1.5,0.6,15,33.66,2.55,0.31
1,5,0.3,1.5,0.6,19,33.58,3.91,0.41
1,5,0.3,1.5,0.9,3,34.64,-5.82,-0.29
1,5,0.3,1.5,0.9,7,34.24,0.91,0.2
1,5,0.3,1.5,0.9,11,33.95,3.83,0.4
1,5,0.3,1.5,0.9,15,33.66,2.55,0.31
1,5,0.3,1.5,0.9,19,33.58,3.91,0.41
1,5,0.3,1.5,1.2,3,34.64,-5.82,-0.29
1,5,0.3,1.5,1.2,7,34.24,0.91,0.2
1,5,0.3,1.5,1.2,11,33.95,3.83,0.4
1,5,0.3,1.5,1.2,15,33.66,2.55,0.31
1,5,0.3,1.5,1.2,19,33.58,3.91,0.41
1,5,0.3,1.5,1.5,3,34.64,-5.82,-0.29
1,5,0.3,1.5,1.5,7,34.24,0.91,0.2
1,5,0.3,1.5,1.5,11,33.95,3.83,0.4
1,5,0.3,1.5,1.5,15,33.66,2.55,0.31
1,5,0.3,1.5,1.5,19,33.58,3.91,0.41
1,5,0.3,1.5,1.8,3,34.64,-5.82,-0.29
1,5,0.3,1.5,1.8,7,34.24,0.91,0.2
1,5,0.3,1.5,1.8,11,33.95,3.83,0.4
1,5,0.3,1.5,1.8,15,33.66,2.55,0.31
1,5,0.3,1.5,1.8,19,33.58,3.91,0.41
1,5,0.3,1.5,2.1,3,34.64,-5.82,-0.29
1,5,0.3,1.5,2.1,7,34.24,0.91,0.2
1,5,0.3,1.5,2.1,11,33.95,3.83,0.4
1,5,0.3,1.5,2.1,15,33.66,2.55,0.31
1,5,0.3,1.5,2.1,19,33.58,3.91,0.41
1,5,0.3,1.8,0.0,3,32.0,0.45,0.17
1,5,0.3,1.8,0.0,7,31.77,4.11,0.41
1,5,0.3,1.8,0.0,11,31.6,5.35,0.5
1,5,0.3,1.8,0.0,15,31.52,8.4,0.69
1,5,0.3,1.8,0.0,19,31.44,5.34,0.5
1,5,0.3,1.8,0.3,3,34.56,2.19,0.29
1,5,0.3,1.8,0.3,7,34.16,4.83,0.47
1,5,0.3,1.8,0.3,11,33.83,4.99,0.48
1,5,0.3,1.8,0.3,15,33.5,5.72,0.53
1,5,0.3,1.8,0.3,19,33.46,4.02,0.41
1,5,0.3,1.8,0.6,3,34.56,2.19,0.29
1,5,0.3,1.8,0.6,7,34.16,4.83,0.47
1,5,0.3,1.8,0.6,11,33.83,4.99,0.48
1,5,0.3,1.8,0.6,15,33.5,5.72,0.53
1,5,0.3,1.8,0.6,19,33.46,4.02,0.41
1,5,0.3,1.8,0.9,3,34.56,2.19,0.29
1,5,0.3,1.8,0.9,7,34.16,4.83,0.47
1,5,0.3,1.8,0.9,11,33.83,4.99,0.48
1,5,0.3,1.8,0.9,15,33.5,5.72,0.53
1,5,0.3,1.8,0.9,19,33.46,4.02,0.41
1,5,0.3,1.8,1.2,3,34.56,2.19,0.29
1,5,0.3,1.8,1.2,7,34.16,4.83,0.47
1,5,0.3,1.8,1.2,11,33.83,4.99,0.48
1,5,0.3,1.8,1.2,15,33.5,5.72,0.53
1,5,0.3,1.8,1.2,19,33.46,4.02,0.41
1,5,0.3,1.8,1.5,3,34.56,2.19,0.29
1,5,0.3,1.8,1.5,7,34.16,4.83,0.47
1,5,0.3,1.8,1.5,11,33.83,4.99,0.48
1,5,0.3,1.8,1.5,15,33.5,5.72,0.53
1,5,0.3,1.8,1.5,19,33.46,4.02,0.41
1,5,0.3,1.8,1.8,3,34.56,2.19,0.29
1,5,0.3,1.8,1.8,7,34.16,4.83,0.47
1,5,0.3,1.8,1.8,11,33.83,4.99,0.48
1,5,0.3,1.8,1.8,15,33.5,5.72,0.53
1,5,0.3,1.8,1.8,19,33.46,4.02,0.41
1,5,0.3,1.8,2.1,3,34.56,2.19,0.29
1,5,0.3,1.8,2.1,7,34.16,4.83,0.47
1,5,0.3,1.8,2.1,11,33.83,4.99,0.48
1,5,0.3,1.8,2.1,15,33.5,5.72,0.53
1,5,0.3,1.8,2.1,19,33.46,4.02,0.41
1,5,0.3,2.1,0.0,3,31.71,0.57,0.18
1,5,0.3,2.1,0.0,7,31.57,8.25,0.67
1,5,0.3,2.1,0.0,11,31.49,6.59,0.57
1,5,0.3,2.1,0.0,15,31.37,9.59,0.76
1,5,0.3,2.1,0.0,19,31.24,6.96,0.59
1,5,0.3,2.1,0.3,3,34.47,4.17,0.42
1,5,0.3,2.1,0.3,7,34.09,5.37,0.5
1,5,0.3,2.1,0.3,11,33.76,3.89,0.4
1,5,0.3,2.1,0.3,15,33.47,5.39,0.51
1,5,0.3,2.1,0.3,19,33.43,4.27,0.43
1,5,0.3,2.1,0.6,3,34.47,4.17,0.42
1,5,0.3,2.1,0.6,7,34.09,5.37,0.5
1,5,0.3,2.1,0.6,11,33.76,3.89,0.4
1,5,0.3,2.1,0.6,15,33.47,5.39,0.51
1,5,0.3,2.1,0.6,19,33.43,4.27,0.43
1,5,0.3,2.1,0.9,3,34.47,4.17,0.42
1,5,0.3,2.1,0.9,7,34.09,5.37,0.5
1,5,0.3,2.1,0.9,11,33.76,3.89,0.4
1,5,0.3,2.1,0.9,15,33.47,5.39,0.51
1,5,0.3,2.1,0.9,19,33.43,4.27,0.43
1,5,0.3,2.1,1.2,3,34.47,4.17,0.42
1,5,0.3,2.1,1.2,7,34.09,5.37,0.5
1,5,0.3,2.1,1.2,11,33.76,3.89,0.4
1,5,0.3,2.1,1.2,15,33.47,5.39,0.51
1,5,0.3,2.1,1.2,19,33.43,4.27,0.43
1,5,0.3,2.1,1.5,3,34.47,4.17,0.42
1,5,0.3,2.1,1.5,7,34.09,5.37,0.5
1,5,0.3,2.1,1.5,11,33.76,3.89,0.4
1,5,0.3,2.1,1.5,15,33.47,5.39,0.51
1,5,0.3,2.1,1.5,19,33.43,4.27,0.43
1,5,0.3,2.1,1.8,3,34.47,4.17,0.42
1,5,0.3,2.1,1.8,7,34.09,5.37,0.5
1,5,0.3,2.1,1.8,11,33.76,3.89,0.4
1,5,0.3,2.1,1.8,15,33.47,5.39,0.51
1,5,0.3,2.1,1.8,19,33.43,4.27,0.43
1,5,0.3,2.1,2.1,3,34.47,4.17,0.42
1,5,0.3,2.1,2.1,7,34.09,5.37,0.5
1,5,0.3,2.1,2.1,11,33.76,3.89,0.4
1,5,0.3,2.1,2.1,15,33.47,5.39,0.51
1,5,0.3,2.1,2.1,19,33.43,4.27,0.43
1,5,0.6,0.0,0.0,3,57.76,-15.94,-1.37
1,5,0.6,0.0,0.0,7,57.67,-13.72,-1.18
1,5,0.6,0.0,0.0,11,57.63,-14.11,-1.22
1,5,0.6,0.0,0.0,15,57.63,-14.06,-1.21
1,5,0.6,0.0,0.0,19,57.63,-12.45,-1.05
1,5,0.6,0.0,0.3,3,57.76,-15.94,-1.37
1,5,0.6,0.0,0.3,7,57.67,-13.72,-1.18
1,5,0.6,0.0,0.3,11,57.63,-14.11,-1.22
1,5,0.6,0.0,0.3,15,57.63,-14.06,-1.21
1,5,0.6,0.0,0.3,19,57.63,-12.45,-1.05
1,5,0.6,0.0,0.6,3,57.76,-15.94,-1.37
1,5,0.6,0.0,0.6,7,57.67,-13.72,-1.18
1,5,0.6,0.0,0.6,11,57.63,-14.11,-1.22
1,5,0.6,0.0,0.6,15,57.63,-14.06,-1.21
1,5,0.6,0.0,0.6,19,57.63,-12.45,-1.05
1,5,0.6,0.0,0.9,3,57.76,-15.94,-1.37
1,5,0.6,0.0,0.9,7,57.67,-13.72,-1.18
1,5,0.6,0.0,0.9,11,57.63,-14.11,-1.22
1,5,0.6,0.0,0.9,15,57.63,-14.06,-1.21
1,5,0.6,0.0,0.9,19,57.63,-12.45,-1.05
1,5,0.6,0.0,1.2,3,57.76,-15.94,-1.37
1,5,0.6,0.0,1.2,7,57.67,-13.72,-1.18
1,5,0.6,0.0,1.2,11,57.63,-14.11,-1.22
1,5,0.6,0.0,1.2,15,57.63,-14.06,-1.21
1,5,0.6,0.0,1.2,19,57.63,-12.45,-1.05
1,5,0.6,0.0,1.5,3,57.76,-15.94,-1.37
1,5,0.6,0.0,1.5,7,57.67,-13.72,-1.18
1,5,0.6,0.0,1.5,11,57.63,-14.11,-1.22
1,5,0.6,0.0,1.5,15,57.63,-14.06,-1.21
1,5,0.6,0.0,1.5,19,57.63,-12.45,-1.05
1,5,0.6,0.0,1.8,3,57.76,-15.94,-1.37
1,5,0.6,0.0,1.8,7,57.67,-13.72,-1.18
1,5,0.6,0.0,1.8,11,57.63,-14.11,-1.22
1,5,0.6,0.0,1.8,15,57.63,-14.06,-1.21
1,5,0.6,0.0,1.8,19,57.63,-12.45,-1.05
1,5,0.6,0.0,2.1,3,57.76,-15.94,-1.37
1,5,0.6,0.0,2.1,7,57.67,-13.72,-1.18
1,5,0.6,0.0,2.1,11,57.63,-14.11,-1.22
1,5,0.6,0.0,2.1,15,57.63,-14.06,-1.21
1,5,0.6,0.0,2.1,19,57.63,-12.45,-1.05
1,5,0.6,0.3,0.0,3,46.95,-15.06,-1.14
1,5,0.6,0.3,0.0,7,46.25,-13.4,-1.01
1,5,0.6,0.3,0.0,11,46.0,-15.2,-1.19
1,5,0.6,0.3,0.0,15,45.87,-15.02,-1.17
1,5,0.6,0.3,0.0,19,45.83,-12.5,-0.94
1,5,0.6,0.3,0.3,3,46.91,-15.17,-1.15
1,5,0.6,0.3,0.3,7,46.25,-13.38,-1.01
1,5,0.6,0.3,0.3,11,46.0,-15.11,-1.18
1,5,0.6,0.3,0.3,15,45.87,-14.93,-1.16
1,5,0.6,0.3,0.3,19,45.83,-12.48,-0.94
1,5,0.6,0.3,0.6,3,46.91,-15.17,-1.15
1,5,0.6,0.3,0.6,7,46.25,-13.38,-1.01
1,5,0.6,0.3,0.6,11,46.0,-15.11,-1.18
1,5,0.6,0.3,0.6,15,45.87,-14.93,-1.16
1,5,0.6,0.3,0.6,19,45.83,-12.48,-0.94
1,5,0.6,0.3,0.9,3,46.91,-15.17,-1.15
1,5,0.6,0.3,0.9,7,46.25,-13.38,-1.01
1,5,0.6,0.3,0.9,11,46.0,-15.11,-1.18
1,5,0.6,0.3,0.9,15,45.87,-14.93,-1.16
1,5,0.6,0.3,0.9,19,45.83,-12.48,-0.94
1,5,0.6,0.3,1.2,3,46.91,-15.17,-1.15
1,5,0.6,0.3,1.2,7,46.25,-13.38,-1.01
1,5,0.6,0.3,1.2,11,46.0,-15.11,-1.18
1,5,0.6,0.3,1.2,15,45.87,-14.93,-1.16
1,5,0.6,0.3,1.2,19,45.83,-12.48,-0.94
1,5,0.6,0.3,1.5,3,46.91,-15.17,-1.15
1,5,0.6,0.3,1.5,7,46.25,-13.38,-1.01
1,5,0.6,0.3,1.5,11,46.0,-15.11,-1.18
1,5,0.6,0.3,1.5,15,45.87,-14.93,-1.16
1,5,0.6,0.3,1.5,19,45.83,-12.48,-0.94
1,5,0.6,0.3,1.8,3,46.91,-15.17,-1.15
1,5,0.6,0.3,1.8,7,46.25,-13.38,-1.01
1,5,0.6,0.3,1.8,11,46.0,-15.11,-1.18
1,5,0.6,0.3,1.8,15,45.87,-14.93,-1.16
1,5,0.6,0.3,1.8,19,45.83,-12.48,-0.94
1,5,0.6,0.3,2.1,3,46.91,-15.17,-1.15
1,5,0.6,0.3,2.1,7,46.25,-13.38,-1.01
1,5,0.6,0.3,2.1,11,46.0,-15.11,-1.18
1,5,0.6,0.3,2.1,15,45.87,-14.93,-1.16
1,5,0.6,0.3,2.1,19,45.83,-12.48,-0.94
1,5,0.6,0.6,0.0,3,40.47,-0.6,0.09
1,5,0.6,0.6,0.0,7,39.69,1.75,0.26
1,5,0.6,0.6,0.0,11,39.48,-1.03,0.05
1,5,0.6,0.6,0.0,15,39.27,-3.5,-0.14
1,5,0.6,0.6,0.0,19,39.19,-2.95,-0.1
1,5,0.6,0.6,0.3,3,40.39,-1.14,0.05
1,5,0.6,0.6,0.3,7,39.56,1.46,0.24
1,5,0.6,0.6,0.3,11,39.32,-1.61,0.01
1,5,0.6,0.6,0.3,15,39.11,-3.99,-0.18
1,5,0.6,0.6,0.3,19,39.07,-3.21,-0.12
1,5,0.6,0.6,0.6,3,40.39,-1.14,0.05
1,5,0.6,0.6,0.6,7,39.56,1.46,0.24
1,5,0.6,0.6,0.6,11,39.32,-1.61,0.01
1,5,0.6,0.6,0.6,15,39.11,-3.99,-0.18
1,5,0.6,0.6,0.6,19,39.07,-3.21,-0.12
1,5,0.6,0.6,0.9,3,40.39,-1.14,0.05
1,5,0.6,0.6,0.9,7,39.56,1.46,0.24
1,5,0.6,0.6,0.9,11,39.32,-1.61,0.01
1,5,0.6,0.6,0.9,15,39.11,-3.99,-0.18
1,5,0.6,0.6,0.9,19,39.07,-3.21,-0.12
1,5,0.6,0.6,1.2,3,40.39,-1.14,0.05
1,5,0.6,0.6,1.2,7,39.56,1.46,0.24
1,5,0.6,0.6,1.2,11,39.32,-1.61,0.01
1,5,0.6,0.6,1.2,15,39.11,-3.99,-0.18
1,5,0.6,0.6,1.2,19,39.07,-3.21,-0.12
1,5,0.6,0.6,1.5,3,40.39,-1.14,0.05
1,5,0.6,0.6,1.5,7,39.56,1.46,0.24
1,5,0.6,0.6,1.5,11,39.32,-1.61,0.01
1,5,0.6,0.6,1.5,15,39.11,-3.99,-0.18
1,5,0.6,0.6,1.5,19,39.07,-3.21,-0.12
1,5,0.6,0.6,1.8,3,40.39,-1.14,0.05
1,5,0.6,0.6,1.8,7,39.56,1.46,0.24
1,5,0.6,0.6,1.8,11,39.32,-1.61,0.01
1,5,0.6,0.6,1.8,15,39.11,-3.99,-0.18
1,5,0.6,0.6,1.8,19,39.07,-3.21,-0.12
1,5,0.6,0.6,2.1,3,40.39,-1.14,0.05
1,5,0.6,0.6,2.1,7,39.56,1.46,0.24
1,5,0.6,0.6,2.1,11,39.32,-1.61,0.01
1,5,0.6,0.6,2.1,15,39.11,-3.99,-0.18
1,5,0.6,0.6,2.1,19,39.07,-3.21,-0.12
1,5,0.6,0.9,0.0,3,36.63,-1.2,0.05
1,5,0.6,0.9,0.0,7,36.43,2.56,0.31
1,5,0.6,0.9,0.0,11,36.06,2.78,0.33
1,5,0.6,0.9,0.0,15,35.89,2.58,0.31
1,5,0.6,0.9,0.0,19,35.52,-0.25,0.12
1,5,0.6,0.9,0.3,3,36.72,0.1,0.14
1,5,0.6,0.9,0.3,7,36.43,3.97,0.41
1,5,0.6,0.9,0.3,11,36.01,4.09,0.42
1,5,0.6,0.9,0.3,15,35.89,4.07,0.42
1,5,0.6,0.9,0.3,19,35.56,0.9,0.2
1,5,0.6,0.9,0.6,3,36.72,0.1,0.14
1,5,0.6,0.9,0.6,7,36.43,3.97,0.41
1,5,0.6,0.9,0.6,11,36.01,4.09,0.42
1,5,0.6,0.9,0.6,15,35.89,4.07,0.42
1,5,0.6,0.9,0.6,19,35.56,0.9,0.2
1,5,0.6,0.9,0.9,3,36.72,0.1,0.14
1,5,0.6,0.9,0.9,7,36.43,3.97,0.41
1,5,0.6,0.9,0.9,11,36.01,4.09,0.42
1,5,0.6,0.9,0.9,15,35.89,4.07,0.42
1,5,0.6,0.9,0.9,19,35.56,0.9,0.2
1,5,0.6,0.9,1.2,3,36.72,0.1,0.14
1,5,0.6,0.9,1.2,7,36.43,3.97,0.41
1,5,0.6,0.9,1.2,11,36.01,4.09,0.42
1,5,0.6,0.9,1.2,15,35.89,4.07,0.42
1,5,0.6,0.9,1.2,19,35.56,0.9,0.2
1,5,0.6,0.9,1.5,3,36.72,0.1,0.14
1,5,0.6,0.9,1.5,7,36.43,3.97,0.41
1,5,0.6,0.9,1.5,11,36.01,4.09,0.42
1,5,0.6,0.9,1.5,15,35.89,4.07,0.42
1,5,0.6,0.9,1.5,19,35.56,0.9,0.2
1,5,0.6,0.9,1.8,3,36.72,0.1,0.14
1,5,0.6,0.9,1.8,7,36.43,3.97,0.41
1,5,0.6,0.9,1.8,11,36.01,4.09,0.42
1,5,0.6,0.9,1.8,15,35.89,4.07,0.42
1,5,0.6,0.9,1.8,19,35.56,0.9,0.2
1,5,0.6,0.9,2.1,3,36.72,0.1,0.14
1,5,0.6,0.9,2.1,7,36.43,3.97,0.41
1,5,0.6,0.9,2.1,11,36.01,4.09,0.42
1,5,0.6,0.9,2.1,15,35.89,4.07,0.42
1,5,0.6,0.9,2.1,19,35.56,0.9,0.2
1,5,0.6,1.2,0.0,3,34.65,-8.89,-0.49
1,5,0.6,1.2,0.0,7,34.2,-1.8,0.02
1,5,0.6,1.2,0.0,11,34.03,-1.7,0.02
1,5,0.6,1.2,0.0,15,34.03,-0.74,0.09
1,5,0.6,1.2,0.0,19,33.99,2.86,0.33
1,5,0.6,1.2,0.3,3,35.11,-7.54,-0.39
1,5,0.6,1.2,0.3,7,34.74,1.32,0.23
1,5,0.6,1.2,0.3,11,34.45,0.82,0.19
1,5,0.6,1.2,0.3,15,34.45,2.16,0.29
1,5,0.6,1.2,0.3,19,34.45,6.48,0.57
1,5,0.6,1.2,0.6,3,35.11,-7.54,-0.39
1,5,0.6,1.2,0.6,7,34.74,1.32,0.23
1,5,0.6,1.2,0.6,11,34.45,0.82,0.19
1,5,0.6,1.2,0.6,15,34.45,2.16,0.29
1,5,0.6,1.2,0.6,19,34.45,6.48,0.57
1,5,0.6,1.2,0.9,3,35.11,-7.54,-0.39
1,5,0.6,1.2,0.9,7,34.74,1.32,0.23
1,5,0.6,1.2,0.9,11,34.45,0.82,0.19
1,5,0.6,1.2,0.9,15,34.45,2.16,0.29
1,5,0.6,1.2,0.9,19,34.45,6.48,0.57
1,5,0.6,1.2,1.2,3,35.11,-7.54,-0.39
1,5,0.6,1.2,1.2,7,34.74,1.32,0.23
1,5,0.6,1.2,1.2,11,34.45,0.82,0.19
1,5,0.6,1.2,1.2,15,34.45,2.16,0.29
1,5,0.6,1.2,1.2,19,34.45,6.48,0.57
1,5,0.6,1.2,1.5,3,35.11,-7.54,-0.39
1,5,0.6,1.2,1.5,7,34.74,1.32,0.23
1,5,0.6,1.2,1.5,11,34.45,0.82,0.19
1,5,0.6,1.2,1.5,15,34.45,2.16,0.29
1,5,0.6,1.2,1.5,19,34.45,6.48,0.57
1,5,0.6,1.2,1.8,3,35.11,-7.54,-0.39
1,5,0.6,1.2,1.8,7,34.74,1.32,0.23
1,5,0.6,1.2,1.8,11,34.45,0.82,0.19
1,5,0.6,1.2,1.8,15,34.45,2.16,0.29
1,5,0.6,1.2,1.8,19,34.45,6.48,0.57
1,5,0.6,1.2,2.1,3,35.11,-7.54,-0.39
1,5,0.6,1.2,2.1,7,34.74,1.32,0.23
1,5,0.6,1.2,2.1,11,34.45,0.82,0.19
1,5,0.6,1.2,2.1,15,34.45,2.16,0.29
1,5,0.6,1.2,2.1,19,34.45,6.48,0.57
1,5,0.6,1.5,0.0,3,33.66,-8.44,-0.43
1,5,0.6,1.5,0.0,7,33.25,-3.44,-0.09
1,5,0.6,1.5,0.0,11,33.21,0.53,0.18
1,5,0.6,1.5,0.0,15,33.33,1.45,0.24
1,5,0.6,1.5,0.0,19,33.33,4.96,0.46
1,5,0.6,1.5,0.3,3,34.36,-7.49,-0.37
1,5,0.6,1.5,0.3,7,34.12,0.57,0.18
1,5,0.6,1.5,0.3,11,33.95,4.93,0.46
1,5,0.6,1.5,0.3,15,33.91,3.43,0.37
1,5,0.6,1.5,0.3,19,33.91,6.31,0.55
1,5,0.6,1.5,0.6,3,34.36,-7.49,-0.37
1,5,0.6,1.5,0.6,7,34.12,0.57,0.18
1,5,0.6,1.5,0.6,11,33.95,4.93,0.46
1,5,0.6,1.5,0.6,15,33.91,3.43,0.37
1,5,0.6,1.5,0.6,19,33.91,6.31,0.55
1,5,0.6,1.5,0.9,3,34.36,-7.49,-0.37
1,5,0.6,1.5,0.9,7,34.12,0.57,0.18
1,5,0.6,1.5,0.9,11,33.95,4.93,0.46
1,5,0.6,1.5,0.9,15,33.91,3.43,0.37
1,5,0.6,1.5,0.9,19,33.91,6.31,0.55
1,5,0.6,1.5,1.2,3,34.36,-7.49,-0.37
1,5,0.6,1.5,1.2,7,34.12,0.57,0.18
1,5,0.6,1.5,1.2,11,33.95,4.93,0.46
1,5,0.6,1.5,1.2,15,33.91,3.43,0.37
1,5,0.6,1.5,1.2,19,33.91,6.31,0.55
1,5,0.6,1.5,1.5,3,34.36,-7.49,-0.37
1,5,0.6,1.5,1.5,7,34.12,0.57,0.18
1,5,0.6,1.5,1.5,11,33.95,4.93,0.46
1,5,0.6,1.5,1.5,15,33.91,3.43,0.37
1,5,0.6,1.5,1.5,19,33.91,6.31,0.55
1,5,0.6,1.5,1.8,3,34.36,-7.49,-0.37
1,5,0.6,1.5,1.8,7,34.12,0.57,0.18
1,5,0.6,1.5,1.8,11,33.95,4.93,0.46
1,5,0.6,1.5,1.8,15,33.91,3.43,0.37
1,5,0.6,1.5,1.8,19,33.91,6.31,0.55
1,5,0.6,1.5,2.1,3,34.36,-7.49,-0.37
1,5,0.6,1.5,2.1,7,34.12,0.57,0.18
1,5,0.6,1.5,2.1,11,33.95,4.93,0.46
1,5,0.6,1.5,2.1,15,33.91,3.43,0.37
1,5,0.6,1.5,2.1,19,33.91,6.31,0.55
1,5,0.6,1.8,0.0,3,33.29,-1.68,0.04
1,5,0.6,1.8,0.0,7,33.04,-0.93,0.09
1,5,0.6,1.8,0.0,11,32.96,0.51,0.18
1,5,0.6,1.8,0.0,15,32.96,3.87,0.39
1,5,0.6,1.8,0.0,19,32.96,4.3,0.42
1,5,0.6,1.8,0.3,3,34.16,0.51,0.18
1,5,0.6,1.8,0.3,7,33.99,3.56,0.37
1,5,0.6,1.8,0.3,11,33.75,2.55,0.31
1,5,0.6,1.8,0.3,15,33.62,3.65,0.38
1,5,0.6,1.8,0.3,19,33.62,4.87,0.46
1,5,0.6,1.8,0.6,3,34.16,0.51,0.18
1,5,0.6,1.8,0.6,7,33.99,3.56,0.37
1,5,0.6,1.8,0.6,11,33.75,2.55,0.31
1,5,0.6,1.8,0.6,15,33.62,3.65,0.38
1,5,0.6,1.8,0.6,19,33.62,4.87,0.46
1,5,0.6,1.8,0.9,3,34.16,0.51,0.18
1,5,0.6,1.8,0.9,7,33.99,3.56,0.37
1,5,0.6,1.8,0.9,11,33.75,2.55,0.31
1,5,0.6,1.8,0.9,15,33.62,3.65,0.38
1,5,0.6,1.8,0.9,19,33.62,4.87,0.46
1,5,0.6,1.8,1.2,3,34.16,0.51,0.18
1,5,0.6,1.8,1.2,7,33.99,3.56,0.37
1,5,0.6,1.8,1.2,11,33.75,2.55,0.31
1,5,0.6,1.8,1.2,15,33.62,3.65,0.38
1,5,0.6,1.8,1.2,19,33.62,4.87,0.46
1,5,0.6,1.8,1.5,3,34.16,0.51,0.18
1,5,0.6,1.8,1.5,7,33.99,3.56,0.37
1,5,0.6,1.8,1.5,11,33.75,2.55,0.31
1,5,0.6,1.8,1.5,15,33.62,3.65,0.38
1,5,0.6,1.8,1.5,19,33.62,4.87,0.46
1,5,0.6,1.8,1.8,3,34.16,0.51,0.18
1,5,0.6,1.8,1.8,7,33.99,3.56,0.37
1,5,0.6,1.8,1.8,11,33.75,2.55,0.31
1,5,0.6,1.8,1.8,15,33.62,3.65,0.38
1,5,0.6,1.8,1.8,19,33.62,4.87,0.46
1,5,0.6,1.8,2.1,3,34.16,0.51,0.18
1,5,0.6,1.8,2.1,7,33.99,3.56,0.37
1,5,0.6,1.8,2.1,11,33.75,2.55,0.31
1,5,0.6,1.8,2.1,15,33.62,3.65,0.38
1,5,0.6,1.8,2.1,19,33.62,4.87,0.46
1,5,0.6,2.1,0.0,3,32.96,-2.06,0.02
1,5,0.6,2.1,0.0,7,32.85,3.5,0.37
1,5,0.6,2.1,0.0,11,32.85,1.98,0.27
1,5,0.6,2.1,0.0,15,32.81,4.87,0.45
1,5,0.6,2.1,0.0,19,32.77,4.66,0.44
1,5,0.6,2.1,0.3,3,33.87,-1.16,0.08
1,5,0.6,2.1,0.3,7,33.8,3.13,0.35
1,5,0.6,2.1,0.3,11,33.64,0.63,0.19
1,5,0.6,2.1,0.3,15,33.51,2.07,0.28
1,5,0.6,2.1,0.3,19,33.51,1.75,0.26
1,5,0.6,2.1,0.6,3,33.87,-1.16,0.08
1,5,0.6,2.1,0.6,7,33.8,3.13,0.35
1,5,0.6,2.1,0.6,11,33.64,0.63,0.19
1,5,0.6,2.1,0.6,15,33.51,2.07,0.28
1,5,0.6,2.1,0.6,19,33.51,1.75,0.26
1,5,0.6,2.1,0.9,3,33.87,-1.16,0.08
1,5,0.6,2.1,0.9,7,33.8,3.13,0.35
1,5,0.6,2.1,0.9,11,33.64,0.63,0.19
1,5,0.6,2.1,0.9,15,33.51,2.07,0.28
1,5,0.6,2.1,0.9,19,33.51,1.75,0.26
1,5,0.6,2.1,1.2,3,33.87,-1.16,0.08
1,5,0.6,2.1,1.2,7,33.8,3.13,0.35
1,5,0.6,2.1,1.2,11,33.64,0.63,0.19
1,5,0.6,2.1,1.2,15,33.51,2.07,0.28
1,5,0.6,2.1,1.2,19,33.51,1.75,0.26
1,5,0.6,2.1,1.5,3,33.87,-1.16,0.08
1,5,0.6,2.1,1.5,7,33.8,3.13,0.35
1,5,0.6,2.1,1.5,11,33.64,0.63,0.19
1,5,0.6,2.1,1.5,15,33.51,2.07,0.28
1,5,0.6,2.1,1.5,19,33.51,1.75,0.26
1,5,0.6,2.1,1.8,3,33.87,-1.16,0.08
1,5,0.6,2.1,1.8,7,33.8,3.13,0.35
1,5,0.6,2.1,1.8,11,33.64,0.63,0.19
1,5,0.6,2.1,1.8,15,33.51,2.07,0.28
1,5,0.6,2.1,1.8,19,33.51,1.75,0.26
1,5,0.6,2.1,2.1,3,33.87,-1.16,0.08
1,5,0.6,2.1,2.1,7,33.8,3.13,0.35
1,5,0.6,2.1,2.1,11,33.64,0.63,0.19
1,5,0.6,2.1,2.1,15,33.51,2.07,0.28
1,5,0.6,2.1,2.1,19,33.51,1.75,0.26
1,5,0.9,0.0,0.0,3,57.96,-17.53,-1.53
1,5,0.9,0.0,0.0,7,57.96,-17.4,-1.52
1,5,0.9,0.0,0.0,11,57.88,-17.32,-1.52
1,5,0.9,0.0,0.0,15,57.88,-16.74,-1.46
1,5,0.9,0.0,0.0,19,57.88,-15.19,-1.3
1,5,0.9,0.0,0.3,3,57.96,-17.53,-1.53
1,5,0.9,0.0,0.3,7,57.96,-17.4,-1.52
1,5,0.9,0.0,0.3,11,57.88,-17.32,-1.52
1,5,0.9,0.0,0.3,15,57.88,-16.74,-1.46
1,5,0.9,0.0,0.3,19,57.88,-15.19,-1.3
1,5,0.9,0.0,0.6,3,57.96,-17.53,-1.53
1,5,0.9,0.0,0.6,7,57.96,-17.4,-1.52
1,5,0.9,0.0,0.6,11,57.88,-17.32,-1.52
1,5,0.9,0.0,0.6,15,57.88,-16.74,-1.46
1,5,0.9,0.0,0.6,19,57.88,-15.19,-1.3
1,5,0.9,0.0,0.9,3,57.96,-17.53,-1.53
1,5,0.9,0.0,0.9,7,57.96,-17.4,-1.52
1,5,0.9,0.0,0.9,11,57.88,-17.32,-1.52
1,5,0.9,0.0,0.9,15,57.88,-16.74,-1.46
1,5,0.9,0.0,0.9,19,57.88,-15.19,-1.3
1,5,0.9,0.0,1.2,3,57.96,-17.53,-1.53
1,5,0.9,0.0,1.2,7,57.96,-17.4,-1.52
1,5,0.9,0.0,1.2,11,57.88,-17.32,-1.52
1,5,0.9,0.0,1.2,15,57.88,-16.74,-1.46
1,5,0.9,0.0,1.2,19,57.88,-15.19,-1.3
1,5,0.9,0.0,1.5,3,57.96,-17.53,-1.53
1,5,0.9,0.0,1.5,7,57.96,-17.4,-1.52
1,5,0.9,0.0,1.5,11,57.88,-17.32,-1.52
1,5,0.9,0.0,1.5,15,57.88,-16.74,-1.46
1,5,0.9,0.0,1.5,19,57.88,-15.19,-1.3
1,5,0.9,0.0,1.8,3,57.96,-17.53,-1.53
1,5,0.9,0.0,1.8,7,57.96,-17.4,-1.52
1,5,0.9,0.0,1.8,11,57.88,-17.32,-1.52
1,5,0.9,0.0,1.8,15,57.88,-16.74,-1.46
1,5,0.9,0.0,1.8,19,57.88,-15.19,-1.3
1,5,0.9,0.0,2.1,3,57.96,-17.53,-1.53
1,5,0.9,0.0,2.1,7,57.96,-17.4,-1.52
1,5,0.9,0.0,2.1,11,57.88,-17.32,-1.52
1,5,0.9,0.0,2.1,15,57.88,-16.74,-1.46
1,5,0.9,0.0,2.1,19,57.88,-15.19,-1.3
1,5,0.9,0.3,0.0,3,47.15,-16.38,-1.26
1,5,0.9,0.3,0.0,7,46.58,-17.26,-1.34
1,5,0.9,0.3,0.0,11,46.29,-18.57,-1.49
1,5,0.9,0.3,0.0,15,46.12,-18.16,-1.45
1,5,0.9,0.3,0.0,19,46.08,-15.82,-1.22
1,5,0.9,0.3,0.3,3,47.15,-16.38,-1.26
1,5,0.9,0.3,0.3,7,46.53,-17.38,-1.35
1,5,0.9,0.3,0.3,11,46.25,-18.68,-1.5
1,5,0.9,0.3,0.3,15,46.08,-18.27,-1.46
1,5,0.9,0.3,0.3,19,46.08,-15.82,-1.22
1,5,0.9,0.3,0.6,3,47.15,-16.38,-1.26
1,5,0.9,0.3,0.6,7,46.53,-17.38,-1.35
1,5,0.9,0.3,0.6,11,46.25,-18.68,-1.5
1,5,0.9,0.3,0.6,15,46.08,-18.27,-1.46
1,5,0.9,0.3,0.6,19,46.08,-15.82,-1.22
1,5,0.9,0.3,0.9,3,47.15,-16.38,-1.26
1,5,0.9,0.3,0.9,7,46.53,-17.38,-1.35
1,5,0.9,0.3,0.9,11,46.25,-18.68,-1.5
1,5,0.9,0.3,0.9,15,46.08,-18.27,-1.46
1,5,0.9,0.3,0.9,19,46.08,-15.82,-1.22
1,5,0.9,0.3,1.2,3,47.15,-16.38,-1.26
1,5,0.9,0.3,1.2,7,46.53,-17.38,-1.35
1,5,0.9,0.3,1.2,11,46.25,-18.68,-1.5
1,5,0.9,0.3,1.2,15,46.08,-18.27,-1.46
1,5,0.9,0.3,1.2,19,46.08,-15.82,-1.22
1,5,0.9,0.3,1.5,3,47.15,-16.38,-1.26
1,5,0.9,0.3,1.5,7,46.53,-17.38,-1.35
1,5,0.9,0.3,1.5,11,46.25,-18.68,-1.5
1,5,0.9,0.3,1.5,15,46.08,-18.27,-1.46
1,5,0.9,0.3,1.5,19,46.08,-15.82,-1.22
1,5,0.9,0.3,1.8,3,47.15,-16.38,-1.26
1,5,0.9,0.3,1.8,7,46.53,-17.38,-1.35
1,5,0.9,0.3,1.8,11,46.25,-18.68,-1.5
1,5,0.9,0.3,1.8,15,46.08,-18.27,-1.46
1,5,0.9,0.3,1.8,19,46.08,-15.82,-1.22
1,5,0.9,0.3,2.1,3,47.15,-16.38,-1.26
1,5,0.9,0.3,2.1,7,46.53,-17.38,-1.35
1,5,0.9,0.3,2.1,11,46.25,-18.68,-1.5
1,5,0.9,0.3,2.1,15,46.08,-18.27,-1.46
1,5,0.9,0.3,2.1,19,46.08,-15.82,-1.22
1,5,0.9,0.6,0.0,3,40.64,-2.31,-0.04
1,5,0.9,0.6,0.0,7,39.98,-2.7,-0.07
1,5,0.9,0.6,0.0,11,39.77,-4.56,-0.22
1,5,0.9,0.6,0.0,15,39.52,-6.68,-0.38
1,5,0.9,0.6,0.0,19,39.44,-6.25,-0.35
1,5,0.9,0.6,0.3,3,40.64,-2.31,-0.04
1,5,0.9,0.6,0.3,7,39.93,-3.0,-0.09
1,5,0.9,0.6,0.3,11,39.73,-4.93,-0.24
1,5,0.9,0.6,0.3,15,39.48,-6.97,-0.4
1,5,0.9,0.6,0.3,19,39.44,-6.25,-0.35
1,5,0.9,0.6,0.6,3,40.64,-2.31,-0.04
1,5,0.9,0.6,0.6,7,39.93,-3.0,-0.09
1,5,0.9,0.6,0.6,11,39.73,-4.93,-0.24
1,5,0.9,0.6,0.6,15,39.48,-6.97,-0.4
1,5,0.9,0.6,0.6,19,39.44,-6.25,-0.35
1,5,0.9,0.6,0.9,3,40.64,-2.31,-0.04
1,5,0.9,0.6,0.9,7,39.93,-3.0,-0.09
1,5,0.9,0.6,0.9,11,39.73,-4.93,-0.24
1,5,0.9,0.6,0.9,15,39.48,-6.97,-0.4
1,5,0.9,0.6,0.9,19,39.44,-6.25,-0.35
1,5,0.9,0.6,1.2,3,40.64,-2.31,-0.04
1,5,0.9,0.6,1.2,7,39.93,-3.0,-0.09
1,5,0.9,0.6,1.2,11,39.73,-4.93,-0.24
1,5,0.9,0.6,1.2,15,39.48,-6.97,-0.4
1,5,0.9,0.6,1.2,19,39.44,-6.25,-0.35
1,5,0.9,0.6,1.5,3,40.64,-2.31,-0.04
1,5,0.9,0.6,1.5,7,39.93,-3.0,-0.09
1,5,0.9,0.6,1.5,11,39.73,-4.93,-0.24
1,5,0.9,0.6,1.5,15,39.48,-6.97,-0.4
1,5,0.9,0.6,1.5,19,39.44,-6.25,-0.35
1,5,0.9,0.6,1.8,3,40.64,-2.31,-0.04
1,5,0.9,0.6,1.8,7,39.93,-3.0,-0.09
1,5,0.9,0.6,1.8,11,39.73,-4.93,-0.24
1,5,0.9,0.6,1.8,15,39.48,-6.97,-0.4
1,5,0.9,0.6,1.8,19,39.44,-6.25,-0.35
1,5,0.9,0.6,2.1,3,40.64,-2.31,-0.04
1,5,0.9,0.6,2.1,7,39.93,-3.0,-0.09
1,5,0.9,0.6,2.1,11,39.73,-4.93,-0.24
1,5,0.9,0.6,2.1,15,39.48,-6.97,-0.4
1,5,0.9,0.6,2.1,19,39.44,-6.25,-0.35
1,5,0.9,0.9,0.0,3,36.8,-3.09,-0.08
1,5,0.9,0.9,0.0,7,36.72,-2.13,-0.01
1,5,0.9,0.9,0.0,11,36.34,-0.85,0.08
1,5,0.9,0.9,0.0,15,36.14,-0.76,0.08
1,5,0.9,0.9,0.0,19,35.77,-3.63,-0.12
1,5,0.9,0.9,0.3,3,36.8,-3.09,-0.08
1,5,0.9,0.9,0.3,7,36.67,-2.43,-0.04
1,5,0.9,0.9,0.3,11,36.3,-1.23,0.05
1,5,0.9,0.9,0.3,15,36.1,-1.14,0.06
1,5,0.9,0.9,0.3,19,35.77,-3.71,-0.13
1,5,0.9,0.9,0.6,3,36.8,-3.09,-0.08
1,5,0.9,0.9,0.6,7,36.67,-2.43,-0.04
1,5,0.9,0.9,0.6,11,36.3,-1.23,0.05
1,5,0.9,0.9,0.6,15,36.1,-1.14,0.06
1,5,0.9,0.9,0.6,19,35.77,-3.71,-0.13
1,5,0.9,0.9,0.9,3,36.8,-3.09,-0.08
1,5,0.9,0.9,0.9,7,36.67,-2.43,-0.04
1,5,0.9,0.9,0.9,11,36.3,-1.23,0.05
1,5,0.9,0.9,0.9,15,36.1,-1.14,0.06
1,5,0.9,0.9,0.9,19,35.77,-3.71,-0.13
1,5,0.9,0.9,1.2,3,36.8,-3.09,-0.08
1,5,0.9,0.9,1.2,7,36.67,-2.43,-0.04
1,5,0.9,0.9,1.2,11,36.3,-1.23,0.05
1,5,0.9,0.9,1.2,15,36.1,-1.14,0.06
1,5,0.9,0.9,1.2,19,35.77,-3.71,-0.13
1,5,0.9,0.9,1.5,3,36.8,-3.09,-0.08
1,5,0.9,0.9,1.5,7,36.67,-2.43,-0.04
1,5,0.9,0.9,1.5,11,36.3,-1.23,0.05
1,5,0.9,0.9,1.5,15,36.1,-1.14,0.06
1,5,0.9,0.9,1.5,19,35.77,-3.71,-0.13
1,5,0.9,0.9,1.8,3,36.8,-3.09,-0.08
1,5,0.9,0.9,1.8,7,36.67,-2.43,-0.04
1,5,0.9,0.9,1.8,11,36.3,-1.23,0.05
1,5,0.9,0.9,1.8,15,36.1,-1.14,0.06
1,5,0.9,0.9,1.8,19,35.77,-3.71,-0.13
1,5,0.9,0.9,2.1,3,36.8,-3.09,-0.08
1,5,0.9,0.9,2.1,7,36.67,-2.43,-0.04
1,5,0.9,0.9,2.1,11,36.3,-1.23,0.05
1,5,0.9,0.9,2.1,15,36.1,-1.14,0.06
1,5,0.9,0.9,2.1,19,35.77,-3.71,-0.13
1,5,0.9,1.2,0.0,3,34.82,-10.04,-0.57
1,5,0.9,1.2,0.0,7,34.49,-5.65,-0.25
1,5,0.9,1.2,0.0,11,34.28,-4.98,-0.2
1,5,0.9,1.2,0.0,15,34.24,-3.94,-0.13
1,5,0.9,1.2,0.0,19,34.2,-0.56,0.1
1,5,0.9,1.2,0.3,3,34.82,-10.52,-0.61
1,5,0.9,1.2,0.3,7,34.45,-6.86,-0.34
1,5,0.9,1.2,0.3,11,34.28,-5.18,-0.22
1,5,0.9,1.2,0.3,15,34.32,-3.72,-0.12
1,5,0.9,1.2,0.3,19,34.32,-0.03,0.14
1,5,0.9,1.2,0.6,3,34.82,-10.52,-0.61
1,5,0.9,1.2,0.6,7,34.45,-6.86,-0.34
1,5,0.9,1.2,0.6,11,34.28,-5.18,-0.22
1,5,0.9,1.2,0.6,15,34.32,-3.72,-0.12
1,5,0.9,1.2,0.6,19,34.32,-0.03,0.14
1,5,0.9,1.2,0.9,3,34.82,-10.52,-0.61
1,5,0.9,1.2,0.9,7,34.45,-6.86,-0.34
1,5,0.9,1.2,0.9,11,34.28,-5.18,-0.22
1,5,0.9,1.2,0.9,15,34.32,-3.72,-0.12
1,5,0.9,1.2,0.9,19,34.32,-0.03,0.14
1,5,0.9,1.2,1.2,3,34.82,-10.52,-0.61
1,5,0.9,1.2,1.2,7,34.45,-6.86,-0.34
1,5,0.9,1.2,1.2,11,34.28,-5.18,-0.22
1,5,0.9,1.2,1.2,15,34.32,-3.72,-0.12
1,5,0.9,1.2,1.2,19,34.32,-0.03,0.14
1,5,0.9,1.2,1.5,3,34.82,-10.52,-0.61
1,5,0.9,1.2,1.5,7,34.45,-6.86,-0.34
1,5,0.9,1.2,1.5,11,34.28,-5.18,-0.22
1,5,0.9,1.2,1.5,15,34.32,-3.72,-0.12
1,5,0.9,1.2,1.5,19,34.32,-0.03,0.14
1,5,0.9,1.2,1.8,3,34.82,-10.52,-0.61
1,5,0.9,1.2,1.8,7,34.45,-6.86,-0.34
1,5,0.9,1.2,1.8,11,34.28,-5.18,-0.22
1,5,0.9,1.2,1.8,15,34.32,-3.72,-0.12
1,5,0.9,1.2,1.8,19,34.32,-0.03,0.14
1,5,0.9,1.2,2.1,3,34.82,-10.52,-0.61
1,5,0.9,1.2,2.1,7,34.45,-6.86,-0.34
1,5,0.9,1.2,2.1,11,34.28,-5.18,-0.22
1,5,0.9,1.2,2.1,15,34.32,-3.72,-0.12
1,5,0.9,1.2,2.1,19,34.32,-0.03,0.14
1,5,0.9,1.5,0.0,3,33.83,-9.59,-0.51
1,5,0.9,1.5,0.0,7,33.54,-7.23,-0.34
1,5,0.9,1.5,0.0,11,33.46,-2.84,-0.04
1,5,0.9,1.5,0.0,15,33.54,-1.82,0.03
1,5,0.9,1.5,0.0,19,33.54,1.47,0.24
1,5,0.9,1.5,0.3,3,33.99,-9.1,-0.48
1,5,0.9,1.5,0.3,7,33.62,-8.23,-0.41
1,5,0.9,1.5,0.3,11,33.54,-2.73,-0.03
1,5,0.9,1.5,0.3,15,33.62,-1.67,0.04
1,5,0.9,1.5,0.3,19,33.66,2.03,0.28
1,5,0.9,1.5,0.6,3,33.99,-9.1,-0.48
1,5,0.9,1.5,0.6,7,33.62,-8.23,-0.41
1,5,0.9,1.5,0.6,11,33.54,-2.73,-0.03
1,5,0.9,1.5,0.6,15,33.62,-1.67,0.04
1,5,0.9,1.5,0.6,19,33.66,2.03,0.28
1,5,0.9,1.5,0.9,3,33.99,-9.1,-0.48
1,5,0.9,1.5,0.9,7,33.62,-8.23,-0.41
1,5,0.9,1.5,0.9,11,33.54,-2.73,-0.03
1,5,0.9,1.5,0.9,15,33.62,-1.67,0.04
1,5,0.9,1.5,0.9,19,33.66,2.03,0.28
1,5,0.9,1.5,1.2,3,33.99,-9.1,-0.48
1,5,0.9,1.5,1.2,7,33.62,-8.23,-0.41
1,5,0.9,1.5,1.2,11,33.54,-2.73,-0.03
1,5,0.9,1.5,1.2,15,33.62,-1.67,0.04
1,5,0.9,1.5,1.2,19,33.66,2.03,0.28
1,5,0.9,1.5,1.5,3,33.99,-9.1,-0.48
1,5,0.9,1.5,1.5,7,33.62,-8.23,-0.41
1,5,0.9,1.5,1.5,11,33.54,-2.73,-0.03
1,5,0.9,1.5,1.5,15,33.62,-1.67,0.04
1,5,0.9,1.5,1.5,19,33.66,2.03,0.28
1,5,0.9,1.5,1.8,3,33.99,-9.1,-0.48
1,5,0.9,1.5,1.8,7,33.62,-8.23,-0.41
1,5,0.9,1.5,1.8,11,33.54,-2.73,-0.03
1,5,0.9,1.5,1.8,15,33.62,-1.67,0.04
1,5,0.9,1.5,1.8,19,33.66,2.03,0.28
1,5,0.9,1.5,2.1,3,33.99,-9.1,-0.48
1,5,0.9,1.5,2.1,7,33.62,-8.23,-0.41
1,5,0.9,1.5,2.1,11,33.54,-2.73,-0.03
1,5,0.9,1.5,2.1,15,33.62,-1.67,0.04
1,5,0.9,1.5,2.1,19,33.66,2.03,0.28
1,5,0.9,1.8,0.0,3,33.46,-2.92,-0.04
1,5,0.9,1.8,0.0,7,33.33,-4.82,-0.16
1,5,0.9,1.8,0.0,11,33.21,-3.18,-0.06
1,5,0.9,1.8,0.0,15,33.17,0.18,0.16
1,5,0.9,1.8,0.0,19,33.17,0.83,0.2
1,5,0.9,1.8,0.3,3,33.66,-1.81,0.03
1,5,0.9,1.8,0.3,7,33.42,-5.71,-0.22
1,5,0.9,1.8,0.3,11,33.29,-2.93,-0.04
1,5,0.9,1.8,0.3,15,33.29,-0.1,0.14
1,5,0.9,1.8,0.3,19,33.33,0.83,0.2
1,5,0.9,1.8,0.6,3,33.66,-1.81,0.03
1,5,0.9,1.8,0.6,7,33.42,-5.71,-0.22
1,5,0.9,1.8,0.6,11,33.29,-2.93,-0.04
1,5,0.9,1.8,0.6,15,33.29,-0.1,0.14
1,5,0.9,1.8,0.6,19,33.33,0.83,0.2
1,5,0.9,1.8,0.9,3,33.66,-1.81,0.03
1,5,0.9,1.8,0.9,7,33.42,-5.71,-0.22
1,5,0.9,1.8,0.9,11,33.29,-2.93,-0.04
1,5,0.9,1.8,0.9,15,33.29,-0.1,0.14
1,5,0.9,1.8,0.9,19,33.33,0.83,0.2
1,5,0.9,1.8,1.2,3,33.66,-1.81,0.03
1,5,0.9,1.8,1.2,7,33.42,-5.71,-0.22
1,5,0.9,1.8,1.2,11,33.29,-2.93,-0.04
1,5,0.9,1.8,1.2,15,33.29,-0.1,0.14
1,5,0.9,1.8,1.2,19,33.33,0.83,0.2
1,5,0.9,1.8,1.5,3,33.66,-1.81,0.03
1,5,0.9,1.8,1.5,7,33.42,-5.71,-0.22
1,5,0.9,1.8,1.5,11,33.29,-2.93,-0.04
1,5,0.9,1.8,1.5,15,33.29,-0.1,0.14
1,5,0.9,1.8,1.5,19,33.33,0.83,0.2
1,5,0.9,1.8,1.8,3,33.66,-1.81,0.03
1,5,0.9,1.8,1.8,7,33.42,-5.71,-0.22
1,5,0.9,1.8,1.8,11,33.29,-2.93,-0.04
1,5,0.9,1.8,1.8,15,33.29,-0.1,0.14
1,5,0.9,1.8,1.8,19,33.33,0.83,0.2
1,5,0.9,1.8,2.1,3,33.66,-1.81,0.03
1,5,0.9,1.8,2.1,7,33.42,-5.71,-0.22
1,5,0.9,1.8,2.1,11,33.29,-2.93,-0.04
1,5,0.9,1.8,2.1,15,33.29,-0.1,0.14
1,5,0.9,1.8,2.1,19,33.33,0.83,0.2
1,5,0.9,2.1,0.0,3,33.13,-3.29,-0.06
1,5,0.9,2.1,0.0,7,33.14,-0.79,0.1
1,5,0.9,2.1,0.0,11,33.1,-1.74,0.04
1,5,0.9,2.1,0.0,15,33.02,1.43,0.24
1,5,0.9,2.1,0.0,19,32.98,1.12,0.22
1,5,0.9,2.1,0.3,3,33.33,-2.44,-0.0
1,5,0.9,2.1,0.3,7,33.22,-3.98,-0.1
1,5,0.9,2.1,0.3,11,33.18,-2.4,-0.0
1,5,0.9,2.1,0.3,15,33.14,0.43,0.18
1,5,0.9,2.1,0.3,19,33.14,0.71,0.2
1,5,0.9,2.1,0.6,3,33.33,-2.44,-0.0
1,5,0.9,2.1,0.6,7,33.22,-3.98,-0.1
1,5,0.9,2.1,0.6,11,33.18,-2.4,-0.0
1,5,0.9,2.1,0.6,15,33.14,0.43,0.18
1,5,0.9,2.1,0.6,19,33.14,0.71,0.2
1,5,0.9,2.1,0.9,3,33.33,-2.44,-0.0
1,5,0.9,2.1,0.9,7,33.22,-3.98,-0.1
1,5,0.9,2.1,0.9,11,33.18,-2.4,-0.0
1,5,0.9,2.1,0.9,15,33.14,0.43,0.18
1,5,0.9,2.1,0.9,19,33.14,0.71,0.2
1,5,0.9,2.1,1.2,3,33.33,-2.44,-0.0
1,5,0.9,2.1,1.2,7,33.22,-3.98,-0.1
1,5,0.9,2.1,1.2,11,33.18,-2.4,-0.0
1,5,0.9,2.1,1.2,15,33.14,0.43,0.18
1,5,0.9,2.1,1.2,19,33.14,0.71,0.2
1,5,0.9,2.1,1.5,3,33.33,-2.44,-0.0
1,5,0.9,2.1,1.5,7,33.22,-3.98,-0.1
1,5,0.9,2.1,1.5,11,33.18,-2.4,-0.0
1,5,0.9,2.1,1.5,15,33.14,0.43,0.18
1,5,0.9,2.1,1.5,19,33.14,0.71,0.2
1,5,0.9,2.1,1.8,3,33.33,-2.44,-0.0
1,5,0.9,2.1,1.8,7,33.22,-3.98,-0.1
1,5,0.9,2.1,1.8,11,33.18,-2.4,-0.0
1,5,0.9,2.1,1.8,15,33.14,0.43,0.18
1,5,0.9,2.1,1.8,19,33.14,0.71,0.2
1,5,0.9,2.1,2.1,3,33.33,-2.44,-0.0
1,5,0.9,2.1,2.1,7,33.22,-3.98,-0.1
1,5,0.9,2.1,2.1,11,33.18,-2.4,-0.0
1,5,0.9,2.1,2.1,15,33.14,0.43,0.18
1,5,0.9,2.1,2.1,19,33.14,0.71,0.2
1,5,1.2,0.0,0.0,3,57.96,-17.53,-1.53
1,5,1.2,0.0,0.0,7,57.96,-17.53,-1.53
1,5,1.2,0.0,0.0,11,57.96,-17.22,-1.5
1,5,1.2,0.0,0.0,15,57.96,-17.4,-1.52
1,5,1.2,0.0,0.0,19,57.96,-15.53,-1.32
1,5,1.2,0.0,0.3,3,57.96,-17.53,-1.53
1,5,1.2,0.0,0.3,7,57.96,-17.53,-1.53
1,5,1.2,0.0,0.3,11,57.96,-17.22,-1.5
1,5,1.2,0.0,0.3,15,57.96,-17.4,-1.52
1,5,1.2,0.0,0.3,19,57.96,-15.53,-1.32
1,5,1.2,0.0,0.6,3,57.96,-17.53,-1.53
1,5,1.2,0.0,0.6,7,57.96,-17.53,-1.53
1,5,1.2,0.0,0.6,11,57.96,-17.22,-1.5
1,5,1.2,0.0,0.6,15,57.96,-17.4,-1.52
1,5,1.2,0.0,0.6,19,57.96,-15.53,-1.32
1,5,1.2,0.0,0.9,3,57.96,-17.53,-1.53
1,5,1.2,0.0,0.9,7,57.96,-17.53,-1.53
1,5,1.2,0.0,0.9,11,57.96,-17.22,-1.5
1,5,1.2,0.0,0.9,15,57.96,-17.4,-1.52
1,5,1.2,0.0,0.9,19,57.96,-15.53,-1.32
1,5,1.2,0.0,1.2,3,57.96,-17.53,-1.53
1,5,1.2,0.0,1.2,7,57.96,-17.53,-1.53
1,5,1.2,0.0,1.2,11,57.96,-17.22,-1.5
1,5,1.2,0.0,1.2,15,57.96,-17.4,-1.52
1,5,1.2,0.0,1.2,19,57.96,-15.53,-1.32
1,5,1.2,0.0,1.5,3,57.96,-17.53,-1.53
1,5,1.2,0.0,1.5,7,57.96,-17.53,-1.53
1,5,1.2,0.0,1.5,11,57.96,-17.22,-1.5
1,5,1.2,0.0,1.5,15,57.96,-17.4,-1.52
1,5,1.2,0.0,1.5,19,57.96,-15.53,-1.32
1,5,1.2,0.0,1.8,3,57.96,-17.53,-1.53
1,5,1.2,0.0,1.8,7,57.96,-17.53,-1.53
1,5,1.2,0.0,1.8,11,57.96,-17.22,-1.5
1,5,1.2,0.0,1.8,15,57.96,-17.4,-1.52
1,5,1.2,0.0,1.8,19,57.96,-15.53,-1.32
1,5,1.2,0.0,2.1,3,57.96,-17.53,-1.53
1,5,1.2,0.0,2.1,7,57.96,-17.53,-1.53
1,5,1.2,0.0,2.1,11,57.96,-17.22,-1.5
1,5,1.2,0.0,2.1,15,57.96,-17.4,-1.52
1,5,1.2,0.0,2.1,19,57.96,-15.53,-1.32
1,5,1.2,0.3,0.0,3,47.15,-16.38,-1.26
1,5,1.2,0.3,0.0,7,46.58,-17.39,-1.35
1,5,1.2,0.3,0.0,11,46.37,-18.47,-1.46
1,5,1.2,0.3,0.0,15,46.2,-18.81,-1.5
1,5,1.2,0.3,0.0,19,46.16,-16.16,-1.25
1,5,1.2,0.3,0.3,3,47.15,-16.38,-1.26
1,5,1.2,0.3,0.3,7,46.58,-17.39,-1.35
1,5,1.2,0.3,0.3,11,46.37,-18.47,-1.46
1,5,1.2,0.3,0.3,15,46.2,-18.81,-1.5
1,5,1.2,0.3,0.3,19,46.16,-16.16,-1.25
1,5,1.2,0.3,0.6,3,47.15,-16.38,-1.26
1,5,1.2,0.3,0.6,7,46.58,-17.39,-1.35
1,5,1.2,0.3,0.6,11,46.37,-18.47,-1.46
1,5,1.2,0.3,0.6,15,46.2,-18.81,-1.5
1,5,1.2,0.3,0.6,19,46.16,-16.16,-1.25
1,5,1.2,0.3,0.9,3,47.15,-16.38,-1.26
1,5,1.2,0.3,0.9,7,46.58,-17.39,-1.35
1,5,1.2,0.3,0.9,11,46.37,-18.47,-1.46
1,5,1.2,0.3,0.9,15,46.2,-18.81,-1.5
1,5,1.2,0.3,0.9,19,46.16,-16.16,-1.25
1,5,1.2,0.3,1.2,3,47.15,-16.38,-1.26
1,5,1.2,0.3,1.2,7,46.58,-17.39,-1.35
1,5,1.2,0.3,1.2,11,46.37,-18.47,-1.46
1,5,1.2,0.3,1.2,15,46.2,-18.81,-1.5
1,5,1.2,0.3,1.2,19,46.16,-16.16,-1.25
1,5,1.2,0.3,1.5,3,47.15,-16.38,-1.26
1,5,1.2,0.3,1.5,7,46.58,-17.39,-1.35
1,5,1.2,0.3,1.5,11,46.37,-18.47,-1.46
1,5,1.2,0.3,1.5,15,46.2,-18.81,-1.5
1,5,1.2,0.3,1.5,19,46.16,-16.16,-1.25
1,5,1.2,0.3,1.8,3,47.15,-16.38,-1.26
1,5,1.2,0.3,1.8,7,46.58,-17.39,-1.35
1,5,1.2,0.3,1.8,11,46.37,-18.47,-1.46
1,5,1.2,0.3,1.8,15,46.2,-18.81,-1.5
1,5,1.2,0.3,1.8,19,46.16,-16.16,-1.25
1,5,1.2,0.3,2.1,3,47.15,-16.38,-1.26
1,5,1.2,0.3,2.1,7,46.58,-17.39,-1.35
1,5,1.2,0.3,2.1,11,46.37,-18.47,-1.46
1,5,1.2,0.3,2.1,15,46.2,-18.81,-1.5
1,5,1.2,0.3,2.1,19,46.16,-16.16,-1.25
1,5,1.2,0.6,0.0,3,40.64,-2.31,-0.04
1,5,1.2,0.6,0.0,7,39.98,-2.85,-0.08
1,5,1.2,0.6,0.0,11,39.85,-4.44,-0.2
1,5,1.2,0.6,0.0,15,39.6,-7.42,-0.44
1,5,1.2,0.6,0.0,19,39.52,-6.62,-0.37
1,5,1.2,0.6,0.3,3,40.64,-2.31,-0.04
1,5,1.2,0.6,0.3,7,39.98,-2.85,-0.08
1,5,1.2,0.6,0.3,11,39.85,-4.44,-0.2
1,5,1.2,0.6,0.3,15,39.6,-7.42,-0.44
1,5,1.2,0.6,0.3,19,39.52,-6.62,-0.37
1,5,1.2,0.6,0.6,3,40.64,-2.31,-0.04
1,5,1.2,0.6,0.6,7,39.98,-2.85,-0.08
1,5,1.2,0.6,0.6,11,39.85,-4.44,-0.2
1,5,1.2,0.6,0.6,15,39.6,-7.42,-0.44
1,5,1.2,0.6,0.6,19,39.52,-6.62,-0.37
1,5,1.2,0.6,0.9,3,40.64,-2.31,-0.04
1,5,1.2,0.6,0.9,7,39.98,-2.85,-0.08
1,5,1.2,0.6,0.9,11,39.85,-4.44,-0.2
1,5,1.2,0.6,0.9,15,39.6,-7.42,-0.44
1,5,1.2,0.6,0.9,19,39.52,-6.62,-0.37
1,5,1.2,0.6,1.2,3,40.64,-2.31,-0.04
1,5,1.2,0.6,1.2,7,39.98,-2.85,-0.08
1,5,1.2,0.6,1.2,11,39.85,-4.44,-0.2
1,5,1.2,0.6,1.2,15,39.6,-7.42,-0.44
1,5,1.2,0.6,1.2,19,39.52,-6.62,-0.37
1,5,1.2,0.6,1.5,3,40.64,-2.31,-0.04
1,5,1.2,0.6,1.5,7,39.98,-2.85,-0.08
1,5,1.2,0.6,1.5,11,39.85,-4.44,-0.2
1,5,1.2,0.6,1.5,15,39.6,-7.42,-0.44
1,5,1.2,0.6,1.5,19,39.52,-6.62,-0.37
1,5,1.2,0.6,1.8,3,40.64,-2.31,-0.04
1,5,1.2,0.6,1.8,7,39.98,-2.85,-0.08
1,5,1.2,0.6,1.8,11,39.85,-4.44,-0.2
1,5,1.2,0.6,1.8,15,39.6,-7.42,-0.44
1,5,1.2,0.6,1.8,19,39.52,-6.62,-0.37
1,5,1.2,0.6,2.1,3,40.64,-2.31,-0.04
1,5,1.2,0.6,2.1,7,39.98,-2.85,-0.08
1,5,1.2,0.6,2.1,11,39.85,-4.44,-0.2
1,5,1.2,0.6,2.1,15,39.6,-7.42,-0.44
1,5,1.2,0.6,2.1,19,39.52,-6.62,-0.37
1,5,1.2,0.9,0.0,3,36.8,-3.09,-0.08
1,5,1.2,0.9,0.0,7,36.72,-2.28,-0.02
1,5,1.2,0.9,0.0,11,36.39,-1.0,0.07
1,5,1.2,0.9,0.0,15,36.18,-1.82,0.01
1,5,1.2,0.9,0.0,19,35.81,-4.29,-0.17
1,5,1.2,0.9,0.3,3,36.8,-3.09,-0.08
1,5,1.2,0.9,0.3,7,36.72,-2.28,-0.02
1,5,1.2,0.9,0.3,11,36.39,-1.0,0.07
1,5,1.2,0.9,0.3,15,36.18,-1.82,0.01
1,5,1.2,0.9,0.3,19,35.81,-4.29,-0.17
1,5,1.2,0.9,0.6,3,36.8,-3.09,-0.08
1,5,1.2,0.9,0.6,7,36.72,-2.28,-0.02
1,5,1.2,0.9,0.6,11,36.39,-1.0,0.07
1,5,1.2,0.9,0.6,15,36.18,-1.82,0.01
1,5,1.2,0.9,0.6,19,35.81,-4.29,-0.17
1,5,1.2,0.9,0.9,3,36.8,-3.09,-0.08
1,5,1.2,0.9,0.9,7,36.72,-2.28,-0.02
1,5,1.2,0.9,0.9,11,36.39,-1.0,0.07
1,5,1.2,0.9,0.9,15,36.18,-1.82,0.01
1,5,1.2,0.9,0.9,19,35.81,-4.29,-0.17
1,5,1.2,0.9,1.2,3,36.8,-3.09,-0.08
1,5,1.2,0.9,1.2,7,36.72,-2.28,-0.02
1,5,1.2,0.9,1.2,11,36.39,-1.0,0.07
1,5,1.2,0.9,1.2,15,36.18,-1.82,0.01
1,5,1.2,0.9,1.2,19,35.81,-4.29,-0.17
1,5,1.2,0.9,1.5,3,36.8,-3.09,-0.08
1,5,1.2,0.9,1.5,7,36.72,-2.28,-0.02
1,5,1.2,0.9,1.5,11,36.39,-1.0,0.07
1,5,1.2,0.9,1.5,15,36.18,-1.82,0.01
1,5,1.2,0.9,1.5,19,35.81,-4.29,-0.17
1,5,1.2,0.9,1.8,3,36.8,-3.09,-0.08
1,5,1.2,0.9,1.8,7,36.72,-2.28,-0.02
1,5,1.2,0.9,1.8,11,36.39,-1.0,0.07
1,5,1.2,0.9,1.8,15,36.18,-1.82,0.01
1,5,1.2,0.9,1.8,19,35.81,-4.29,-0.17
1,5,1.2,0.9,2.1,3,36.8,-3.09,-0.08
1,5,1.2,0.9,2.1,7,36.72,-2.28,-0.02
1,5,1.2,0.9,2.1,11,36.39,-1.0,0.07
1,5,1.2,0.9,2.1,15,36.18,-1.82,0.01
1,5,1.2,0.9,2.1,19,35.81,-4.29,-0.17
1,5,1.2,1.2,0.0,3,34.82,-10.04,-0.57
1,5,1.2,1.2,0.0,7,34.49,-5.8,-0.26
1,5,1.2,1.2,0.0,11,34.32,-5.13,-0.21
1,5,1.2,1.2,0.0,15,34.28,-4.97,-0.2
1,5,1.2,1.2,0.0,19,34.24,-1.24,0.06
1,5,1.2,1.2,0.3,3,34.82,-10.04,-0.57
1,5,1.2,1.2,0.3,7,34.49,-5.8,-0.26
1,5,1.2,1.2,0.3,11,34.32,-5.13,-0.21
1,5,1.2,1.2,0.3,15,34.28,-4.97,-0.2
1,5,1.2,1.2,0.3,19,34.24,-1.12,0.07
1,5,1.2,1.2,0.6,3,34.82,-10.04,-0.57
1,5,1.2,1.2,0.6,7,34.49,-5.8,-0.26
1,5,1.2,1.2,0.6,11,34.32,-5.13,-0.21
1,5,1.2,1.2,0.6,15,34.28,-4.97,-0.2
1,5,1.2,1.2,0.6,19,34.24,-1.12,0.07
1,5,1.2,1.2,0.9,3,34.82,-10.04,-0.57
1,5,1.2,1.2,0.9,7,34.49,-5.8,-0.26
1,5,1.2,1.2,0.9,11,34.32,-5.13,-0.21
1,5,1.2,1.2,0.9,15,34.28,-4.97,-0.2
1,5,1.2,1.2,0.9,19,34.24,-1.12,0.07
1,5,1.2,1.2,1.2,3,34.82,-10.04,-0.57
1,5,1.2,1.2,1.2,7,34.49,-5.8,-0.26
1,5,1.2,1.2,1.2,11,34.32,-5.13,-0.21
1,5,1.2,1.2,1.2,15,34.28,-4.97,-0.2
1,5,1.2,1.2,1.2,19,34.24,-1.12,0.07
1,5,1.2,1.2,1.5,3,34.82,-10.04,-0.57
1,5,1.2,1.2,1.5,7,34.49,-5.8,-0.26
1,5,1.2,1.2,1.5,11,34.32,-5.13,-0.21
1,5,1.2,1.2,1.5,15,34.28,-4.97,-0.2
1,5,1.2,1.2,1.5,19,34.24,-1.12,0.07
1,5,1.2,1.2,1.8,3,34.82,-10.04,-0.57
1,5,1.2,1.2,1.8,7,34.49,-5.8,-0.26
1,5,1.2,1.2,1.8,11,34.32,-5.13,-0.21
1,5,1.2,1.2,1.8,15,34.28,-4.97,-0.2
1,5,1.2,1.2,1.8,19,34.24,-1.12,0.07
1,5,1.2,1.2,2.1,3,34.82,-10.04,-0.57
1,5,1.2,1.2,2.1,7,34.49,-5.8,-0.26
1,5,1.2,1.2,2.1,11,34.32,-5.13,-0.21
1,5,1.2,1.2,2.1,15,34.28,-4.97,-0.2
1,5,1.2,1.2,2.1,19,34.24,-1.12,0.07
1,5,1.2,1.5,0.0,3,33.83,-9.59,-0.51
1,5,1.2,1.5,0.0,7,33.54,-7.38,-0.35
1,5,1.2,1.5,0.0,11,33.5,-2.98,-0.05
1,5,1.2,1.5,0.0,15,33.58,-2.87,-0.04
1,5,1.2,1.5,0.0,19,33.58,0.78,0.2
1,5,1.2,1.5,0.3,3,33.87,-9.55,-0.51
1,5,1.2,1.5,0.3,7,33.58,-7.06,-0.33
1,5,1.2,1.5,0.3,11,33.5,-2.98,-0.05
1,5,1.2,1.5,0.3,15,33.58,-2.87,-0.04
1,5,1.2,1.5,0.3,19,33.58,0.9,0.2
1,5,1.2,1.5,0.6,3,33.87,-9.55,-0.51
1,5,1.2,1.5,0.6,7,33.58,-7.06,-0.33
1,5,1.2,1.5,0.6,11,33.5,-2.98,-0.05
1,5,1.2,1.5,0.6,15,33.58,-2.87,-0.04
1,5,1.2,1.5,0.6,19,33.58,0.9,0.2
1,5,1.2,1.5,0.9,3,33.87,-9.55,-0.51
1,5,1.2,1.5,0.9,7,33.58,-7.06,-0.33
1,5,1.2,1.5,0.9,11,33.5,-2.98,-0.05
1,5,1.2,1.5,0.9,15,33.58,-2.87,-0.04
1,5,1.2,1.5,0.9,19,33.58,0.9,0.2
1,5,1.2,1.5,1.2,3,33.87,-9.55,-0.51
1,5,1.2,1.5,1.2,7,33.58,-7.06,-0.33
1,5,1.2,1.5,1.2,11,33.5,-2.98,-0.05
1,5,1.2,1.5,1.2,15,33.58,-2.87,-0.04
1,5,1.2,1.5,1.2,19,33.58,0.9,0.2
1,5,1.2,1.5,1.5,3,33.87,-9.55,-0.51
1,5,1.2,1.5,1.5,7,33.58,-7.06,-0.33
1,5,1.2,1.5,1.5,11,33.5,-2.98,-0.05
1,5,1.2,1.5,1.5,15,33.58,-2.87,-0.04
1,5,1.2,1.5,1.5,19,33.58,0.9,0.2
1,5,1.2,1.5,1.8,3,33.87,-9.55,-0.51
1,5,1.2,1.5,1.8,7,33.58,-7.06,-0.33
1,5,1.2,1.5,1.8,11,33.5,-2.98,-0.05
1,5,1.2,1.5,1.8,15,33.58,-2.87,-0.04
1,5,1.2,1.5,1.8,19,33.58,0.9,0.2
1,5,1.2,1.5,2.1,3,33.87,-9.55,-0.51
1,5,1.2,1.5,2.1,7,33.58,-7.06,-0.33
1,5,1.2,1.5,2.1,11,33.5,-2.98,-0.05
1,5,1.2,1.5,2.1,15,33.58,-2.87,-0.04
1,5,1.2,1.5,2.1,19,33.58,0.9,0.2
1,5,1.2,1.8,0.0,3,33.46,-2.92,-0.04
1,5,1.2,1.8,0.0,7,33.33,-4.97,-0.17
1,5,1.2,1.8,0.0,11,33.25,-3.33,-0.06
1,5,1.2,1.8,0.0,15,33.21,-0.89,0.09
1,5,1.2,1.8,0.0,19,33.21,0.14,0.16
1,5,1.2,1.8,0.3,3,33.54,-2.58,-0.02
1,5,1.2,1.8,0.3,7,33.37,-4.65,-0.15
1,5,1.2,1.8,0.3,11,33.25,-3.15,-0.05
1,5,1.2,1.8,0.3,15,33.21,-0.6,0.11
1,5,1.2,1.8,0.3,19,33.21,0.56,0.18
1,5,1.2,1.8,0.6,3,33.54,-2.58,-0.02
1,5,1.2,1.8,0.6,7,33.37,-4.65,-0.15
1,5,1.2,1.8,0.6,11,33.25,-3.15,-0.05
1,5,1.2,1.8,0.6,15,33.21,-0.6,0.11
1,5,1.2,1.8,0.6,19,33.21,0.56,0.18
1,5,1.2,1.8,0.9,3,33.54,-2.58,-0.02
1,5,1.2,1.8,0.9,7,33.37,-4.65,-0.15
1,5,1.2,1.8,0.9,11,33.25,-3.15,-0.05
1,5,1.2,1.8,0.9,15,33.21,-0.6,0.11
1,5,1.2,1.8,0.9,19,33.21,0.56,0.18
1,5,1.2,1.8,1.2,3,33.54,-2.58,-0.02
1,5,1.2,1.8,1.2,7,33.37,-4.65,-0.15
1,5,1.2,1.8,1.2,11,33.25,-3.15,-0.05
1,5,1.2,1.8,1.2,15,33.21,-0.6,0.11
1,5,1.2,1.8,1.2,19,33.21,0.56,0.18
1,5,1.2,1.8,1.5,3,33.54,-2.58,-0.02
1,5,1.2,1.8,1.5,7,33.37,-4.65,-0.15
1,5,1.2,1.8,1.5,11,33.25,-3.15,-0.05
1,5,1.2,1.8,1.5,15,33.21,-0.6,0.11
1,5,1.2,1.8,1.5,19,33.21,0.56,0.18
1,5,1.2,1.8,1.8,3,33.54,-2.58,-0.02
1,5,1.2,1.8,1.8,7,33.37,-4.65,-0.15
1,5,1.2,1.8,1.8,11,33.25,-3.15,-0.05
1,5,1.2,1.8,1.8,15,33.21,-0.6,0.11
1,5,1.2,1.8,1.8,19,33.21,0.56,0.18
1,5,1.2,1.8,2.1,3,33.54,-2.58,-0.02
1,5,1.2,1.8,2.1,7,33.37,-4.65,-0.15
1,5,1.2,1.8,2.1,11,33.25,-3.15,-0.05
1,5,1.2,1.8,2.1,15,33.21,-0.6,0.11
1,5,1.2,1.8,2.1,19,33.21,0.56,0.18
1,5,1.2,2.1,0.0,3,33.13,-3.29,-0.06
1,5,1.2,2.1,0.0,7,33.14,-0.94,0.09
1,5,1.2,2.1,0.0,11,33.14,-1.89,0.03
1,5,1.2,2.1,0.0,15,33.06,0.34,0.17
1,5,1.2,2.1,0.0,19,33.02,0.44,0.18
1,5,1.2,2.1,0.3,3,33.21,-3.06,-0.04
1,5,1.2,2.1,0.3,7,33.18,-1.64,0.05
1,5,1.2,2.1,0.3,11,33.14,-1.71,0.04
1,5,1.2,2.1,0.3,15,33.06,0.27,0.17
1,5,1.2,2.1,0.3,19,33.02,0.85,0.21
1,5,1.2,2.1,0.6,3,33.21,-3.06,-0.04
1,5,1.2,2.1,0.6,7,33.18,-1.64,0.05
1,5,1.2,2.1,0.6,11,33.14,-1.71,0.04
1,5,1.2,2.1,0.6,15,33.06,0.27,0.17
1,5,1.2,2.1,0.6,19,33.02,0.85,0.21
1,5,1.2,2.1,0.9,3,33.21,-3.06,-0.04
1,5,1.2,2.1,0.9,7,33.18,-1.64,0.05
1,5,1.2,2.1,0.9,11,33.14,-1.71,0.04
1,5,1.2,2.1,0.9,15,33.06,0.27,0.17
1,5,1.2,2.1,0.9,19,33.02,0.85,0.21
1,5,1.2,2.1,1.2,3,33.21,-3.06,-0.04
1,5,1.2,2.1,1.2,7,33.18,-1.64,0.05
1,5,1.2,2.1,1.2,11,33.14,-1.71,0.04
1,5,1.2,2.1,1.2,15,33.06,0.27,0.17
1,5,1.2,2.1,1.2,19,33.02,0.85,0.21
1,5,1.2,2.1,1.5,3,33.21,-3.06,-0.04
1,5,1.2,2.1,1.5,7,33.18,-1.64,0.05
1,5,1.2,2.1,1.5,11,33.14,-1.71,0.04
1,5,1.2,2.1,1.5,15,33.06,0.27,0.17
1,5,1.2,2.1,1.5,19,33.02,0.85,0.21
1,5,1.2,2.1,1.8,3,33.21,-3.06,-0.04
1,5,1.2,2.1,1.8,7,33.18,-1.64,0.05
1,5,1.2,2.1,1.8,11,33.14,-1.71,0.04
1,5,1.2,2.1,1.8,15,33.06,0.27,0.17
1,5,1.2,2.1,1.8,19,33.02,0.85,0.21
1,5,1.2,2.1,2.1,3,33.21,-3.06,-0.04
1,5,1.2,2.1,2.1,7,33.18,-1.64,0.05
1,5,1.2,2.1,2.1,11,33.14,-1.71,0.04
1,5,1.2,2.1,2.1,15,33.06,0.27,0.17
1,5,1.2,2.1,2.1,19,33.02,0.85,0.21
1,5,1.5,0.0,0.0,3,57.96,-17.53,-1.53
1,5,1.5,0.0,0.0,7,57.96,-17.53,-1.53
1,5,1.5,0.0,0.0,11,57.96,-17.53,-1.53
1,5,1.5,0.0,0.0,15,57.96,-17.42,-1.52
1,5,1.5,0.0,0.0,19,57.96,-15.69,-1.34
1,5,1.5,0.0,0.3,3,57.96,-17.53,-1.53
1,5,1.5,0.0,0.3,7,57.96,-17.53,-1.53
1,5,1.5,0.0,0.3,11,57.96,-17.53,-1.53
1,5,1.5,0.0,0.3,15,57.96,-17.42,-1.52
1,5,1.5,0.0,0.3,19,57.96,-15.69,-1.34
1,5,1.5,0.0,0.6,3,57.96,-17.53,-1.53
1,5,1.5,0.0,0.6,7,57.96,-17.53,-1.53
1,5,1.5,0.0,0.6,11,57.96,-17.53,-1.53
1,5,1.5,0.0,0.6,15,57.96,-17.42,-1.52
1,5,1.5,0.0,0.6,19,57.96,-15.69,-1.34
1,5,1.5,0.0,0.9,3,57.96,-17.53,-1.53
1,5,1.5,0.0,0.9,7,57.96,-17.53,-1.53
1,5,1.5,0.0,0.9,11,57.96,-17.53,-1.53
1,5,1.5,0.0,0.9,15,57.96,-17.42,-1.52
1,5,1.5,0.0,0.9,19,57.96,-15.69,-1.34
1,5,1.5,0.0,1.2,3,57.96,-17.53,-1.53
1,5,1.5,0.0,1.2,7,57.96,-17.53,-1.53
1,5,1.5,0.0,1.2,11,57.96,-17.53,-1.53
1,5,1.5,0.0,1.2,15,57.96,-17.42,-1.52
1,5,1.5,0.0,1.2,19,57.96,-15.69,-1.34
1,5,1.5,0.0,1.5,3,57.96,-17.53,-1.53
1,5,1.5,0.0,1.5,7,57.96,-17.53,-1.53
1,5,1.5,0.0,1.5,11,57.96,-17.53,-1.53
1,5,1.5,0.0,1.5,15,57.96,-17.42,-1.52
1,5,1.5,0.0,1.5,19,57.96,-15.69,-1.34
1,5,1.5,0.0,1.8,3,57.96,-17.53,-1.53
1,5,1.5,0.0,1.8,7,57.96,-17.53,-1.53
1,5,1.5,0.0,1.8,11,57.96,-17.53,-1.53
1,5,1.5,0.0,1.8,15,57.96,-17.42,-1.52
1,5,1.5,0.0,1.8,19,57.96,-15.69,-1.34
1,5,1.5,0.0,2.1,3,57.96,-17.53,-1.53
1,5,1.5,0.0,2.1,7,57.96,-17.53,-1.53
1,5,1.5,0.0,2.1,11,57.96,-17.53,-1.53
1,5,1.5,0.0,2.1,15,57.96,-17.42,-1.52
1,5,1.5,0.0,2.1,19,57.96,-15.69,-1.34
1,5,1.5,0.3,0.0,3,47.15,-16.38,-1.26
1,5,1.5,0.3,0.0,7,46.58,-17.39,-1.35
1,5,1.5,0.3,0.0,11,46.37,-18.77,-1.49
1,5,1.5,0.3,0.0,15,46.2,-18.83,-1.5
1,5,1.5,0.3,0.0,19,46.16,-16.32,-1.26
1,5,1.5,0.3,0.3,3,47.15,-16.38,-1.26
1,5,1.5,0.3,0.3,7,46.58,-17.39,-1.35
1,5,1.5,0.3,0.3,11,46.37,-18.77,-1.49
1,5,1.5,0.3,0.3,15,46.2,-18.83,-1.5
1,5,1.5,0.3,0.3,19,46.16,-16.32,-1.26
1,5,1.5,0.3,0.6,3,47.15,-16.38,-1.26
1,5,1.5,0.3,0.6,7,46.58,-17.39,-1.35
1,5,1.5,0.3,0.6,11,46.37,-18.77,-1.49
1,5,1.5,0.3,0.6,15,46.2,-18.83,-1.5
1,5,1.5,0.3,0.6,19,46.16,-16.32,-1.26
1,5,1.5,0.3,0.9,3,47.15,-16.38,-1.26
1,5,1.5,0.3,0.9,7,46.58,-17.39,-1.35
1,5,1.5,0.3,0.9,11,46.37,-18.77,-1.49
1,5,1.5,0.3,0.9,15,46.2,-18.83,-1.5
1,5,1.5,0.3,0.9,19,46.16,-16.32,-1.26
1,5,1.5,0.3,1.2,3,47.15,-16.38,-1.26
1,5,1.5,0.3,1.2,7,46.58,-17.39,-1.35
1,5,1.5,0.3,1.2,11,46.37,-18.77,-1.49
1,5,1.5,0.3,1.2,15,46.2,-18.83,-1.5
1,5,1.5,0.3,1.2,19,46.16,-16.32,-1.26
1,5,1.5,0.3,1.5,3,47.15,-16.38,-1.26
1,5,1.5,0.3,1.5,7,46.58,-17.39,-1.35
1,5,1.5,0.3,1.5,11,46.37,-18.77,-1.49
1,5,1.5,0.3,1.5,15,46.2,-18.83,-1.5
1,5,1.5,0.3,1.5,19,46.16,-16.32,-1.26
1,5,1.5,0.3,1.8,3,47.15,-16.38,-1.26
1,5,1.5,0.3,1.8,7,46.58,-17.39,-1.35
1,5,1.5,0.3,1.8,11,46.37,-18.77,-1.49
1,5,1.5,0.3,1.8,15,46.2,-18.83,-1.5
1,5,1.5,0.3,1.8,19,46.16,-16.32,-1.26
1,5,1.5,0.3,2.1,3,47.15,-16.38,-1.26
1,5,1.5,0.3,2.1,7,46.58,-17.39,-1.35
1,5,1.5,0.3,2.1,11,46.37,-18.77,-1.49
1,5,1.5,0.3,2.1,15,46.2,-18.83,-1.5
1,5,1.5,0.3,2.1,19,46.16,-16.32,-1.26
1,5,1.5,0.6,0.0,3,40.64,-2.31,-0.04
1,5,1.5,0.6,0.0,7,39.98,-2.85,-0.08
1,5,1.5,0.6,0.0,11,39.85,-4.8,-0.23
1,5,1.5,0.6,0.0,15,39.6,-7.45,-0.44
1,5,1.5,0.6,0.0,19,39.52,-6.8,-0.39
1,5,1.5,0.6,0.3,3,40.64,-2.31,-0.04
1,5,1.5,0.6,0.3,7,39.98,-2.85,-0.08
1,5,1.5,0.6,0.3,11,39.85,-4.8,-0.23
1,5,1.5,0.6,0.3,15,39.6,-7.45,-0.44
1,5,1.5,0.6,0.3,19,39.52,-6.8,-0.39
1,5,1.5,0.6,0.6,3,40.64,-2.31,-0.04
1,5,1.5,0.6,0.6,7,39.98,-2.85,-0.08
1,5,1.5,0.6,0.6,11,39.85,-4.8,-0.23
1,5,1.5,0.6,0.6,15,39.6,-7.45,-0.44
1,5,1.5,0.6,0.6,19,39.52,-6.8,-0.39
1,5,1.5,0.6,0.9,3,40.64,-2.31,-0.04
1,5,1.5,0.6,0.9,7,39.98,-2.85,-0.08
1,5,1.5,0.6,0.9,11,39.85,-4.8,-0.23
1,5,1.5,0.6,0.9,15,39.6,-7.45,-0.44
1,5,1.5,0.6,0.9,19,39.52,-6.8,-0.39
1,5,1.5,0.6,1.2,3,40.64,-2.31,-0.04
1,5,1.5,0.6,1.2,7,39.98,-2.85,-0.08
1,5,1.5,0.6,1.2,11,39.85,-4.8,-0.23
1,5,1.5,0.6,1.2,15,39.6,-7.45,-0.44
1,5,1.5,0.6,1.2,19,39.52,-6.8,-0.39
1,5,1.5,0.6,1.5,3,40.64,-2.31,-0.04
1,5,1.5,0.6,1.5,7,39.98,-2.85,-0.08
1,5,1.5,0.6,1.5,11,39.85,-4.8,-0.23
1,5,1.5,0.6,1.5,15,39.6,-7.45,-0.44
1,5,1.5,0.6,1.5,19,39.52,-6.8,-0.39
1,5,1.5,0.6,1.8,3,40.64,-2.31,-0.04
1,5,1.5,0.6,1.8,7,39.98,-2.85,-0.08
1,5,1.5,0.6,1.8,11,39.85,-4.8,-0.23
1,5,1.5,0.6,1.8,15,39.6,-7.45,-0.44
1,5,1.5,0.6,1.8,19,39.52,-6.8,-0.39
1,5,1.5,0.6,2.1,3,40.64,-2.31,-0.04
1,5,1.5,0.6,2.1,7,39.98,-2.85,-0.08
1,5,1.5,0.6,2.1,11,39.85,-4.8,-0.23
1,5,1.5,0.6,2.1,15,39.6,-7.45,-0.44
1,5,1.5,0.6,2.1,19,39.52,-6.8,-0.39
1,5,1.5,0.9,0.0,3,36.8,-3.09,-0.08
1,5,1.5,0.9,0.0,7,36.72,-2.28,-0.02
1,5,1.5,0.9,0.0,11,36.39,-1.37,0.04
1,5,1.5,0.9,0.0,15,36.18,-1.85,0.01
1,5,1.5,0.9,0.0,19,35.81,-4.47,-0.18
1,5,1.5,0.9,0.3,3,36.8,-3.09,-0.08
1,5,1.5,0.9,0.3,7,36.72,-2.28,-0.02
1,5,1.5,0.9,0.3,11,36.39,-1.37,0.04
1,5,1.5,0.9,0.3,15,36.18,-1.85,0.01
1,5,1.5,0.9,0.3,19,35.81,-4.47,-0.18
1,5,1.5,0.9,0.6,3,36.8,-3.09,-0.08
1,5,1.5,0.9,0.6,7,36.72,-2.28,-0.02
1,5,1.5,0.9,0.6,11,36.39,-1.37,0.04
1,5,1.5,0.9,0.6,15,36.18,-1.85,0.01
1,5,1.5,0.9,0.6,19,35.81,-4.47,-0.18
1,5,1.5,0.9,0.9,3,36.8,-3.09,-0.08
1,5,1.5,0.9,0.9,7,36.72,-2.28,-0.02
1,5,1.5,0.9,0.9,11,36.39,-1.37,0.04
1,5,1.5,0.9,0.9,15,36.18,-1.85,0.01
1,5,1.5,0.9,0.9,19,35.81,-4.47,-0.18
1,5,1.5,0.9,1.2,3,36.8,-3.09,-0.08
1,5,1.5,0.9,1.2,7,36.72,-2.28,-0.02
1,5,1.5,0.9,1.2,11,36.39,-1.37,0.04
1,5,1.5,0.9,1.2,15,36.18,-1.85,0.01
1,5,1.5,0.9,1.2,19,35.81,-4.47,-0.18
1,5,1.5,0.9,1.5,3,36.8,-3.09,-0.08
1,5,1.5,0.9,1.5,7,36.72,-2.28,-0.02
1,5,1.5,0.9,1.5,11,36.39,-1.37,0.04
1,5,1.5,0.9,1.5,15,36.18,-1.85,0.01
1,5,1.5,0.9,1.5,19,35.81,-4.47,-0.18
1,5,1.5,0.9,1.8,3,36.8,-3.09,-0.08
1,5,1.5,0.9,1.8,7,36.72,-2.28,-0.02
1,5,1.5,0.9,1.8,11,36.39,-1.37,0.04
1,5,1.5,0.9,1.8,15,36.18,-1.85,0.01
1,5,1.5,0.9,1.8,19,35.81,-4.47,-0.18
1,5,1.5,0.9,2.1,3,36.8,-3.09,-0.08
1,5,1.5,0.9,2.1,7,36.72,-2.28,-0.02
1,5,1.5,0.9,2.1,11,36.39,-1.37,0.04
1,5,1.5,0.9,2.1,15,36.18,-1.85,0.01
1,5,1.5,0.9,2.1,19,35.81,-4.47,-0.18
1,5,1.5,1.2,0.0,3,34.82,-10.04,-0.57
1,5,1.5,1.2,0.0,7,34.49,-5.8,-0.26
1,5,1.5,1.2,0.0,11,34.32,-5.48,-0.24
1,5,1.5,1.2,0.0,15,34.28,-5.0,-0.2
1,5,1.5,1.2,0.0,19,34.24,-1.43,0.05
1,5,1.5,1.2,0.3,3,34.82,-10.04,-0.57
1,5,1.5,1.2,0.3,7,34.49,-5.8,-0.26
1,5,1.5,1.2,0.3,11,34.32,-5.48,-0.24
1,5,1.5,1.2,0.3,15,34.28,-5.0,-0.2
1,5,1.5,1.2,0.3,19,34.24,-1.43,0.05
1,5,1.5,1.2,0.6,3,34.82,-10.04,-0.57
1,5,1.5,1.2,0.6,7,34.49,-5.8,-0.26
1,5,1.5,1.2,0.6,11,34.32,-5.48,-0.24
1,5,1.5,1.2,0.6,15,34.28,-5.0,-0.2
1,5,1.5,1.2,0.6,19,34.24,-1.43,0.05
1,5,1.5,1.2,0.9,3,34.82,-10.04,-0.57
1,5,1.5,1.2,0.9,7,34.49,-5.8,-0.26
1,5,1.5,1.2,0.9,11,34.32,-5.48,-0.24
1,5,1.5,1.2,0.9,15,34.28,-5.0,-0.2
1,5,1.5,1.2,0.9,19,34.24,-1.43,0.05
1,5,1.5,1.2,1.2,3,34.82,-10.04,-0.57
1,5,1.5,1.2,1.2,7,34.49,-5.8,-0.26
1,5,1.5,1.2,1.2,11,34.32,-5.48,-0.24
1,5,1.5,1.2,1.2,15,34.28,-5.0,-0.2
1,5,1.5,1.2,1.2,19,34.24,-1.43,0.05
1,5,1.5,1.2,1.5,3,34.82,-10.04,-0.57
1,5,1.5,1.2,1.5,7,34.49,-5.8,-0.26
1,5,1.5,1.2,1.5,11,34.32,-5.48,-0.24
1,5,1.5,1.2,1.5,15,34.28,-5.0,-0.2
1,5,1.5,1.2,1.5,19,34.24,-1.43,0.05
1,5,1.5,1.2,1.8,3,34.82,-10.04,-0.57
1,5,1.5,1.2,1.8,7,34.49,-5.8,-0.26
1,5,1.5,1.2,1.8,11,34.32,-5.48,-0.24
1,5,1.5,1.2,1.8,15,34.28,-5.0,-0.2
1,5,1.5,1.2,1.8,19,34.24,-1.43,0.05
1,5,1.5,1.2,2.1,3,34.82,-10.04,-0.57
1,5,1.5,1.2,2.1,7,34.49,-5.8,-0.26
1,5,1.5,1.2,2.1,11,34.32,-5.48,-0.24
1,5,1.5,1.2,2.1,15,34.28,-5.0,-0.2
1,5,1.5,1.2,2.1,19,34.24,-1.43,0.05
1,5,1.5,1.5,0.0,3,33.83,-9.59,-0.51
1,5,1.5,1.5,0.0,7,33.54,-7.38,-0.35
1,5,1.5,1.5,0.0,11,33.5,-3.35,-0.07
1,5,1.5,1.5,0.0,15,33.58,-2.9,-0.04
1,5,1.5,1.5,0.0,19,33.58,0.59,0.18
1,5,1.5,1.5,0.3,3,33.83,-9.59,-0.51
1,5,1.5,1.5,0.3,7,33.54,-7.38,-0.35
1,5,1.5,1.5,0.3,11,33.5,-3.35,-0.07
1,5,1.5,1.5,0.3,15,33.58,-2.9,-0.04
1,5,1.5,1.5,0.3,19,33.58,0.59,0.18
1,5,1.5,1.5,0.6,3,33.83,-9.59,-0.51
1,5,1.5,1.5,0.6,7,33.54,-7.38,-0.35
1,5,1.5,1.5,0.6,11,33.5,-3.35,-0.07
1,5,1.5,1.5,0.6,15,33.58,-2.9,-0.04
1,5,1.5,1.5,0.6,19,33.58,0.59,0.18
1,5,1.5,1.5,0.9,3,33.83,-9.59,-0.51
1,5,1.5,1.5,0.9,7,33.54,-7.38,-0.35
1,5,1.5,1.5,0.9,11,33.5,-3.35,-0.07
1,5,1.5,1.5,0.9,15,33.58,-2.9,-0.04
1,5,1.5,1.5,0.9,19,33.58,0.59,0.18
1,5,1.5,1.5,1.2,3,33.83,-9.59,-0.51
1,5,1.5,1.5,1.2,7,33.54,-7.38,-0.35
1,5,1.5,1.5,1.2,11,33.5,-3.35,-0.07
1,5,1.5,1.5,1.2,15,33.58,-2.9,-0.04
1,5,1.5,1.5,1.2,19,33.58,0.59,0.18
1,5,1.5,1.5,1.5,3,33.83,-9.59,-0.51
1,5,1.5,1.5,1.5,7,33.54,-7.38,-0.35
1,5,1.5,1.5,1.5,11,33.5,-3.35,-0.07
1,5,1.5,1.5,1.5,15,33.58,-2.9,-0.04
1,5,1.5,1.5,1.5,19,33.58,0.59,0.18
1,5,1.5,1.5,1.8,3,33.83,-9.59,-0.51
1,5,1.5,1.5,1.8,7,33.54,-7.38,-0.35
1,5,1.5,1.5,1.8,11,33.5,-3.35,-0.07
1,5,1.5,1.5,1.8,15,33.58,-2.9,-0.04
1,5,1.5,1.5,1.8,19,33.58,0.59,0.18
1,5,1.5,1.5,2.1,3,33.83,-9.59,-0.51
1,5,1.5,1.5,2.1,7,33.54,-7.38,-0.35
1,5,1.5,1.5,2.1,11,33.5,-3.35,-0.07
1,5,1.5,1.5,2.1,15,33.58,-2.9,-0.04
1,5,1.5,1.5,2.1,19,33.58,0.59,0.18
1,5,1.5,1.8,0.0,3,33.46,-2.92,-0.04
1,5,1.5,1.8,0.0,7,33.33,-4.97,-0.17
1,5,1.5,1.8,0.0,11,33.25,-3.69,-0.09
1,5,1.5,1.8,0.0,15,33.21,-0.92,0.09
1,5,1.5,1.8,0.0,19,33.21,-0.05,0.15
1,5,1.5,1.8,0.3,3,33.5,-2.58,-0.02
1,5,1.5,1.8,0.3,7,33.33,-4.97,-0.17
1,5,1.5,1.8,0.3,11,33.25,-3.4,-0.07
1,5,1.5,1.8,0.3,15,33.21,-0.63,0.11
1,5,1.5,1.8,0.3,19,33.21,0.25,0.17
1,5,1.5,1.8,0.6,3,33.5,-2.58,-0.02
1,5,1.5,1.8,0.6,7,33.33,-4.97,-0.17
1,5,1.5,1.8,0.6,11,33.25,-3.4,-0.07
1,5,1.5,1.8,0.6,15,33.21,-0.63,0.11
1,5,1.5,1.8,0.6,19,33.21,0.25,0.17
1,5,1.5,1.8,0.9,3,33.5,-2.58,-0.02
1,5,1.5,1.8,0.9,7,33.33,-4.97,-0.17
1,5,1.5,1.8,0.9,11,33.25,-3.4,-0.07
1,5,1.5,1.8,0.9,15,33.21,-0.63,0.11
1,5,1.5,1.8,0.9,19,33.21,0.25,0.17
1,5,1.5,1.8,1.2,3,33.5,-2.58,-0.02
1,5,1.5,1.8,1.2,7,33.33,-4.97,-0.17
1,5,1.5,1.8,1.2,11,33.25,-3.4,-0.07
1,5,1.5,1.8,1.2,15,33.21,-0.63,0.11
1,5,1.5,1.8,1.2,19,33.21,0.25,0.17
1,5,1.5,1.8,1.5,3,33.5,-2.58,-0.02
1,5,1.5,1.8,1.5,7,33.33,-4.97,-0.17
1,5,1.5,1.8,1.5,11,33.25,-3.4,-0.07
1,5,1.5,1.8,1.5,15,33.21,-0.63,0.11
1,5,1.5,1.8,1.5,19,33.21,0.25,0.17
1,5,1.5,1.8,1.8,3,33.5,-2.58,-0.02
1,5,1.5,1.8,1.8,7,33.33,-4.97,-0.17
1,5,1.5,1.8,1.8,11,33.25,-3.4,-0.07
1,5,1.5,1.8,1.8,15,33.21,-0.63,0.11
1,5,1.5,1.8,1.8,19,33.21,0.25,0.17
1,5,1.5,1.8,2.1,3,33.5,-2.58,-0.02
1,5,1.5,1.8,2.1,7,33.33,-4.97,-0.17
1,5,1.5,1.8,2.1,11,33.25,-3.4,-0.07
1,5,1.5,1.8,2.1,15,33.21,-0.63,0.11
1,5,1.5,1.8,2.1,19,33.21,0.25,0.17
1,5,1.5,2.1,0.0,3,33.13,-3.29,-0.06
1,5,1.5,2.1,0.0,7,33.14,-0.94,0.09
1,5,1.5,2.1,0.0,11,33.14,-2.25,0.01
1,5,1.5,2.1,0.0,15,33.06,0.31,0.17
1,5,1.5,2.1,0.0,19,33.02,0.24,0.17
1,5,1.5,2.1,0.3,3,33.17,-2.95,-0.03
1,5,1.5,2.1,0.3,7,33.14,-0.94,0.09
1,5,1.5,2.1,0.3,11,33.14,-1.96,0.03
1,5,1.5,2.1,0.3,15,33.06,0.61,0.19
1,5,1.5,2.1,0.3,19,33.02,0.54,0.19
1,5,1.5,2.1,0.6,3,33.17,-2.95,-0.03
1,5,1.5,2.1,0.6,7,33.14,-0.94,0.09
1,5,1.5,2.1,0.6,11,33.14,-1.96,0.03
1,5,1.5,2.1,0.6,15,33.06,0.61,0.19
1,5,1.5,2.1,0.6,19,33.02,0.54,0.19
1,5,1.5,2.1,0.9,3,33.17,-2.95,-0.03
1,5,1.5,2.1,0.9,7,33.14,-0.94,0.09
1,5,1.5,2.1,0.9,11,33.14,-1.96,0.03
1,5,1.5,2.1,0.9,15,33.06,0.61,0.19
1,5,1.5,2.1,0.9,19,33.02,0.54,0.19
1,5,1.5,2.1,1.2,3,33.17,-2.95,-0.03
1,5,1.5,2.1,1.2,7,33.14,-0.94,0.09
1,5,1.5,2.1,1.2,11,33.14,-1.96,0.03
1,5,1.5,2.1,1.2,15,33.06,0.61,0.19
1,5,1.5,2.1,1.2,19,33.02,0.54,0.19
1,5,1.5,2.1,1.5,3,33.17,-2.95,-0.03
1,5,1.5,2.1,1.5,7,33.14,-0.94,0.09
1,5,1.5,2.1,1.5,11,33.14,-1.96,0.03
1,5,1.5,2.1,1.5,15,33.06,0.61,0.19
1,5,1.5,2.1,1.5,19,33.02,0.54,0.19
1,5,1.5,2.1,1.8,3,33.17,-2.95,-0.03
1,5,1.5,2.1,1.8,7,33.14,-0.94,0.09
1,5,1.5,2.1,1.8,11,33.14,-1.96,0.03
1,5,1.5,2.1,1.8,15,33.06,0.61,0.19
1,5,1.5,2.1,1.8,19,33.02,0.54,0.19
1,5,1.5,2.1,2.1,3,33.17,-2.95,-0.03
1,5,1.5,2.1,2.1,7,33.14,-0.94,0.09
1,5,1.5,2.1,2.1,11,33.14,-1.96,0.03
1,5,1.5,2.1,2.1,15,33.06,0.61,0.19
1,5,1.5,2.1,2.1,19,33.02,0.54,0.19
1,5,1.8,0.0,0.0,3,57.96,-17.53,-1.53
1,5,1.8,0.0,0.0,7,57.96,-17.53,-1.53
1,5,1.8,0.0,0.0,11,57.96,-17.53,-1.53
1,5,1.8,0.0,0.0,15,57.96,-17.53,-1.53
1,5,1.8,0.0,0.0,19,57.96,-16.01,-1.37
1,5,1.8,0.0,0.3,3,57.96,-17.53,-1.53
1,5,1.8,0.0,0.3,7,57.96,-17.53,-1.53
1,5,1.8,0.0,0.3,11,57.96,-17.53,-1.53
1,5,1.8,0.0,0.3,15,57.96,-17.53,-1.53
1,5,1.8,0.0,0.3,19,57.96,-16.01,-1.37
1,5,1.8,0.0,0.6,3,57.96,-17.53,-1.53
1,5,1.8,0.0,0.6,7,57.96,-17.53,-1.53
1,5,1.8,0.0,0.6,11,57.96,-17.53,-1.53
1,5,1.8,0.0,0.6,15,57.96,-17.53,-1.53
1,5,1.8,0.0,0.6,19,57.96,-16.01,-1.37
1,5,1.8,0.0,0.9,3,57.96,-17.53,-1.53
1,5,1.8,0.0,0.9,7,57.96,-17.53,-1.53
1,5,1.8,0.0,0.9,11,57.96,-17.53,-1.53
1,5,1.8,0.0,0.9,15,57.96,-17.53,-1.53
1,5,1.8,0.0,0.9,19,57.96,-16.01,-1.37
1,5,1.8,0.0,1.2,3,57.96,-17.53,-1.53
1,5,1.8,0.0,1.2,7,57.96,-17.53,-1.53
1,5,1.8,0.0,1.2,11,57.96,-17.53,-1.53
1,5,1.8,0.0,1.2,15,57.96,-17.53,-1.53
1,5,1.8,0.0,1.2,19,57.96,-16.01,-1.37
1,5,1.8,0.0,1.5,3,57.96,-17.53,-1.53
1,5,1.8,0.0,1.5,7,57.96,-17.53,-1.53
1,5,1.8,0.0,1.5,11,57.96,-17.53,-1.53
1,5,1.8,0.0,1.5,15,57.96,-17.53,-1.53
1,5,1.8,0.0,1.5,19,57.96,-16.01,-1.37
1,5,1.8,0.0,1.8,3,57.96,-17.53,-1.53
1,5,1.8,0.0,1.8,7,57.96,-17.53,-1.53
1,5,1.8,0.0,1.8,11,57.96,-17.53,-1.53
1,5,1.8,0.0,1.8,15,57.96,-17.53,-1.53
1,5,1.8,0.0,1.8,19,57.96,-16.01,-1.37
1,5,1.8,0.0,2.1,3,57.96,-17.53,-1.53
1,5,1.8,0.0,2.1,7,57.96,-17.53,-1.53
1,5,1.8,0.0,2.1,11,57.96,-17.53,-1.53
1,5,1.8,0.0,2.1,15,57.96,-17.53,-1.53
1,5,1.8,0.0,2.1,19,57.96,-16.01,-1.37
1,5,1.8,0.3,0.0,3,47.15,-16.38,-1.26
1,5,1.8,0.3,0.0,7,46.58,-17.39,-1.35
1,5,1.8,0.3,0.0,11,46.37,-18.77,-1.49
1,5,1.8,0.3,0.0,15,46.2,-18.94,-1.51
1,5,1.8,0.3,0.0,19,46.16,-16.63,-1.29
1,5,1.8,0.3,0.3,3,47.15,-16.38,-1.26
1,5,1.8,0.3,0.3,7,46.58,-17.39,-1.35
1,5,1.8,0.3,0.3,11,46.37,-18.77,-1.49
1,5,1.8,0.3,0.3,15,46.2,-18.94,-1.51
1,5,1.8,0.3,0.3,19,46.16,-16.63,-1.29
1,5,1.8,0.3,0.6,3,47.15,-16.38,-1.26
1,5,1.8,0.3,0.6,7,46.58,-17.39,-1.35
1,5,1.8,0.3,0.6,11,46.37,-18.77,-1.49
1,5,1.8,0.3,0.6,15,46.2,-18.94,-1.51
1,5,1.8,0.3,0.6,19,46.16,-16.63,-1.29
1,5,1.8,0.3,0.9,3,47.15,-16.38,-1.26
1,5,1.8,0.3,0.9,7,46.58,-17.39,-1.35
1,5,1.8,0.3,0.9,11,46.37,-18.77,-1.49
1,5,1.8,0.3,0.9,15,46.2,-18.94,-1.51
1,5,1.8,0.3,0.9,19,46.16,-16.63,-1.29
1,5,1.8,0.3,1.2,3,47.15,-16.38,-1.26
1,5,1.8,0.3,1.2,7,46.58,-17.39,-1.35
1,5,1.8,0.3,1.2,11,46.37,-18.77,-1.49
1,5,1.8,0.3,1.2,15,46.2,-18.94,-1.51
1,5,1.8,0.3,1.2,19,46.16,-16.63,-1.29
1,5,1.8,0.3,1.5,3,47.15,-16.38,-1.26
1,5,1.8,0.3,1.5,7,46.58,-17.39,-1.35
1,5,1.8,0.3,1.5,11,46.37,-18.77,-1.49
1,5,1.8,0.3,1.5,15,46.2,-18.94,-1.51
1,5,1.8,0.3,1.5,19,46.16,-16.63,-1.29
1,5,1.8,0.3,1.8,3,47.15,-16.38,-1.26
1,5,1.8,0.3,1.8,7,46.58,-17.39,-1.35
1,5,1.8,0.3,1.8,11,46.37,-18.77,-1.49
1,5,1.8,0.3,1.8,15,46.2,-18.94,-1.51
1,5,1.8,0.3,1.8,19,46.16,-16.63,-1.29
1,5,1.8,0.3,2.1,3,47.15,-16.38,-1.26
1,5,1.8,0.3,2.1,7,46.58,-17.39,-1.35
1,5,1.8,0.3,2.1,11,46.37,-18.77,-1.49
1,5,1.8,0.3,2.1,15,46.2,-18.94,-1.51
1,5,1.8,0.3,2.1,19,46.16,-16.63,-1.29
1,5,1.8,0.6,0.0,3,40.64,-2.31,-0.04
1,5,1.8,0.6,0.0,7,39.98,-2.85,-0.08
1,5,1.8,0.6,0.0,11,39.85,-4.8,-0.23
1,5,1.8,0.6,0.0,15,39.6,-7.57,-0.45
1,5,1.8,0.6,0.0,19,39.52,-7.15,-0.41
1,5,1.8,0.6,0.3,3,40.64,-2.31,-0.04
1,5,1.8,0.6,0.3,7,39.98,-2.85,-0.08
1,5,1.8,0.6,0.3,11,39.85,-4.8,-0.23
1,5,1.8,0.6,0.3,15,39.6,-7.57,-0.45
1,5,1.8,0.6,0.3,19,39.52,-7.15,-0.41
1,5,1.8,0.6,0.6,3,40.64,-2.31,-0.04
1,5,1.8,0.6,0.6,7,39.98,-2.85,-0.08
1,5,1.8,0.6,0.6,11,39.85,-4.8,-0.23
1,5,1.8,0.6,0.6,15,39.6,-7.57,-0.45
1,5,1.8,0.6,0.6,19,39.52,-7.15,-0.41
1,5,1.8,0.6,0.9,3,40.64,-2.31,-0.04
1,5,1.8,0.6,0.9,7,39.98,-2.85,-0.08
1,5,1.8,0.6,0.9,11,39.85,-4.8,-0.23
1,5,1.8,0.6,0.9,15,39.6,-7.57,-0.45
1,5,1.8,0.6,0.9,19,39.52,-7.15,-0.41
1,5,1.8,0.6,1.2,3,40.64,-2.31,-0.04
1,5,1.8,0.6,1.2,7,39.98,-2.85,-0.08
1,5,1.8,0.6,1.2,11,39.85,-4.8,-0.23
1,5,1.8,0.6,1.2,15,39.6,-7.57,-0.45
1,5,1.8,0.6,1.2,19,39.52,-7.15,-0.41
1,5,1.8,0.6,1.5,3,40.64,-2.31,-0.04
1,5,1.8,0.6,1.5,7,39.98,-2.85,-0.08
1,5,1.8,0.6,1.5,11,39.85,-4.8,-0.23
1,5,1.8,0.6,1.5,15,39.6,-7.57,-0.45
1,5,1.8,0.6,1.5,19,39.52,-7.15,-0.41
1,5,1.8,0.6,1.8,3,40.64,-2.31,-0.04
1,5,1.8,0.6,1.8,7,39.98,-2.85,-0.08
1,5,1.8,0.6,1.8,11,39.85,-4.8,-0.23
1,5,1.8,0.6,1.8,15,39.6,-7.57,-0.45
1,5,1.8,0.6,1.8,19,39.52,-7.15,-0.41
1,5,1.8,0.6,2.1,3,40.64,-2.31,-0.04
1,5,1.8,0.6,2.1,7,39.98,-2.85,-0.08
1,5,1.8,0.6,2.1,11,39.85,-4.8,-0.23
1,5,1.8,0.6,2.1,15,39.6,-7.57,-0.45
1,5,1.8,0.6,2.1,19,39.52,-7.15,-0.41
1,5,1.8,0.9,0.0,3,36.8,-3.09,-0.08
1,5,1.8,0.9,0.0,7,36.72,-2.28,-0.02
1,5,1.8,0.9,0.0,11,36.39,-1.37,0.04
1,5,1.8,0.9,0.0,15,36.18,-1.97,-0.0
1,5,1.8,0.9,0.0,19,35.81,-4.83,-0.21
1,5,1.8,0.9,0.3,3,36.8,-3.09,-0.08
1,5,1.8,0.9,0.3,7,36.72,-2.28,-0.02
1,5,1.8,0.9,0.3,11,36.39,-1.37,0.04
1,5,1.8,0.9,0.3,15,36.18,-1.97,-0.0
1,5,1.8,0.9,0.3,19,35.81,-4.83,-0.21
1,5,1.8,0.9,0.6,3,36.8,-3.09,-0.08
1,5,1.8,0.9,0.6,7,36.72,-2.28,-0.02
1,5,1.8,0.9,0.6,11,36.39,-1.37,0.04
1,5,1.8,0.9,0.6,15,36.18,-1.97,-0.0
1,5,1.8,0.9,0.6,19,35.81,-4.83,-0.21
1,5,1.8,0.9,0.9,3,36.8,-3.09,-0.08
1,5,1.8,0.9,0.9,7,36.72,-2.28,-0.02
1,5,1.8,0.9,0.9,11,36.39,-1.37,0.04
1,5,1.8,0.9,0.9,15,36.18,-1.97,-0.0
1,5,1.8,0.9,0.9,19,35.81,-4.83,-0.21
1,5,1.8,0.9,1.2,3,36.8,-3.09,-0.08
1,5,1.8,0.9,1.2,7,36.72,-2.28,-0.02
1,5,1.8,0.9,1.2,11,36.39,-1.37,0.04
1,5,1.8,0.9,1.2,15,36.18,-1.97,-0.0
1,5,1.8,0.9,1.2,19,35.81,-4.83,-0.21
1,5,1.8,0.9,1.5,3,36.8,-3.09,-0.08
1,5,1.8,0.9,1.5,7,36.72,-2.28,-0.02
1,5,1.8,0.9,1.5,11,36.39,-1.37,0.04
1,5,1.8,0.9,1.5,15,36.18,-1.97,-0.0
1,5,1.8,0.9,1.5,19,35.81,-4.83,-0.21
1,5,1.8,0.9,1.8,3,36.8,-3.09,-0.08
1,5,1.8,0.9,1.8,7,36.72,-2.28,-0.02
1,5,1.8,0.9,1.8,11,36.39,-1.37,0.04
1,5,1.8,0.9,1.8,15,36.18,-1.97,-0.0
1,5,1.8,0.9,1.8,19,35.81,-4.83,-0.21
1,5,1.8,0.9,2.1,3,36.8,-3.09,-0.08
1,5,1.8,0.9,2.1,7,36.72,-2.28,-0.02
1,5,1.8,0.9,2.1,11,36.39,-1.37,0.04
1,5,1.8,0.9,2.1,15,36.18,-1.97,-0.0
1,5,1.8,0.9,2.1,19,35.81,-4.83,-0.21
1,5,1.8,1.2,0.0,3,34.82,-10.04,-0.57
1,5,1.8,1.2,0.0,7,34.49,-5.8,-0.26
1,5,1.8,1.2,0.0,11,34.32,-5.48,-0.24
1,5,1.8,1.2,0.0,15,34.28,-5.12,-0.21
1,5,1.8,1.2,0.0,19,34.24,-1.79,0.02
1,5,1.8,1.2,0.3,3,34.82,-10.04,-0.57
1,5,1.8,1.2,0.3,7,34.49,-5.8,-0.26
1,5,1.8,1.2,0.3,11,34.32,-5.48,-0.24
1,5,1.8,1.2,0.3,15,34.28,-5.12,-0.21
1,5,1.8,1.2,0.3,19,34.24,-1.79,0.02
1,5,1.8,1.2,0.6,3,34.82,-10.04,-0.57
1,5,1.8,1.2,0.6,7,34.49,-5.8,-0.26
1,5,1.8,1.2,0.6,11,34.32,-5.48,-0.24
1,5,1.8,1.2,0.6,15,34.28,-5.12,-0.21
1,5,1.8,1.2,0.6,19,34.24,-1.79,0.02
1,5,1.8,1.2,0.9,3,34.82,-10.04,-0.57
1,5,1.8,1.2,0.9,7,34.49,-5.8,-0.26
1,5,1.8,1.2,0.9,11,34.32,-5.48,-0.24
1,5,1.8,1.2,0.9,15,34.28,-5.12,-0.21
1,5,1.8,1.2,0.9,19,34.24,-1.79,0.02
1,5,1.8,1.2,1.2,3,34.82,-10.04,-0.57
1,5,1.8,1.2,1.2,7,34.49,-5.8,-0.26
1,5,1.8,1.2,1.2,11,34.32,-5.48,-0.24
1,5,1.8,1.2,1.2,15,34.28,-5.12,-0.21
1,5,1.8,1.2,1.2,19,34.24,-1.79,0.02
1,5,1.8,1.2,1.5,3,34.82,-10.04,-0.57
1,5,1.8,1.2,1.5,7,34.49,-5.8,-0.26
1,5,1.8,1.2,1.5,11,34.32,-5.48,-0.24
1,5,1.8,1.2,1.5,15,34.28,-5.12,-0.21
1,5,1.8,1.2,1.5,19,34.24,-1.79,0.02
1,5,1.8,1.2,1.8,3,34.82,-10.04,-0.57
1,5,1.8,1.2,1.8,7,34.49,-5.8,-0.26
1,5,1.8,1.2,1.8,11,34.32,-5.48,-0.24
1,5,1.8,1.2,1.8,15,34.28,-5.12,-0.21
1,5,1.8,1.2,1.8,19,34.24,-1.79,0.02
1,5,1.8,1.2,2.1,3,34.82,-10.04,-0.57
1,5,1.8,1.2,2.1,7,34.49,-5.8,-0.26
1,5,1.8,1.2,2.1,11,34.32,-5.48,-0.24
1,5,1.8,1.2,2.1,15,34.28,-5.12,-0.21
1,5,1.8,1.2,2.1,19,34.24,-1.79,0.02
1,5,1.8,1.5,0.0,3,33.83,-9.59,-0.51
1,5,1.8,1.5,0.0,7,33.54,-7.38,-0.35
1,5,1.8,1.5,0.0,11,33.5,-3.35,-0.07
1,5,1.8,1.5,0.0,15,33.58,-3.03,-0.05
1,5,1.8,1.5,0.0,19,33.58,0.21,0.16
1,5,1.8,1.5,0.3,3,33.83,-9.59,-0.51
1,5,1.8,1.5,0.3,7,33.54,-7.38,-0.35
1,5,1.8,1.5,0.3,11,33.5,-3.35,-0.07
1,5,1.8,1.5,0.3,15,33.58,-3.03,-0.05
1,5,1.8,1.5,0.3,19,33.58,0.21,0.16
1,5,1.8,1.5,0.6,3,33.83,-9.59,-0.51
1,5,1.8,1.5,0.6,7,33.54,-7.38,-0.35
1,5,1.8,1.5,0.6,11,33.5,-3.35,-0.07
1,5,1.8,1.5,0.6,15,33.58,-3.03,-0.05
1,5,1.8,1.5,0.6,19,33.58,0.21,0.16
1,5,1.8,1.5,0.9,3,33.83,-9.59,-0.51
1,5,1.8,1.5,0.9,7,33.54,-7.38,-0.35
1,5,1.8,1.5,0.9,11,33.5,-3.35,-0.07
1,5,1.8,1.5,0.9,15,33.58,-3.03,-0.05
1,5,1.8,1.5,0.9,19,33.58,0.21,0.16
1,5,1.8,1.5,1.2,3,33.83,-9.59,-0.51
1,5,1.8,1.5,1.2,7,33.54,-7.38,-0.35
1,5,1.8,1.5,1.2,11,33.5,-3.35,-0.07
1,5,1.8,1.5,1.2,15,33.58,-3.03,-0.05
1,5,1.8,1.5,1.2,19,33.58,0.21,0.16
1,5,1.8,1.5,1.5,3,33.83,-9.59,-0.51
1,5,1.8,1.5,1.5,7,33.54,-7.38,-0.35
1,5,1.8,1.5,1.5,11,33.5,-3.35,-0.07
1,5,1.8,1.5,1.5,15,33.58,-3.03,-0.05
1,5,1.8,1.5,1.5,19,33.58,0.21,0.16
1,5,1.8,1.5,1.8,3,33.83,-9.59,-0.51
1,5,1.8,1.5,1.8,7,33.54,-7.38,-0.35
1,5,1.8,1.5,1.8,11,33.5,-3.35,-0.07
1,5,1.8,1.5,1.8,15,33.58,-3.03,-0.05
1,5,1.8,1.5,1.8,19,33.58,0.21,0.16
1,5,1.8,1.5,2.1,3,33.83,-9.59,-0.51
1,5,1.8,1.5,2.1,7,33.54,-7.38,-0.35
1,5,1.8,1.5,2.1,11,33.5,-3.35,-0.07
1,5,1.8,1.5,2.1,15,33.58,-3.03,-0.05
1,5,1.8,1.5,2.1,19,33.58,0.21,0.16
1,5,1.8,1.8,0.0,3,33.46,-2.92,-0.04
1,5,1.8,1.8,0.0,7,33.33,-4.97,-0.17
1,5,1.8,1.8,0.0,11,33.25,-3.69,-0.09
1,5,1.8,1.8,0.0,15,33.21,-1.05,0.08
1,5,1.8,1.8,0.0,19,33.21,-0.42,0.12
1,5,1.8,1.8,0.3,3,33.46,-2.92,-0.04
1,5,1.8,1.8,0.3,7,33.33,-4.97,-0.17
1,5,1.8,1.8,0.3,11,33.25,-3.69,-0.09
1,5,1.8,1.8,0.3,15,33.21,-0.75,0.1
1,5,1.8,1.8,0.3,19,33.21,-0.12,0.14
1,5,1.8,1.8,0.6,3,33.46,-2.92,-0.04
1,5,1.8,1.8,0.6,7,33.33,-4.97,-0.17
1,5,1.8,1.8,0.6,11,33.25,-3.69,-0.09
1,5,1.8,1.8,0.6,15,33.21,-0.75,0.1
1,5,1.8,1.8,0.6,19,33.21,-0.12,0.14
1,5,1.8,1.8,0.9,3,33.46,-2.92,-0.04
1,5,1.8,1.8,0.9,7,33.33,-4.97,-0.17
1,5,1.8,1.8,0.9,11,33.25,-3.69,-0.09
1,5,1.8,1.8,0.9,15,33.21,-0.75,0.1
1,5,1.8,1.8,0.9,19,33.21,-0.12,0.14
1,5,1.8,1.8,1.2,3,33.46,-2.92,-0.04
1,5,1.8,1.8,1.2,7,33.33,-4.97,-0.17
1,5,1.8,1.8,1.2,11,33.25,-3.69,-0.09
1,5,1.8,1.8,1.2,15,33.21,-0.75,0.1
1,5,1.8,1.8,1.2,19,33.21,-0.12,0.14
1,5,1.8,1.8,1.5,3,33.46,-2.92,-0.04
1,5,1.8,1.8,1.5,7,33.33,-4.97,-0.17
1,5,1.8,1.8,1.5,11,33.25,-3.69,-0.09
1,5,1.8,1.8,1.5,15,33.21,-0.75,0.1
1,5,1.8,1.8,1.5,19,33.21,-0.12,0.14
1,5,1.8,1.8,1.8,3,33.46,-2.92,-0.04
1,5,1.8,1.8,1.8,7,33.33,-4.97,-0.17
1,5,1.8,1.8,1.8,11,33.25,-3.69,-0.09
1,5,1.8,1.8,1.8,15,33.21,-0.75,0.1
1,5,1.8,1.8,1.8,19,33.21,-0.12,0.14
1,5,1.8,1.8,2.1,3,33.46,-2.92,-0.04
1,5,1.8,1.8,2.1,7,33.33,-4.97,-0.17
1,5,1.8,1.8,2.1,11,33.25,-3.69,-0.09
1,5,1.8,1.8,2.1,15,33.21,-0.75,0.1
1,5,1.8,1.8,2.1,19,33.21,-0.12,0.14
1,5,1.8,2.1,0.0,3,33.13,-3.29,-0.06
1,5,1.8,2.1,0.0,7,33.14,-0.94,0.09
1,5,1.8,2.1,0.0,11,33.14,-2.25,0.01
1,5,1.8,2.1,0.0,15,33.06,0.18,0.16
1,5,1.8,2.1,0.0,19,33.02,-0.13,0.14
1,5,1.8,2.1,0.3,3,33.13,-3.29,-0.06
1,5,1.8,2.1,0.3,7,33.14,-0.94,0.09
1,5,1.8,2.1,0.3,11,33.14,-2.25,0.01
1,5,1.8,2.1,0.3,15,33.06,0.48,0.18
1,5,1.8,2.1,0.3,19,33.02,0.17,0.16
1,5,1.8,2.1,0.6,3,33.13,-3.29,-0.06
1,5,1.8,2.1,0.6,7,33.14,-0.94,0.09
1,5,1.8,2.1,0.6,11,33.14,-2.25,0.01
1,5,1.8,2.1,0.6,15,33.06,0.48,0.18
1,5,1.8,2.1,0.6,19,33.02,0.17,0.16
1,5,1.8,2.1,0.9,3,33.13,-3.29,-0.06
1,5,1.8,2.1,0.9,7,33.14,-0.94,0.09
1,5,1.8,2.1,0.9,11,33.14,-2.25,0.01
1,5,1.8,2.1,0.9,15,33.06,0.48,0.18
1,5,1.8,2.1,0.9,19,33.02,0.17,0.16
1,5,1.8,2.1,1.2,3,33.13,-3.29,-0.06
1,5,1.8,2.1,1.2,7,33.14,-0.94,0.09
1,5,1.8,2.1,1.2,11,33.14,-2.25,0.01
1,5,1.8,2.1,1.2,15,33.06,0.48,0.18
1,5,1.8,2.1,1.2,19,33.02,0.17,0.16
1,5,1.8,2.1,1.5,3,33.13,-3.29,-0.06
1,5,1.8,2.1,1.5,7,33.14,-0.94,0.09
1,5,1.8,2.1,1.5,11,33.14,-2.25,0.01
1,5,1.8,2.1,1.5,15,33.06,0.48,0.18
1,5,1.8,2.1,1.5,19,33.02,0.17,0.16
1,5,1.8,2.1,1.8,3,33.13,-3.29,-0.06
1,5,1.8,2.1,1.8,7,33.14,-0.94,0.09
1,5,1.8,2.1,1.8,11,33.14,-2.25,0.01
1,5,1.8,2.1,1.8,15,33.06,0.48,0.18
1,5,1.8,2.1,1.8,19,33.02,0.17,0.16
1,5,1.8,2.1,2.1,3,33.13,-3.29,-0.06
1,5,1.8,2.1,2.1,7,33.14,-0.94,0.09
1,5,1.8,2.1,2.1,11,33.14,-2.25,0.01
1,5,1.8,2.1,2.1,15,33.06,0.48,0.18
1,5,1.8,2.1,2.1,19,33.02,0.17,0.16
1,5,2.1,0.0,0.0,3,57.96,-17.53,-1.53
1,5,2.1,0.0,0.0,7,57.96,-17.53,-1.53
1,5,2.1,0.0,0.0,11,57.96,-17.53,-1.53
1,5,2.1,0.0,0.0,15,57.96,-17.53,-1.53
1,5,2.1,0.0,0.0,19,57.96,-16.01,-1.37
1,5,2.1,0.0,0.3,3,57.96,-17.53,-1.53
1,5,2.1,0.0,0.3,7,57.96,-17.53,-1.53
1,5,2.1,0.0,0.3,11,57.96,-17.53,-1.53
1,5,2.1,0.0,0.3,15,57.96,-17.53,-1.53
1,5,2.1,0.0,0.3,19,57.96,-16.01,-1.37
1,5,2.1,0.0,0.6,3,57.96,-17.53,-1.53
1,5,2.1,0.0,0.6,7,57.96,-17.53,-1.53
1,5,2.1,0.0,0.6,11,57.96,-17.53,-1.53
1,5,2.1,0.0,0.6,15,57.96,-17.53,-1.53
1,5,2.1,0.0,0.6,19,57.96,-16.01,-1.37
1,5,2.1,0.0,0.9,3,57.96,-17.53,-1.53
1,5,2.1,0.0,0.9,7,57.96,-17.53,-1.53
1,5,2.1,0.0,0.9,11,57.96,-17.53,-1.53
1,5,2.1,0.0,0.9,15,57.96,-17.53,-1.53
1,5,2.1,0.0,0.9,19,57.96,-16.01,-1.37
1,5,2.1,0.0,1.2,3,57.96,-17.53,-1.53
1,5,2.1,0.0,1.2,7,57.96,-17.53,-1.53
1,5,2.1,0.0,1.2,11,57.96,-17.53,-1.53
1,5,2.1,0.0,1.2,15,57.96,-17.53,-1.53
1,5,2.1,0.0,1.2,19,57.96,-16.01,-1.37
1,5,2.1,0.0,1.5,3,57.96,-17.53,-1.53
1,5,2.1,0.0,1.5,7,57.96,-17.53,-1.53
1,5,2.1,0.0,1.5,11,57.96,-17.53,-1.53
1,5,2.1,0.0,1.5,15,57.96,-17.53,-1.53
1,5,2.1,0.0,1.5,19,57.96,-16.01,-1.37
1,5,2.1,0.0,1.8,3,57.96,-17.53,-1.53
1,5,2.1,0.0,1.8,7,57.96,-17.53,-1.53
1,5,2.1,0.0,1.8,11,57.96,-17.53,-1.53
1,5,2.1,0.0,1.8,15,57.96,-17.53,-1.53
1,5,2.1,0.0,1.8,19,57.96,-16.01,-1.37
1,5,2.1,0.0,2.1,3,57.96,-17.53,-1.53
1,5,2.1,0.0,2.1,7,57.96,-17.53,-1.53
1,5,2.1,0.0,2.1,11,57.96,-17.53,-1.53
1,5,2.1,0.0,2.1,15,57.96,-17.53,-1.53
1,5,2.1,0.0,2.1,19,57.96,-16.01,-1.37
1,5,2.1,0.3,0.0,3,47.15,-16.38,-1.26
1,5,2.1,0.3,0.0,7,46.58,-17.39,-1.35
1,5,2.1,0.3,0.0,11,46.37,-18.77,-1.49
1,5,2.1,0.3,0.0,15,46.2,-18.94,-1.51
1,5,2.1,0.3,0.0,19,46.16,-16.63,-1.29
1,5,2.1,0.3,0.3,3,47.15,-16.38,-1.26
1,5,2.1,0.3,0.3,7,46.58,-17.39,-1.35
1,5,2.1,0.3,0.3,11,46.37,-18.77,-1.49
1,5,2.1,0.3,0.3,15,46.2,-18.94,-1.51
1,5,2.1,0.3,0.3,19,46.16,-16.63,-1.29
1,5,2.1,0.3,0.6,3,47.15,-16.38,-1.26
1,5,2.1,0.3,0.6,7,46.58,-17.39,-1.35
1,5,2.1,0.3,0.6,11,46.37,-18.77,-1.49
1,5,2.1,0.3,0.6,15,46.2,-18.94,-1.51
1,5,2.1,0.3,0.6,19,46.16,-16.63,-1.29
1,5,2.1,0.3,0.9,3,47.15,-16.38,-1.26
1,5,2.1,0.3,0.9,7,46.58,-17.39,-1.35
1,5,2.1,0.3,0.9,11,46.37,-18.77,-1.49
1,5,2.1,0.3,0.9,15,46.2,-18.94,-1.51
1,5,2.1,0.3,0.9,19,46.16,-16.63,-1.29
1,5,2.1,0.3,1.2,3,47.15,-16.38,-1.26
1,5,2.1,0.3,1.2,7,46.58,-17.39,-1.35
1,5,2.1,0.3,1.2,11,46.37,-18.77,-1.49
1,5,2.1,0.3,1.2,15,46.2,-18.94,-1.51
1,5,2.1,0.3,1.2,19,46.16,-16.63,-1.29
1,5,2.1,0.3,1.5,3,47.15,-16.38,-1.26
1,5,2.1,0.3,1.5,7,46.58,-17.39,-1.35
1,5,2.1,0.3,1.5,11,46.37,-18.77,-1.49
1,5,2.1,0.3,1.5,15,46.2,-18.94,-1.51
1,5,2.1,0.3,1.5,19,46.16,-16.63,-1.29
1,5,2.1,0.3,1.8,3,47.15,-16.38,-1.26
1,5,2.1,0.3,1.8,7,46.58,-17.39,-1.35
1,5,2.1,0.3,1.8,11,46.37,-18.77,-1.49
1,5,2.1,0.3,1.8,15,46.2,-18.94,-1.51
1,5,2.1,0.3,1.8,19,46.16,-16.63,-1.29
1,5,2.1,0.3,2.1,3,47.15,-16.38,-1.26
1,5,2.1,0.3,2.1,7,46.58,-17.39,-1.35
1,5,2.1,0.3,2.1,11,46.37,-18.77,-1.49
1,5,2.1,0.3,2.1,15,46.2,-18.94,-1.51
1,5,2.1,0.3,2.1,19,46.16,-16.63,-1.29
1,5,2.1,0.6,0.0,3,40.64,-2.31,-0.04
1,5,2.1,0.6,0.0,7,39.98,-2.85,-0.08
1,5,2.1,0.6,0.0,11,39.85,-4.8,-0.23
1,5,2.1,0.6,0.0,15,39.6,-7.57,-0.45
1,5,2.1,0.6,0.0,19,39.52,-7.15,-0.41
1,5,2.1,0.6,0.3,3,40.64,-2.31,-0.04
1,5,2.1,0.6,0.3,7,39.98,-2.85,-0.08
1,5,2.1,0.6,0.3,11,39.85,-4.8,-0.23
1,5,2.1,0.6,0.3,15,39.6,-7.57,-0.45
1,5,2.1,0.6,0.3,19,39.52,-7.15,-0.41
1,5,2.1,0.6,0.6,3,40.64,-2.31,-0.04
1,5,2.1,0.6,0.6,7,39.98,-2.85,-0.08
1,5,2.1,0.6,0.6,11,39.85,-4.8,-0.23
1,5,2.1,0.6,0.6,15,39.6,-7.57,-0.45
1,5,2.1,0.6,0.6,19,39.52,-7.15,-0.41
1,5,2.1,0.6,0.9,3,40.64,-2.31,-0.04
1,5,2.1,0.6,0.9,7,39.98,-2.85,-0.08
1,5,2.1,0.6,0.9,11,39.85,-4.8,-0.23
1,5,2.1,0.6,0.9,15,39.6,-7.57,-0.45
1,5,2.1,0.6,0.9,19,39.52,-7.15,-0.41
1,5,2.1,0.6,1.2,3,40.64,-2.31,-0.04
1,5,2.1,0.6,1.2,7,39.98,-2.85,-0.08
1,5,2.1,0.6,1.2,11,39.85,-4.8,-0.23
1,5,2.1,0.6,1.2,15,39.6,-7.57,-0.45
1,5,2.1,0.6,1.2,19,39.52,-7.15,-0.41
1,5,2.1,0.6,1.5,3,40.64,-2.31,-0.04
1,5,2.1,0.6,1.5,7,39.98,-2.85,-0.08
1,5,2.1,0.6,1.5,11,39.85,-4.8,-0.23
1,5,2.1,0.6,1.5,15,39.6,-7.57,-0.45
1,5,2.1,0.6,1.5,19,39.52,-7.15,-0.41
1,5,2.1,0.6,1.8,3,40.64,-2.31,-0.04
1,5,2.1,0.6,1.8,7,39.98,-2.85,-0.08
1,5,2.1,0.6,1.8,11,39.85,-4.8,-0.23
1,5,2.1,0.6,1.8,15,39.6,-7.57,-0.45
1,5,2.1,0.6,1.8,19,39.52,-7.15,-0.41
1,5,2.1,0.6,2.1,3,40.64,-2.31,-0.04
1,5,2.1,0.6,2.1,7,39.98,-2.85,-0.08
1,5,2.1,0.6,2.1,11,39.85,-4.8,-0.23
1,5,2.1,0.6,2.1,15,39.6,-7.57,-0.45
1,5,2.1,0.6,2.1,19,39.52,-7.15,-0.41
1,5,2.1,0.9,0.0,3,36.8,-3.09,-0.08
1,5,2.1,0.9,0.0,7,36.72,-2.28,-0.02
1,5,2.1,0.9,0.0,11,36.39,-1.37,0.04
1,5,2.1,0.9,0.0,15,36.18,-1.97,-0.0
1,5,2.1,0.9,0.0,19,35.81,-4.83,-0.21
1,5,2.1,0.9,0.3,3,36.8,-3.09,-0.08
1,5,2.1,0.9,0.3,7,36.72,-2.28,-0.02
1,5,2.1,0.9,0.3,11,36.39,-1.37,0.04
1,5,2.1,0.9,0.3,15,36.18,-1.97,-0.0
1,5,2.1,0.9,0.3,19,35.81,-4.83,-0.21
1,5,2.1,0.9,0.6,3,36.8,-3.09,-0.08
1,5,2.1,0.9,0.6,7,36.72,-2.28,-0.02
1,5,2.1,0.9,0.6,11,36.39,-1.37,0.04
1,5,2.1,0.9,0.6,15,36.18,-1.97,-0.0
1,5,2.1,0.9,0.6,19,35.81,-4.83,-0.21
1,5,2.1,0.9,0.9,3,36.8,-3.09,-0.08
1,5,2.1,0.9,0.9,7,36.72,-2.28,-0.02
1,5,2.1,0.9,0.9,11,36.39,-1.37,0.04
1,5,2.1,0.9,0.9,15,36.18,-1.97,-0.0
1,5,2.1,0.9,0.9,19,35.81,-4.83,-0.21
1,5,2.1,0.9,1.2,3,36.8,-3.09,-0.08
1,5,2.1,0.9,1.2,7,36.72,-2.28,-0.02
1,5,2.1,0.9,1.2,11,36.39,-1.37,0.04
1,5,2.1,0.9,1.2,15,36.18,-1.97,-0.0
1,5,2.1,0.9,1.2,19,35.81,-4.83,-0.21
1,5,2.1,0.9,1.5,3,36.8,-3.09,-0.08
1,5,2.1,0.9,1.5,7,36.72,-2.28,-0.02
1,5,2.1,0.9,1.5,11,36.39,-1.37,0.04
1,5,2.1,0.9,1.5,15,36.18,-1.97,-0.0
1,5,2.1,0.9,1.5,19,35.81,-4.83,-0.21
1,5,2.1,0.9,1.8,3,36.8,-3.09,-0.08
1,5,2.1,0.9,1.8,7,36.72,-2.28,-0.02
1,5,2.1,0.9,1.8,11,36.39,-1.37,0.04
1,5,2.1,0.9,1.8,15,36.18,-1.97,-0.0
1,5,2.1,0.9,1.8,19,35.81,-4.83,-0.21
1,5,2.1,0.9,2.1,3,36.8,-3.09,-0.08
1,5,2.1,0.9,2.1,7,36.72,-2.28,-0.02
1,5,2.1,0.9,2.1,11,36.39,-1.37,0.04
1,5,2.1,0.9,2.1,15,36.18,-1.97,-0.0
1,5,2.1,0.9,2.1,19,35.81,-4.83,-0.21
1,5,2.1,1.2,0.0,3,34.82,-10.04,-0.57
1,5,2.1,1.2,0.0,7,34.49,-5.8,-0.26
1,5,2.1,1.2,0.0,11,34.32,-5.48,-0.24
1,5,2.1,1.2,0.0,15,34.28,-5.12,-0.21
1,5,2.1,1.2,0.0,19,34.24,-1.79,0.02
1,5,2.1,1.2,0.3,3,34.82,-10.04,-0.57
1,5,2.1,1.2,0.3,7,34.49,-5.8,-0.26
1,5,2.1,1.2,0.3,11,34.32,-5.48,-0.24
1,5,2.1,1.2,0.3,15,34.28,-5.12,-0.21
1,5,2.1,1.2,0.3,19,34.24,-1.79,0.02
1,5,2.1,1.2,0.6,3,34.82,-10.04,-0.57
1,5,2.1,1.2,0.6,7,34.49,-5.8,-0.26
1,5,2.1,1.2,0.6,11,34.32,-5.48,-0.24
1,5,2.1,1.2,0.6,15,34.28,-5.12,-0.21
1,5,2.1,1.2,0.6,19,34.24,-1.79,0.02
1,5,2.1,1.2,0.9,3,34.82,-10.04,-0.57
1,5,2.1,1.2,0.9,7,34.49,-5.8,-0.26
1,5,2.1,1.2,0.9,11,34.32,-5.48,-0.24
1,5,2.1,1.2,0.9,15,34.28,-5.12,-0.21
1,5,2.1,1.2,0.9,19,34.24,-1.79,0.02
1,5,2.1,1.2,1.2,3,34.82,-10.04,-0.57
1,5,2.1,1.2,1.2,7,34.49,-5.8,-0.26
1,5,2.1,1.2,1.2,11,34.32,-5.48,-0.24
1,5,2.1,1.2,1.2,15,34.28,-5.12,-0.21
1,5,2.1,1.2,1.2,19,34.24,-1.79,0.02
1,5,2.1,1.2,1.5,3,34.82,-10.04,-0.57
1,5,2.1,1.2,1.5,7,34.49,-5.8,-0.26
1,5,2.1,1.2,1.5,11,34.32,-5.48,-0.24
1,5,2.1,1.2,1.5,15,34.28,-5.12,-0.21
1,5,2.1,1.2,1.5,19,34.24,-1.79,0.02
1,5,2.1,1.2,1.8,3,34.82,-10.04,-0.57
1,5,2.1,1.2,1.8,7,34.49,-5.8,-0.26
1,5,2.1,1.2,1.8,11,34.32,-5.48,-0.24
1,5,2.1,1.2,1.8,15,34.28,-5.12,-0.21
1,5,2.1,1.2,1.8,19,34.24,-1.79,0.02
1,5,2.1,1.2,2.1,3,34.82,-10.04,-0.57
1,5,2.1,1.2,2.1,7,34.49,-5.8,-0.26
1,5,2.1,1.2,2.1,11,34.32,-5.48,-0.24
1,5,2.1,1.2,2.1,15,34.28,-5.12,-0.21
1,5,2.1,1.2,2.1,19,34.24,-1.79,0.02
1,5,2.1,1.5,0.0,3,33.83,-9.59,-0.51
1,5,2.1,1.5,0.0,7,33.54,-7.38,-0.35
1,5,2.1,1.5,0.0,11,33.5,-3.35,-0.07
1,5,2.1,1.5,0.0,15,33.58,-3.03,-0.05
1,5,2.1,1.5,0.0,19,33.58,0.21,0.16
1,5,2.1,1.5,0.3,3,33.83,-9.59,-0.51
1,5,2.1,1.5,0.3,7,33.54,-7.38,-0.35
1,5,2.1,1.5,0.3,11,33.5,-3.35,-0.07
1,5,2.1,1.5,0.3,15,33.58,-3.03,-0.05
1,5,2.1,1.5,0.3,19,33.58,0.21,0.16
1,5,2.1,1.5,0.6,3,33.83,-9.59,-0.51
1,5,2.1,1.5,0.6,7,33.54,-7.38,-0.35
1,5,2.1,1.5,0.6,11,33.5,-3.35,-0.07
1,5,2.1,1.5,0.6,15,33.58,-3.03,-0.05
1,5,2.1,1.5,0.6,19,33.58,0.21,0.16
1,5,2.1,1.5,0.9,3,33.83,-9.59,-0.51
1,5,2.1,1.5,0.9,7,33.54,-7.38,-0.35
1,5,2.1,1.5,0.9,11,33.5,-3.35,-0.07
1,5,2.1,1.5,0.9,15,33.58,-3.03,-0.05
1,5,2.1,1.5,0.9,19,33.58,0.21,0.16
1,5,2.1,1.5,1.2,3,33.83,-9.59,-0.51
1,5,2.1,1.5,1.2,7,33.54,-7.38,-0.35
1,5,2.1,1.5,1.2,11,33.5,-3.35,-0.07
1,5,2.1,1.5,1.2,15,33.58,-3.03,-0.05
1,5,2.1,1.5,1.2,19,33.58,0.21,0.16
1,5,2.1,1.5,1.5,3,33.83,-9.59,-0.51
1,5,2.1,1.5,1.5,7,33.54,-7.38,-0.35
1,5,2.1,1.5,1.5,11,33.5,-3.35,-0.07
1,5,2.1,1.5,1.5,15,33.58,-3.03,-0.05
1,5,2.1,1.5,1.5,19,33.58,0.21,0.16
1,5,2.1,1.5,1.8,3,33.83,-9.59,-0.51
1,5,2.1,1.5,1.8,7,33.54,-7.38,-0.35
1,5,2.1,1.5,1.8,11,33.5,-3.35,-0.07
1,5,2.1,1.5,1.8,15,33.58,-3.03,-0.05
1,5,2.1,1.5,1.8,19,33.58,0.21,0.16
1,5,2.1,1.5,2.1,3,33.83,-9.59,-0.51
1,5,2.1,1.5,2.1,7,33.54,-7.38,-0.35
1,5,2.1,1.5,2.1,11,33.5,-3.35,-0.07
1,5,2.1,1.5,2.1,15,33.58,-3.03,-0.05
1,5,2.1,1.5,2.1,19,33.58,0.21,0.16
1,5,2.1,1.8,0.0,3,33.46,-2.92,-0.04
1,5,2.1,1.8,0.0,7,33.33,-4.97,-0.17
1,5,2.1,1.8,0.0,11,33.25,-3.69,-0.09
1,5,2.1,1.8,0.0,15,33.21,-1.05,0.08
1,5,2.1,1.8,0.0,19,33.21,-0.42,0.12
1,5,2.1,1.8,0.3,3,33.46,-2.92,-0.04
1,5,2.1,1.8,0.3,7,33.33,-4.97,-0.17
1,5,2.1,1.8,0.3,11,33.25,-3.69,-0.09
1,5,2.1,1.8,0.3,15,33.21,-1.05,0.08
1,5,2.1,1.8,0.3,19,33.21,-0.42,0.12
1,5,2.1,1.8,0.6,3,33.46,-2.92,-0.04
1,5,2.1,1.8,0.6,7,33.33,-4.97,-0.17
1,5,2.1,1.8,0.6,11,33.25,-3.69,-0.09
1,5,2.1,1.8,0.6,15,33.21,-1.05,0.08
1,5,2.1,1.8,0.6,19,33.21,-0.42,0.12
1,5,2.1,1.8,0.9,3,33.46,-2.92,-0.04
1,5,2.1,1.8,0.9,7,33.33,-4.97,-0.17
1,5,2.1,1.8,0.9,11,33.25,-3.69,-0.09
1,5,2.1,1.8,0.9,15,33.21,-1.05,0.08
1,5,2.1,1.8,0.9,19,33.21,-0.42,0.12
1,5,2.1,1.8,1.2,3,33.46,-2.92,-0.04
1,5,2.1,1.8,1.2,7,33.33,-4.97,-0.17
1,5,2.1,1.8,1.2,11,33.25,-3.69,-0.09
1,5,2.1,1.8,1.2,15,33.21,-1.05,0.08
1,5,2.1,1.8,1.2,19,33.21,-0.42,0.12
1,5,2.1,1.8,1.5,3,33.46,-2.92,-0.04
1,5,2.1,1.8,1.5,7,33.33,-4.97,-0.17
1,5,2.1,1.8,1.5,11,33.25,-3.69,-0.09
1,5,2.1,1.8,1.5,15,33.21,-1.05,0.08
1,5,2.1,1.8,1.5,19,33.21,-0.42,0.12
1,5,2.1,1.8,1.8,3,33.46,-2.92,-0.04
1,5,2.1,1.8,1.8,7,33.33,-4.97,-0.17
1,5,2.1,1.8,1.8,11,33.25,-3.69,-0.09
1,5,2.1,1.8,1.8,15,33.21,-1.05,0.08
1,5,2.1,1.8,1.8,19,33.21,-0.42,0.12
1,5,2.1,1.8,2.1,3,33.46,-2.92,-0.04
1,5,2.1,1.8,2.1,7,33.33,-4.97,-0.17
1,5,2.1,1.8,2.1,11,33.25,-3.69,-0.09
1,5,2.1,1.8,2.1,15,33.21,-1.05,0.08
1,5,2.1,1.8,2.1,19,33.21,-0.42,0.12
1,5,2.1,2.1,0.0,3,33.13,-3.29,-0.06
1,5,2.1,2.1,0.0,7,33.14,-0.94,0.09
1,5,2.1,2.1,0.0,11,33.14,-2.25,0.01
1,5,2.1,2.1,0.0,15,33.06,0.18,0.16
1,5,2.1,2.1,0.0,19,33.02,-0.13,0.14
1,5,2.1,2.1,0.3,3,33.13,-3.29,-0.06
1,5,2.1,2.1,0.3,7,33.14,-0.94,0.09
1,5,2.1,2.1,0.3,11,33.14,-2.25,0.01
1,5,2.1,2.1,0.3,15,33.06,0.18,0.16
1,5,2.1,2.1,0.3,19,33.02,-0.13,0.14
1,5,2.1,2.1,0.6,3,33.13,-3.29,-0.06
1,5,2.1,2.1,0.6,7,33.14,-0.94,0.09
1,5,2.1,2.1,0.6,11,33.14,-2.25,0.01
1,5,2.1,2.1,0.6,15,33.06,0.18,0.16
1,5,2.1,2.1,0.6,19,33.02,-0.13,0.14
1,5,2.1,2.1,0.9,3,33.13,-3.29,-0.06
1,5,2.1,2.1,0.9,7,33.14,-0.94,0.09
1,5,2.1,2.1,0.9,11,33.14,-2.25,0.01
1,5,2.1,2.1,0.9,15,33.06,0.18,0.16
1,5,2.1,2.1,0.9,19,33.02,-0.13,0.14
1,5,2.1,2.1,1.2,3,33.13,-3.29,-0.06
1,5,2.1,2.1,1.2,7,33.14,-0.94,0.09
1,5,2.1,2.1,1.2,11,33.14,-2.25,0.01
1,5,2.1,2.1,1.2,15,33.06,0.18,0.16
1,5,2.1,2.1,1.2,19,33.02,-0.13,0.14
1,5,2.1,2.1,1.5,3,33.13,-3.29,-0.06
1,5,2.1,2.1,1.5,7,33.14,-0.94,0.09
1,5,2.1,2.1,1.5,11,33.14,-2.25,0.01
1,5,2.1,2.1,1.5,15,33.06,0.18,0.16
1,5,2.1,2.1,1.5,19,33.02,-0.13,0.14
1,5,2.1,2.1,1.8,3,33.13,-3.29,-0.06
1,5,2.1,2.1,1.8,7,33.14,-0.94,0.09
1,5,2.1,2.1,1.8,11,33.14,-2.25,0.01
1,5,2.1,2.1,1.8,15,33.06,0.18,0.16
1,5,2.1,2.1,1.8,19,33.02,-0.13,0.14
1,5,2.1,2.1,2.1,3,33.13,-3.29,-0.06
1,5,2.1,2.1,2.1,7,33.14,-0.94,0.09
1,5,2.1,2.1,2.1,11,33.14,-2.25,0.01
1,5,2.1,2.1,2.1,15,33.06,0.18,0.16
1,5,2.1,2.1,2.1,19,33.02,-0.13,0.14
1,8,0.0,0.0,0.0,3,46.67,-1.83,-0.15
1,8,0.0,0.0,0.0,7,46.67,-1.83,-0.15
1,8,0.0,0.0,0.0,11,46.67,-1.83,-0.15
1,8,0.0,0.0,0.0,15,46.67,-1.89,-0.15
1,8,0.0,0.0,0.0,19,46.67,-0.55,0.01
1,8,0.0,0.0,0.3,3,46.67,-1.83,-0.15
1,8,0.0,0.0,0.3,7,46.67,-1.83,-0.15
1,8,0.0,0.0,0.3,11,46.67,-1.83,-0.15
1,8,0.0,0.0,0.3,15,46.67,-1.89,-0.15
1,8,0.0,0.0,0.3,19,46.67,-0.55,0.01
1,8,0.0,0.0,0.6,3,46.67,-1.83,-0.15
1,8,0.0,0.0,0.6,7,46.67,-1.83,-0.15
1,8,0.0,0.0,0.6,11,46.67,-1.83,-0.15
1,8,0.0,0.0,0.6,15,46.67,-1.89,-0.15
1,8,0.0,0.0,0.6,19,46.67,-0.55,0.01
1,8,0.0,0.0,0.9,3,46.67,-1.83,-0.15
1,8,0.0,0.0,0.9,7,46.67,-1.83,-0.15
1,8,0.0,0.0,0.9,11,46.67,-1.83,-0.15
1,8,0.0,0.0,0.9,15,46.67,-1.89,-0.15
1,8,0.0,0.0,0.9,19,46.67,-0.55,0.01
1,8,0.0,0.0,1.2,3,46.67,-1.83,-0.15
1,8,0.0,0.0,1.2,7,46.67,-1.83,-0.15
1,8,0.0,0.0,1.2,11,46.67,-1.83,-0.15
1,8,0.0,0.0,1.2,15,46.67,-1.89,-0.15
1,8,0.0,0.0,1.2,19,46.67,-0.55,0.01
1,8,0.0,0.0,1.5,3,46.67,-1.83,-0.15
1,8,0.0,0.0,1.5,7,46.67,-1.83,-0.15
1,8,0.0,0.0,1.5,11,46.67,-1.83,-0.15
1,8,0.0,0.0,1.5,15,46.67,-1.89,-0.15
1,8,0.0,0.0,1.5,19,46.67,-0.55,0.01
1,8,0.0,0.0,1.8,3,46.67,-1.83,-0.15
1,8,0.0,0.0,1.8,7,46.67,-1.83,-0.15
1,8,0.0,0.0,1.8,11,46.67,-1.83,-0.15
1,8,0.0,0.0,1.8,15,46.67,-1.89,-0.15
1,8,0.0,0.0,1.8,19,46.67,-0.55,0.01
1,8,0.0,0.0,2.1,3,46.67,-1.83,-0.15
1,8,0.0,0.0,2.1,7,46.67,-1.83,-0.15
1,8,0.0,0.0,2.1,11,46.67,-1.83,-0.15
1,8,0.0,0.0,2.1,15,46.67,-1.89,-0.15
1,8,0.0,0.0,2.1,19,46.67,-0.55,0.01
1,8,0.0,0.3,0.0,3,37.22,0.15,0.1
1,8,0.0,0.3,0.0,7,37.06,-1.45,-0.08
1,8,0.0,0.3,0.0,11,36.72,-1.69,-0.11
1,8,0.0,0.3,0.0,15,36.39,-2.9,-0.25
1,8,0.0,0.3,0.0,19,36.22,-0.8,-0.01
1,8,0.0,0.3,0.3,3,38.22,-1.95,-0.14
1,8,0.0,0.3,0.3,7,38.06,-3.76,-0.35
1,8,0.0,0.3,0.3,11,37.89,-3.25,-0.29
1,8,0.0,0.3,0.3,15,37.72,-4.18,-0.4
1,8,0.0,0.3,0.3,19,37.56,-3.02,-0.26
1,8,0.0,0.3,0.6,3,38.22,-1.95,-0.14
1,8,0.0,0.3,0.6,7,38.06,-3.76,-0.35
1,8,0.0,0.3,0.6,11,37.89,-3.25,-0.29
1,8,0.0,0.3,0.6,15,37.72,-4.18,-0.4
1,8,0.0,0.3,0.6,19,37.56,-3.02,-0.26
1,8,0.0,0.3,0.9,3,38.22,-1.95,-0.14
1,8,0.0,0.3,0.9,7,38.06,-3.76,-0.35
1,8,0.0,0.3,0.9,11,37.89,-3.25,-0.29
1,8,0.0,0.3,0.9,15,37.72,-4.18,-0.4
1,8,0.0,0.3,0.9,19,37.56,-3.02,-0.26
1,8,0.0,0.3,1.2,3,38.22,-1.95,-0.14
1,8,0.0,0.3,1.2,7,38.06,-3.76,-0.35
1,8,0.0,0.3,1.2,11,37.89,-3.25,-0.29
1,8,0.0,0.3,1.2,15,37.72,-4.18,-0.4
1,8,0.0,0.3,1.2,19,37.56,-3.02,-0.26
1,8,0.0,0.3,1.5,3,38.22,-1.95,-0.14
1,8,0.0,0.3,1.5,7,38.06,-3.76,-0.35
1,8,0.0,0.3,1.5,11,37.89,-3.25,-0.29
1,8,0.0,0.3,1.5,15,37.72,-4.18,-0.4
1,8,0.0,0.3,1.5,19,37.56,-3.02,-0.26
1,8,0.0,0.3,1.8,3,38.22,-1.95,-0.14
1,8,0.0,0.3,1.8,7,38.06,-3.76,-0.35
1,8,0.0,0.3,1.8,11,37.89,-3.25,-0.29
1,8,0.0,0.3,1.8,15,37.72,-4.18,-0.4
1,8,0.0,0.3,1.8,19,37.56,-3.02,-0.26
1,8,0.0,0.3,2.1,3,38.22,-1.95,-0.14
1,8,0.0,0.3,2.1,7,38.06,-3.76,-0.35
1,8,0.0,0.3,2.1,11,37.89,-3.25,-0.29
1,8,0.0,0.3,2.1,15,37.72,-4.18,-0.4
1,8,0.0,0.3,2.1,19,37.56,-3.02,-0.26
1,8,0.0,0.6,0.0,3,30.78,3.65,0.46
1,8,0.0,0.6,0.0,7,30.44,6.17,0.71
1,8,0.0,0.6,0.0,11,30.22,4.06,0.5
1,8,0.0,0.6,0.0,15,29.83,1.49,0.24
1,8,0.0,0.6,0.0,19,29.83,2.51,0.35
1,8,0.0,0.6,0.3,3,34.28,4.42,0.55
1,8,0.0,0.6,0.3,7,34.11,6.78,0.78
1,8,0.0,0.6,0.3,11,34.06,5.43,0.65
1,8,0.0,0.6,0.3,15,33.89,3.96,0.5
1,8,0.0,0.6,0.3,19,33.89,4.36,0.54
1,8,0.0,0.6,0.6,3,34.28,4.42,0.55
1,8,0.0,0.6,0.6,7,34.11,6.78,0.78
1,8,0.0,0.6,0.6,11,34.06,5.43,0.65
1,8,0.0,0.6,0.6,15,33.89,3.96,0.5
1,8,0.0,0.6,0.6,19,33.89,4.36,0.54
1,8,0.0,0.6,0.9,3,34.28,4.42,0.55
1,8,0.0,0.6,0.9,7,34.11,6.78,0.78
1,8,0.0,0.6,0.9,11,34.06,5.43,0.65
1,8,0.0,0.6,0.9,15,33.89,3.96,0.5
1,8,0.0,0.6,0.9,19,33.89,4.36,0.54
1,8,0.0,0.6,1.2,3,34.28,4.42,0.55
1,8,0.0,0.6,1.2,7,34.11,6.78,0.78
1,8,0.0,0.6,1.2,11,34.06,5.43,0.65
1,8,0.0,0.6,1.2,15,33.89,3.96,0.5
1,8,0.0,0.6,1.2,19,33.89,4.36,0.54
1,8,0.0,0.6,1.5,3,34.28,4.42,0.55
1,8,0.0,0.6,1.5,7,34.11,6.78,0.78
1,8,0.0,0.6,1.5,11,34.06,5.43,0.65
1,8,0.0,0.6,1.5,15,33.89,3.96,0.5
1,8,0.0,0.6,1.5,19,33.89,4.36,0.54
1,8,0.0,0.6,1.8,3,34.28,4.42,0.55
1,8,0.0,0.6,1.8,7,34.11,6.78,0.78
1,8,0.0,0.6,1.8,11,34.06,5.43,0.65
1,8,0.0,0.6,1.8,15,33.89,3.96,0.5
1,8,0.0,0.6,1.8,19,33.89,4.36,0.54
1,8,0.0,0.6,2.1,3,34.28,4.42,0.55
1,8,0.0,0.6,2.1,7,34.11,6.78,0.78
1,8,0.0,0.6,2.1,11,34.06,5.43,0.65
1,8,0.0,0.6,2.1,15,33.89,3.96,0.5
1,8,0.0,0.6,2.1,19,33.89,4.36,0.54
1,8,0.0,0.9,0.0,3,27.17,10.62,1.04
1,8,0.0,0.9,0.0,7,26.83,10.35,1.03
1,8,0.0,0.9,0.0,11,26.67,11.99,1.17
1,8,0.0,0.9,0.0,15,26.33,12.15,1.17
1,8,0.0,0.9,0.0,19,26.06,11.35,1.1
1,8,0.0,0.9,0.3,3,32.78,9.86,1.03
1,8,0.0,0.9,0.3,7,32.56,9.13,0.97
1,8,0.0,0.9,0.3,11,32.56,12.53,1.28
1,8,0.0,0.9,0.3,15,32.56,15.65,1.54
1,8,0.0,0.9,0.3,19,32.44,16.55,1.62
1,8,0.0,0.9,0.6,3,32.78,9.86,1.03
1,8,0.0,0.9,0.6,7,32.56,9.13,0.97
1,8,0.0,0.9,0.6,11,32.56,12.53,1.28
1,8,0.0,0.9,0.6,15,32.56,15.65,1.54
1,8,0.0,0.9,0.6,19,32.44,16.55,1.62
1,8,0.0,0.9,0.9,3,32.78,9.86,1.03
1,8,0.0,0.9,0.9,7,32.56,9.13,0.97
1,8,0.0,0.9,0.9,11,32.56,12.53,1.28
1,8,0.0,0.9,0.9,15,32.56,15.65,1.54
1,8,0.0,0.9,0.9,19,32.44,16.55,1.62
1,8,0.0,0.9,1.2,3,32.78,9.86,1.03
1,8,0.0,0.9,1.2,7,32.56,9.13,0.97
1,8,0.0,0.9,1.2,11,32.56,12.53,1.28
1,8,0.0,0.9,1.2,15,32.56,15.65,1.54
1,8,0.0,0.9,1.2,19,32.44,16.55,1.62
1,8,0.0,0.9,1.5,3,32.78,9.86,1.03
1,8,0.0,0.9,1.5,7,32.56,9.13,0.97
1,8,0.0,0.9,1.5,11,32.56,12.53,1.28
1,8,0.0,0.9,1.5,15,32.56,15.65,1.54
1,8,0.0,0.9,1.5,19,32.44,16.55,1.62
1,8,0.0,0.9,1.8,3,32.78,9.86,1.03
1,8,0.0,0.9,1.8,7,32.56,9.13,0.97
1,8,0.0,0.9,1.8,11,32.56,12.53,1.28
1,8,0.0,0.9,1.8,15,32.56,15.65,1.54
1,8,0.0,0.9,1.8,19,32.44,16.55,1.62
1,8,0.0,0.9,2.1,3,32.78,9.86,1.03
1,8,0.0,0.9,2.1,7,32.56,9.13,0.97
1,8,0.0,0.9,2.1,11,32.56,12.53,1.28
1,8,0.0,0.9,2.1,15,32.56,15.65,1.54
1,8,0.0,0.9,2.1,19,32.44,16.55,1.62
1,8,0.0,1.2,0.0,3,24.72,1.47,0.24
1,8,0.0,1.2,0.0,7,24.5,2.68,0.34
1,8,0.0,1.2,0.0,11,24.22,4.32,0.48
1,8,0.0,1.2,0.0,15,24.22,6.06,0.63
1,8,0.0,1.2,0.0,19,24.17,9.67,0.93
1,8,0.0,1.2,0.3,3,32.06,5.13,0.58
1,8,0.0,1.2,0.3,7,32.0,9.39,0.97
1,8,0.0,1.2,0.3,11,32.06,9.86,1.01
1,8,0.0,1.2,0.3,15,32.06,9.12,0.95
1,8,0.0,1.2,0.3,19,32.0,11.52,1.16
1,8,0.0,1.2,0.6,3,32.06,5.13,0.58
1,8,0.0,1.2,0.6,7,32.0,9.39,0.97
1,8,0.0,1.2,0.6,11,32.06,9.86,1.01
1,8,0.0,1.2,0.6,15,32.06,9.12,0.95
1,8,0.0,1.2,0.6,19,32.0,11.52,1.16
1,8,0.0,1.2,0.9,3,32.06,5.13,0.58
1,8,0.0,1.2,0.9,7,32.0,9.39,0.97
1,8,0.0,1.2,0.9,11,32.06,9.86,1.01
1,8,0.0,1.2,0.9,15,32.06,9.12,0.95
1,8,0.0,1.2,0.9,19,32.0,11.52,1.16
1,8,0.0,1.2,1.2,3,32.06,5.13,0.58
1,8,0.0,1.2,1.2,7,32.0,9.39,0.97
1,8,0.0,1.2,1.2,11,32.06,9.86,1.01
1,8,0.0,1.2,1.2,15,32.06,9.12,0.95
1,8,0.0,1.2,1.2,19,32.0,11.52,1.16
1,8,0.0,1.2,1.5,3,32.06,5.13,0.58
1,8,0.0,1.2,1.5,7,32.0,9.39,0.97
1,8,0.0,1.2,1.5,11,32.06,9.86,1.01
1,8,0.0,1.2,1.5,15,32.06,9.12,0.95
1,8,0.0,1.2,1.5,19,32.0,11.52,1.16
1,8,0.0,1.2,1.8,3,32.06,5.13,0.58
1,8,0.0,1.2,1.8,7,32.0,9.39,0.97
1,8,0.0,1.2,1.8,11,32.06,9.86,1.01
1,8,0.0,1.2,1.8,15,32.06,9.12,0.95
1,8,0.0,1.2,1.8,19,32.0,11.52,1.16
1,8,0.0,1.2,2.1,3,32.06,5.13,0.58
1,8,0.0,1.2,2.1,7,32.0,9.39,0.97
1,8,0.0,1.2,2.1,11,32.06,9.86,1.01
1,8,0.0,1.2,2.1,15,32.06,9.12,0.95
1,8,0.0,1.2,2.1,19,32.0,11.52,1.16
1,8,0.0,1.5,0.0,3,23.61,-0.18,0.1
1,8,0.0,1.5,0.0,7,23.39,1.65,0.25
1,8,0.0,1.5,0.0,11,23.33,5.39,0.56
1,8,0.0,1.5,0.0,15,23.28,6.56,0.65
1,8,0.0,1.5,0.0,19,23.22,8.31,0.79
1,8,0.0,1.5,0.3,3,31.72,3.52,0.43
1,8,0.0,1.5,0.3,7,31.72,6.33,0.69
1,8,0.0,1.5,0.3,11,31.78,10.99,1.09
1,8,0.0,1.5,0.3,15,31.78,11.72,1.15
1,8,0.0,1.5,0.3,19,31.78,13.18,1.27
1,8,0.0,1.5,0.6,3,31.72,3.52,0.43
1,8,0.0,1.5,0.6,7,31.72,6.33,0.69
1,8,0.0,1.5,0.6,11,31.78,10.99,1.09
1,8,0.0,1.5,0.6,15,31.78,11.72,1.15
1,8,0.0,1.5,0.6,19,31.78,13.18,1.27
1,8,0.0,1.5,0.9,3,31.72,3.52,0.43
1,8,0.0,1.5,0.9,7,31.72,6.33,0.69
1,8,0.0,1.5,0.9,11,31.78,10.99,1.09
1,8,0.0,1.5,0.9,15,31.78,11.72,1.15
1,8,0.0,1.5,0.9,19,31.78,13.18,1.27
1,8,0.0,1.5,1.2,3,31.72,3.52,0.43
1,8,0.0,1.5,1.2,7,31.72,6.33,0.69
1,8,0.0,1.5,1.2,11,31.78,10.99,1.09
1,8,0.0,1.5,1.2,15,31.78,11.72,1.15
1,8,0.0,1.5,1.2,19,31.78,13.18,1.27
1,8,0.0,1.5,1.5,3,31.72,3.52,0.43
1,8,0.0,1.5,1.5,7,31.72,6.33,0.69
1,8,0.0,1.5,1.5,11,31.78,10.99,1.09
1,8,0.0,1.5,1.5,15,31.78,11.72,1.15
1,8,0.0,1.5,1.5,19,31.78,13.18,1.27
1,8,0.0,1.5,1.8,3,31.72,3.52,0.43
1,8,0.0,1.5,1.8,7,31.72,6.33,0.69
1,8,0.0,1.5,1.8,11,31.78,10.99,1.09
1,8,0.0,1.5,1.8,15,31.78,11.72,1.15
1,8,0.0,1.5,1.8,19,31.78,13.18,1.27
1,8,0.0,1.5,2.1,3,31.72,3.52,0.43
1,8,0.0,1.5,2.1,7,31.72,6.33,0.69
1,8,0.0,1.5,2.1,11,31.78,10.99,1.09
1,8,0.0,1.5,2.1,15,31.78,11.72,1.15
1,8,0.0,1.5,2.1,19,31.78,13.18,1.27
1,8,0.0,1.8,0.0,3,23.0,6.57,0.64
1,8,0.0,1.8,0.0,7,22.83,7.57,0.72
1,8,0.0,1.8,0.0,11,22.67,7.02,0.67
1,8,0.0,1.8,0.0,15,22.61,10.74,0.95
1,8,0.0,1.8,0.0,19,22.56,11.24,0.99
1,8,0.0,1.8,0.3,3,31.67,13.36,1.27
1,8,0.0,1.8,0.3,7,31.67,10.62,1.05
1,8,0.0,1.8,0.3,11,31.61,9.86,0.98
1,8,0.0,1.8,0.3,15,31.61,11.29,1.1
1,8,0.0,1.8,0.3,19,31.61,12.5,1.2
1,8,0.0,1.8,0.6,3,31.67,13.36,1.27
1,8,0.0,1.8,0.6,7,31.67,10.62,1.05
1,8,0.0,1.8,0.6,11,31.61,9.86,0.98
1,8,0.0,1.8,0.6,15,31.61,11.29,1.1
1,8,0.0,1.8,0.6,19,31.61,12.5,1.2
1,8,0.0,1.8,0.9,3,31.67,13.36,1.27
1,8,0.0,1.8,0.9,7,31.67,10.62,1.05
1,8,0.0,1.8,0.9,11,31.61,9.86,0.98
1,8,0.0,1.8,0.9,15,31.61,11.29,1.1
1,8,0.0,1.8,0.9,19,31.61,12.5,1.2
1,8,0.0,1.8,1.2,3,31.67,13.36,1.27
1,8,0.0,1.8,1.2,7,31.67,10.62,1.05
1,8,0.0,1.8,1.2,11,31.61,9.86,0.98
1,8,0.0,1.8,1.2,15,31.61,11.29,1.1
1,8,0.0,1.8,1.2,19,31.61,12.5,1.2
1,8,0.0,1.8,1.5,3,31.67,13.36,1.27
1,8,0.0,1.8,1.5,7,31.67,10.62,1.05
1,8,0.0,1.8,1.5,11,31.61,9.86,0.98
1,8,0.0,1.8,1.5,15,31.61,11.29,1.1
1,8,0.0,1.8,1.5,19,31.61,12.5,1.2
1,8,0.0,1.8,1.8,3,31.67,13.36,1.27
1,8,0.0,1.8,1.8,7,31.67,10.62,1.05
1,8,0.0,1.8,1.8,11,31.61,9.86,0.98
1,8,0.0,1.8,1.8,15,31.61,11.29,1.1
1,8,0.0,1.8,1.8,19,31.61,12.5,1.2
1,8,0.0,1.8,2.1,3,31.67,13.36,1.27
1,8,0.0,1.8,2.1,7,31.67,10.62,1.05
1,8,0.0,1.8,2.1,11,31.61,9.86,0.98
1,8,0.0,1.8,2.1,15,31.61,11.29,1.1
1,8,0.0,1.8,2.1,19,31.61,12.5,1.2
1,8,0.0,2.1,0.0,3,22.56,9.56,0.85
1,8,0.0,2.1,0.0,7,22.29,8.47,0.77
1,8,0.0,2.1,0.0,11,22.35,8.85,0.8
1,8,0.0,2.1,0.0,15,22.29,8.01,0.73
1,8,0.0,2.1,0.0,19,22.29,11.89,1.01
1,8,0.0,2.1,0.3,3,31.67,10.59,1.04
1,8,0.0,2.1,0.3,7,31.57,9.04,0.91
1,8,0.0,2.1,0.3,11,31.57,8.09,0.83
1,8,0.0,2.1,0.3,15,31.57,8.71,0.88
1,8,0.0,2.1,0.3,19,31.57,10.38,1.02
1,8,0.0,2.1,0.6,3,31.67,10.59,1.04
1,8,0.0,2.1,0.6,7,31.57,9.04,0.91
1,8,0.0,2.1,0.6,11,31.57,8.09,0.83
1,8,0.0,2.1,0.6,15,31.57,8.71,0.88
1,8,0.0,2.1,0.6,19,31.57,10.38,1.02
1,8,0.0,2.1,0.9,3,31.67,10.59,1.04
1,8,0.0,2.1,0.9,7,31.57,9.04,0.91
1,8,0.0,2.1,0.9,11,31.57,8.09,0.83
1,8,0.0,2.1,0.9,15,31.57,8.71,0.88
1,8,0.0,2.1,0.9,19,31.57,10.38,1.02
1,8,0.0,2.1,1.2,3,31.67,10.59,1.04
1,8,0.0,2.1,1.2,7,31.57,9.04,0.91
1,8,0.0,2.1,1.2,11,31.57,8.09,0.83
1,8,0.0,2.1,1.2,15,31.57,8.71,0.88
1,8,0.0,2.1,1.2,19,31.57,10.38,1.02
1,8,0.0,2.1,1.5,3,31.67,10.59,1.04
1,8,0.0,2.1,1.5,7,31.57,9.04,0.91
1,8,0.0,2.1,1.5,11,31.57,8.09,0.83
1,8,0.0,2.1,1.5,15,31.57,8.71,0.88
1,8,0.0,2.1,1.5,19,31.57,10.38,1.02
1,8,0.0,2.1,1.8,3,31.67,10.59,1.04
1,8,0.0,2.1,1.8,7,31.57,9.04,0.91
1,8,0.0,2.1,1.8,11,31.57,8.09,0.83
1,8,0.0,2.1,1.8,15,31.57,8.71,0.88
1,8,0.0,2.1,1.8,19,31.57,10.38,1.02
1,8,0.0,2.1,2.1,3,31.67,10.59,1.04
1,8,0.0,2.1,2.1,7,31.57,9.04,0.91
1,8,0.0,2.1,2.1,11,31.57,8.09,0.83
1,8,0.0,2.1,2.1,15,31.57,8.71,0.88
1,8,0.0,2.1,2.1,19,31.57,10.38,1.02
1,8,0.3,0.0,0.0,3,54.89,-7.27,-0.68
1,8,0.3,0.0,0.0,7,54.61,-2.31,-0.17
1,8,0.3,0.0,0.0,11,54.61,-0.91,-0.01
1,8,0.3,0.0,0.0,15,54.56,-1.16,-0.04
1,8,0.3,0.0,0.0,19,54.5,0.1,0.1
1,8,0.3,0.0,0.3,3,54.89,-7.27,-0.68
1,8,0.3,0.0,0.3,7,54.61,-2.31,-0.17
1,8,0.3,0.0,0.3,11,54.61,-0.91,-0.01
1,8,0.3,0.0,0.3,15,54.56,-1.16,-0.04
1,8,0.3,0.0,0.3,19,54.5,0.1,0.1
1,8,0.3,0.0,0.6,3,54.89,-7.27,-0.68
1,8,0.3,0.0,0.6,7,54.61,-2.31,-0.17
1,8,0.3,0.0,0.6,11,54.61,-0.91,-0.01
1,8,0.3,0.0,0.6,15,54.56,-1.16,-0.04
1,8,0.3,0.0,0.6,19,54.5,0.1,0.1
1,8,0.3,0.0,0.9,3,54.89,-7.27,-0.68
1,8,0.3,0.0,0.9,7,54.61,-2.31,-0.17
1,8,0.3,0.0,0.9,11,54.61,-0.91,-0.01
1,8,0.3,0.0,0.9,15,54.56,-1.16,-0.04
1,8,0.3,0.0,0.9,19,54.5,0.1,0.1
1,8,0.3,0.0,1.2,3,54.89,-7.27,-0.68
1,8,0.3,0.0,1.2,7,54.61,-2.31,-0.17
1,8,0.3,0.0,1.2,11,54.61,-0.91,-0.01
1,8,0.3,0.0,1.2,15,54.56,-1.16,-0.04
1,8,0.3,0.0,1.2,19,54.5,0.1,0.1
1,8,0.3,0.0,1.5,3,54.89,-7.27,-0.68
1,8,0.3,0.0,1.5,7,54.61,-2.31,-0.17
1,8,0.3,0.0,1.5,11,54.61,-0.91,-0.01
1,8,0.3,0.0,1.5,15,54.56,-1.16,-0.04
1,8,0.3,0.0,1.5,19,54.5,0.1,0.1
1,8,0.3,0.0,1.8,3,54.89,-7.27,-0.68
1,8,0.3,0.0,1.8,7,54.61,-2.31,-0.17
1,8,0.3,0.0,1.8,11,54.61,-0.91,-0.01
1,8,0.3,0.0,1.8,15,54.56,-1.16,-0.04
1,8,0.3,0.0,1.8,19,54.5,0.1,0.1
1,8,0.3,0.0,2.1,3,54.89,-7.27,-0.68
1,8,0.3,0.0,2.1,7,54.61,-2.31,-0.17
1,8,0.3,0.0,2.1,11,54.61,-0.91,-0.01
1,8,0.3,0.0,2.1,15,54.56,-1.16,-0.04
1,8,0.3,0.0,2.1,19,54.5,0.1,0.1
1,8,0.3,0.3,0.0,3,46.17,-1.11,-0.0
1,8,0.3,0.3,0.0,7,45.5,2.83,0.37
1,8,0.3,0.3,0.0,11,45.11,1.47,0.24
1,8,0.3,0.3,0.0,15,44.89,1.85,0.28
1,8,0.3,0.3,0.0,19,44.78,4.83,0.57
1,8,0.3,0.3,0.3,3,45.44,-2.07,-0.1
1,8,0.3,0.3,0.3,7,44.83,1.44,0.24
1,8,0.3,0.3,0.3,11,44.39,1.36,0.23
1,8,0.3,0.3,0.3,15,44.17,0.63,0.16
1,8,0.3,0.3,0.3,19,44.22,4.9,0.58
1,8,0.3,0.3,0.6,3,45.44,-2.07,-0.1
1,8,0.3,0.3,0.6,7,44.83,1.44,0.24
1,8,0.3,0.3,0.6,11,44.39,1.36,0.23
1,8,0.3,0.3,0.6,15,44.17,0.63,0.16
1,8,0.3,0.3,0.6,19,44.22,4.9,0.58
1,8,0.3,0.3,0.9,3,45.44,-2.07,-0.1
1,8,0.3,0.3,0.9,7,44.83,1.44,0.24
1,8,0.3,0.3,0.9,11,44.39,1.36,0.23
1,8,0.3,0.3,0.9,15,44.17,0.63,0.16
1,8,0.3,0.3,0.9,19,44.22,4.9,0.58
1,8,0.3,0.3,1.2,3,45.44,-2.07,-0.1
1,8,0.3,0.3,1.2,7,44.83,1.44,0.24
1,8,0.3,0.3,1.2,11,44.39,1.36,0.23
1,8,0.3,0.3,1.2,15,44.17,0.63,0.16
1,8,0.3,0.3,1.2,19,44.22,4.9,0.58
1,8,0.3,0.3,1.5,3,45.44,-2.07,-0.1
1,8,0.3,0.3,1.5,7,44.83,1.44,0.24
1,8,0.3,0.3,1.5,11,44.39,1.36,0.23
1,8,0.3,0.3,1.5,15,44.17,0.63,0.16
1,8,0.3,0.3,1.5,19,44.22,4.9,0.58
1,8,0.3,0.3,1.8,3,45.44,-2.07,-0.1
1,8,0.3,0.3,1.8,7,44.83,1.44,0.24
1,8,0.3,0.3,1.8,11,44.39,1.36,0.23
1,8,0.3,0.3,1.8,15,44.17,0.63,0.16
1,8,0.3,0.3,1.8,19,44.22,4.9,0.58
1,8,0.3,0.3,2.1,3,45.44,-2.07,-0.1
1,8,0.3,0.3,2.1,7,44.83,1.44,0.24
1,8,0.3,0.3,2.1,11,44.39,1.36,0.23
1,8,0.3,0.3,2.1,15,44.17,0.63,0.16
1,8,0.3,0.3,2.1,19,44.22,4.9,0.58
1,8,0.3,0.6,0.0,3,38.94,1.62,0.25
1,8,0.3,0.6,0.0,7,38.39,11.26,1.07
1,8,0.3,0.6,0.0,11,38.22,10.1,0.98
1,8,0.3,0.6,0.0,15,37.67,6.56,0.68
1,8,0.3,0.6,0.0,19,37.56,6.85,0.71
1,8,0.3,0.6,0.3,3,38.44,2.64,0.34
1,8,0.3,0.6,0.3,7,37.83,10.9,1.07
1,8,0.3,0.6,0.3,11,37.56,10.77,1.06
1,8,0.3,0.6,0.3,15,37.17,7.76,0.8
1,8,0.3,0.6,0.3,19,37.44,10.93,1.07
1,8,0.3,0.6,0.6,3,38.44,2.64,0.34
1,8,0.3,0.6,0.6,7,37.83,10.9,1.07
1,8,0.3,0.6,0.6,11,37.56,10.77,1.06
1,8,0.3,0.6,0.6,15,37.17,7.76,0.8
1,8,0.3,0.6,0.6,19,37.44,10.93,1.07
1,8,0.3,0.6,0.9,3,38.44,2.64,0.34
1,8,0.3,0.6,0.9,7,37.83,10.9,1.07
1,8,0.3,0.6,0.9,11,37.56,10.77,1.06
1,8,0.3,0.6,0.9,15,37.17,7.76,0.8
1,8,0.3,0.6,0.9,19,37.44,10.93,1.07
1,8,0.3,0.6,1.2,3,38.44,2.64,0.34
1,8,0.3,0.6,1.2,7,37.83,10.9,1.07
1,8,0.3,0.6,1.2,11,37.56,10.77,1.06
1,8,0.3,0.6,1.2,15,37.17,7.76,0.8
1,8,0.3,0.6,1.2,19,37.44,10.93,1.07
1,8,0.3,0.6,1.5,3,38.44,2.64,0.34
1,8,0.3,0.6,1.5,7,37.83,10.9,1.07
1,8,0.3,0.6,1.5,11,37.56,10.77,1.06
1,8,0.3,0.6,1.5,15,37.17,7.76,0.8
1,8,0.3,0.6,1.5,19,37.44,10.93,1.07
1,8,0.3,0.6,1.8,3,38.44,2.64,0.34
1,8,0.3,0.6,1.8,7,37.83,10.9,1.07
1,8,0.3,0.6,1.8,11,37.56,10.77,1.06
1,8,0.3,0.6,1.8,15,37.17,7.76,0.8
1,8,0.3,0.6,1.8,19,37.44,10.93,1.07
1,8,0.3,0.6,2.1,3,38.44,2.64,0.34
1,8,0.3,0.6,2.1,7,37.83,10.9,1.07
1,8,0.3,0.6,2.1,11,37.56,10.77,1.06
1,8,0.3,0.6,2.1,15,37.17,7.76,0.8
1,8,0.3,0.6,2.1,19,37.44,10.93,1.07
1,8,0.3,0.9,0.0,3,34.5,7.1,0.66
1,8,0.3,0.9,0.0,7,34.06,16.08,1.36
1,8,0.3,0.9,0.0,11,33.94,19.0,1.57
1,8,0.3,0.9,0.0,15,33.39,17.55,1.46
1,8,0.3,0.9,0.0,19,33.06,15.88,1.34
1,8,0.3,0.9,0.3,3,35.78,8.76,0.81
1,8,0.3,0.9,0.3,7,35.44,16.32,1.44
1,8,0.3,0.9,0.3,11,35.28,21.63,1.83
1,8,0.3,0.9,0.3,15,34.94,21.31,1.8
1,8,0.3,0.9,0.3,19,35.06,23.95,1.98
1,8,0.3,0.9,0.6,3,35.78,8.76,0.81
1,8,0.3,0.9,0.6,7,35.44,16.32,1.44
1,8,0.3,0.9,0.6,11,35.28,21.63,1.83
1,8,0.3,0.9,0.6,15,34.94,21.31,1.8
1,8,0.3,0.9,0.6,19,35.06,23.95,1.98
1,8,0.3,0.9,0.9,3,35.78,8.76,0.81
1,8,0.3,0.9,0.9,7,35.44,16.32,1.44
1,8,0.3,0.9,0.9,11,35.28,21.63,1.83
1,8,0.3,0.9,0.9,15,34.94,21.31,1.8
1,8,0.3,0.9,0.9,19,35.06,23.95,1.98
1,8,0.3,0.9,1.2,3,35.78,8.76,0.81
1,8,0.3,0.9,1.2,7,35.44,16.32,1.44
1,8,0.3,0.9,1.2,11,35.28,21.63,1.83
1,8,0.3,0.9,1.2,15,34.94,21.31,1.8
1,8,0.3,0.9,1.2,19,35.06,23.95,1.98
1,8,0.3,0.9,1.5,3,35.78,8.76,0.81
1,8,0.3,0.9,1.5,7,35.44,16.32,1.44
1,8,0.3,0.9,1.5,11,35.28,21.63,1.83
1,8,0.3,0.9,1.5,15,34.94,21.31,1.8
1,8,0.3,0.9,1.5,19,35.06,23.95,1.98
1,8,0.3,0.9,1.8,3,35.78,8.76,0.81
1,8,0.3,0.9,1.8,7,35.44,16.32,1.44
1,8,0.3,0.9,1.8,11,35.28,21.63,1.83
1,8,0.3,0.9,1.8,15,34.94,21.31,1.8
1,8,0.3,0.9,1.8,19,35.06,23.95,1.98
1,8,0.3,0.9,2.1,3,35.78,8.76,0.81
1,8,0.3,0.9,2.1,7,35.44,16.32,1.44
1,8,0.3,0.9,2.1,11,35.28,21.63,1.83
1,8,0.3,0.9,2.1,15,34.94,21.31,1.8
1,8,0.3,0.9,2.1,19,35.06,23.95,1.98
1,8,0.3,1.2,0.0,3,31.61,-4.12,-0.19
1,8,0.3,1.2,0.0,7,31.39,4.6,0.48
1,8,0.3,1.2,0.0,11,31.17,11.26,0.97
1,8,0.3,1.2,0.0,15,31.06,12.22,1.04
1,8,0.3,1.2,0.0,19,30.83,13.68,1.14
1,8,0.3,1.2,0.3,3,34.61,1.97,0.27
1,8,0.3,1.2,0.3,7,34.5,16.05,1.37
1,8,0.3,1.2,0.3,11,34.39,22.15,1.81
1,8,0.3,1.2,0.3,15,34.28,21.14,1.75
1,8,0.3,1.2,0.3,19,34.44,26.48,2.11
1,8,0.3,1.2,0.6,3,34.61,1.97,0.27
1,8,0.3,1.2,0.6,7,34.5,16.05,1.37
1,8,0.3,1.2,0.6,11,34.39,22.15,1.81
1,8,0.3,1.2,0.6,15,34.28,21.14,1.75
1,8,0.3,1.2,0.6,19,34.44,26.48,2.11
1,8,0.3,1.2,0.9,3,34.61,1.97,0.27
1,8,0.3,1.2,0.9,7,34.5,16.05,1.37
1,8,0.3,1.2,0.9,11,34.39,22.15,1.81
1,8,0.3,1.2,0.9,15,34.28,21.14,1.75
1,8,0.3,1.2,0.9,19,34.44,26.48,2.11
1,8,0.3,1.2,1.2,3,34.61,1.97,0.27
1,8,0.3,1.2,1.2,7,34.5,16.05,1.37
1,8,0.3,1.2,1.2,11,34.39,22.15,1.81
1,8,0.3,1.2,1.2,15,34.28,21.14,1.75
1,8,0.3,1.2,1.2,19,34.44,26.48,2.11
1,8,0.3,1.2,1.5,3,34.61,1.97,0.27
1,8,0.3,1.2,1.5,7,34.5,16.05,1.37
1,8,0.3,1.2,1.5,11,34.39,22.15,1.81
1,8,0.3,1.2,1.5,15,34.28,21.14,1.75
1,8,0.3,1.2,1.5,19,34.44,26.48,2.11
1,8,0.3,1.2,1.8,3,34.61,1.97,0.27
1,8,0.3,1.2,1.8,7,34.5,16.05,1.37
1,8,0.3,1.2,1.8,11,34.39,22.15,1.81
1,8,0.3,1.2,1.8,15,34.28,21.14,1.75
1,8,0.3,1.2,1.8,19,34.44,26.48,2.11
1,8,0.3,1.2,2.1,3,34.61,1.97,0.27
1,8,0.3,1.2,2.1,7,34.5,16.05,1.37
1,8,0.3,1.2,2.1,11,34.39,22.15,1.81
1,8,0.3,1.2,2.1,15,34.28,21.14,1.75
1,8,0.3,1.2,2.1,19,34.44,26.48,2.11
1,8,0.3,1.5,0.0,3,30.39,-6.93,-0.4
1,8,0.3,1.5,0.0,7,30.06,3.54,0.39
1,8,0.3,1.5,0.0,11,30.0,8.42,0.74
1,8,0.3,1.5,0.0,15,29.89,9.69,0.83
1,8,0.3,1.5,0.0,19,29.78,11.74,0.97
1,8,0.3,1.5,0.3,3,34.22,0.89,0.19
1,8,0.3,1.5,0.3,7,34.11,13.47,1.16
1,8,0.3,1.5,0.3,11,34.06,21.01,1.69
1,8,0.3,1.5,0.3,15,33.94,23.72,1.88
1,8,0.3,1.5,0.3,19,34.17,27.32,2.11
1,8,0.3,1.5,0.6,3,34.22,0.89,0.19
1,8,0.3,1.5,0.6,7,34.11,13.47,1.16
1,8,0.3,1.5,0.6,11,34.06,21.01,1.69
1,8,0.3,1.5,0.6,15,33.94,23.72,1.88
1,8,0.3,1.5,0.6,19,34.17,27.32,2.11
1,8,0.3,1.5,0.9,3,34.22,0.89,0.19
1,8,0.3,1.5,0.9,7,34.11,13.47,1.16
1,8,0.3,1.5,0.9,11,34.06,21.01,1.69
1,8,0.3,1.5,0.9,15,33.94,23.72,1.88
1,8,0.3,1.5,0.9,19,34.17,27.32,2.11
1,8,0.3,1.5,1.2,3,34.22,0.89,0.19
1,8,0.3,1.5,1.2,7,34.11,13.47,1.16
1,8,0.3,1.5,1.2,11,34.06,21.01,1.69
1,8,0.3,1.5,1.2,15,33.94,23.72,1.88
1,8,0.3,1.5,1.2,19,34.17,27.32,2.11
1,8,0.3,1.5,1.5,3,34.22,0.89,0.19
1,8,0.3,1.5,1.5,7,34.11,13.47,1.16
1,8,0.3,1.5,1.5,11,34.06,21.01,1.69
1,8,0.3,1.5,1.5,15,33.94,23.72,1.88
1,8,0.3,1.5,1.5,19,34.17,27.32,2.11
1,8,0.3,1.5,1.8,3,34.22,0.89,0.19
1,8,0.3,1.5,1.8,7,34.11,13.47,1.16
1,8,0.3,1.5,1.8,11,34.06,21.01,1.69
1,8,0.3,1.5,1.8,15,33.94,23.72,1.88
1,8,0.3,1.5,1.8,19,34.17,27.32,2.11
1,8,0.3,1.5,2.1,3,34.22,0.89,0.19
1,8,0.3,1.5,2.1,7,34.11,13.47,1.16
1,8,0.3,1.5,2.1,11,34.06,21.01,1.69
1,8,0.3,1.5,2.1,15,33.94,23.72,1.88
1,8,0.3,1.5,2.1,19,34.17,27.32,2.11
1,8,0.3,1.8,0.0,3,29.67,-1.84,0.0
1,8,0.3,1.8,0.0,7,29.44,9.14,0.77
1,8,0.3,1.8,0.0,11,29.28,8.27,0.71
1,8,0.3,1.8,0.0,15,29.17,13.06,1.02
1,8,0.3,1.8,0.0,19,29.0,11.4,0.92
1,8,0.3,1.8,0.3,3,34.17,12.01,1.0
1,8,0.3,1.8,0.3,7,34.06,18.86,1.52
1,8,0.3,1.8,0.3,11,33.89,21.19,1.68
1,8,0.3,1.8,0.3,15,33.78,23.74,1.85
1,8,0.3,1.8,0.3,19,33.94,25.38,1.95
1,8,0.3,1.8,0.6,3,34.17,12.01,1.0
1,8,0.3,1.8,0.6,7,34.06,18.86,1.52
1,8,0.3,1.8,0.6,11,33.89,21.19,1.68
1,8,0.3,1.8,0.6,15,33.78,23.74,1.85
1,8,0.3,1.8,0.6,19,33.94,25.38,1.95
1,8,0.3,1.8,0.9,3,34.17,12.01,1.0
1,8,0.3,1.8,0.9,7,34.06,18.86,1.52
1,8,0.3,1.8,0.9,11,33.89,21.19,1.68
1,8,0.3,1.8,0.9,15,33.78,23.74,1.85
1,8,0.3,1.8,0.9,19,33.94,25.38,1.95
1,8,0.3,1.8,1.2,3,34.17,12.01,1.0
1,8,0.3,1.8,1.2,7,34.06,18.86,1.52
1,8,0.3,1.8,1.2,11,33.89,21.19,1.68
1,8,0.3,1.8,1.2,15,33.78,23.74,1.85
1,8,0.3,1.8,1.2,19,33.94,25.38,1.95
1,8,0.3,1.8,1.5,3,34.17,12.01,1.0
1,8,0.3,1.8,1.5,7,34.06,18.86,1.52
1,8,0.3,1.8,1.5,11,33.89,21.19,1.68
1,8,0.3,1.8,1.5,15,33.78,23.74,1.85
1,8,0.3,1.8,1.5,19,33.94,25.38,1.95
1,8,0.3,1.8,1.8,3,34.17,12.01,1.0
1,8,0.3,1.8,1.8,7,34.06,18.86,1.52
1,8,0.3,1.8,1.8,11,33.89,21.19,1.68
1,8,0.3,1.8,1.8,15,33.78,23.74,1.85
1,8,0.3,1.8,1.8,19,33.94,25.38,1.95
1,8,0.3,1.8,2.1,3,34.17,12.01,1.0
1,8,0.3,1.8,2.1,7,34.06,18.86,1.52
1,8,0.3,1.8,2.1,11,33.89,21.19,1.68
1,8,0.3,1.8,2.1,15,33.78,23.74,1.85
1,8,0.3,1.8,2.1,19,33.94,25.38,1.95
1,8,0.3,2.1,0.0,3,29.11,1.29,0.23
1,8,0.3,2.1,0.0,7,28.68,7.52,0.65
1,8,0.3,2.1,0.0,11,28.79,9.43,0.77
1,8,0.3,2.1,0.0,15,28.63,8.11,0.69
1,8,0.3,2.1,0.0,19,28.52,9.95,0.81
1,8,0.3,2.1,0.3,3,34.17,13.66,1.11
1,8,0.3,2.1,0.3,7,33.96,17.59,1.42
1,8,0.3,2.1,0.3,11,33.85,19.27,1.54
1,8,0.3,2.1,0.3,15,33.74,20.08,1.59
1,8,0.3,2.1,0.3,19,33.91,22.7,1.76
1,8,0.3,2.1,0.6,3,34.17,13.66,1.11
1,8,0.3,2.1,0.6,7,33.96,17.59,1.42
1,8,0.3,2.1,0.6,11,33.85,19.27,1.54
1,8,0.3,2.1,0.6,15,33.74,20.08,1.59
1,8,0.3,2.1,0.6,19,33.91,22.7,1.76
1,8,0.3,2.1,0.9,3,34.17,13.66,1.11
1,8,0.3,2.1,0.9,7,33.96,17.59,1.42
1,8,0.3,2.1,0.9,11,33.85,19.27,1.54
1,8,0.3,2.1,0.9,15,33.74,20.08,1.59
1,8,0.3,2.1,0.9,19,33.91,22.7,1.76
1,8,0.3,2.1,1.2,3,34.17,13.66,1.11
1,8,0.3,2.1,1.2,7,33.96,17.59,1.42
1,8,0.3,2.1,1.2,11,33.85,19.27,1.54
1,8,0.3,2.1,1.2,15,33.74,20.08,1.59
1,8,0.3,2.1,1.2,19,33.91,22.7,1.76
1,8,0.3,2.1,1.5,3,34.17,13.66,1.11
1,8,0.3,2.1,1.5,7,33.96,17.59,1.42
1,8,0.3,2.1,1.5,11,33.85,19.27,1.54
1,8,0.3,2.1,1.5,15,33.74,20.08,1.59
1,8,0.3,2.1,1.5,19,33.91,22.7,1.76
1,8,0.3,2.1,1.8,3,34.17,13.66,1.11
1,8,0.3,2.1,1.8,7,33.96,17.59,1.42
1,8,0.3,2.1,1.8,11,33.85,19.27,1.54
1,8,0.3,2.1,1.8,15,33.74,20.08,1.59
1,8,0.3,2.1,1.8,19,33.91,22.7,1.76
1,8,0.3,2.1,2.1,3,34.17,13.66,1.11
1,8,0.3,2.1,2.1,7,33.96,17.59,1.42
1,8,0.3,2.1,2.1,11,33.85,19.27,1.54
1,8,0.3,2.1,2.1,15,33.74,20.08,1.59
1,8,0.3,2.1,2.1,19,33.91,22.7,1.76
1,8,0.6,0.0,0.0,3,57.94,-8.25,-0.75
1,8,0.6,0.0,0.0,7,57.67,-7.09,-0.63
1,8,0.6,0.0,0.0,11,57.5,-7.8,-0.72
1,8,0.6,0.0,0.0,15,57.28,-8.81,-0.83
1,8,0.6,0.0,0.0,19,57.33,-7.12,-0.64
1,8,0.6,0.0,0.3,3,57.94,-8.25,-0.75
1,8,0.6,0.0,0.3,7,57.67,-7.09,-0.63
1,8,0.6,0.0,0.3,11,57.5,-7.8,-0.72
1,8,0.6,0.0,0.3,15,57.28,-8.81,-0.83
1,8,0.6,0.0,0.3,19,57.33,-7.12,-0.64
1,8,0.6,0.0,0.6,3,57.94,-8.25,-0.75
1,8,0.6,0.0,0.6,7,57.67,-7.09,-0.63
1,8,0.6,0.0,0.6,11,57.5,-7.8,-0.72
1,8,0.6,0.0,0.6,15,57.28,-8.81,-0.83
1,8,0.6,0.0,0.6,19,57.33,-7.12,-0.64
1,8,0.6,0.0,0.9,3,57.94,-8.25,-0.75
1,8,0.6,0.0,0.9,7,57.67,-7.09,-0.63
1,8,0.6,0.0,0.9,11,57.5,-7.8,-0.72
1,8,0.6,0.0,0.9,15,57.28,-8.81,-0.83
1,8,0.6,0.0,0.9,19,57.33,-7.12,-0.64
1,8,0.6,0.0,1.2,3,57.94,-8.25,-0.75
1,8,0.6,0.0,1.2,7,57.67,-7.09,-0.63
1,8,0.6,0.0,1.2,11,57.5,-7.8,-0.72
1,8,0.6,0.0,1.2,15,57.28,-8.81,-0.83
1,8,0.6,0.0,1.2,19,57.33,-7.12,-0.64
1,8,0.6,0.0,1.5,3,57.94,-8.25,-0.75
1,8,0.6,0.0,1.5,7,57.67,-7.09,-0.63
1,8,0.6,0.0,1.5,11,57.5,-7.8,-0.72
1,8,0.6,0.0,1.5,15,57.28,-8.81,-0.83
1,8,0.6,0.0,1.5,19,57.33,-7.12,-0.64
1,8,0.6,0.0,1.8,3,57.94,-8.25,-0.75
1,8,0.6,0.0,1.8,7,57.67,-7.09,-0.63
1,8,0.6,0.0,1.8,11,57.5,-7.8,-0.72
1,8,0.6,0.0,1.8,15,57.28,-8.81,-0.83
1,8,0.6,0.0,1.8,19,57.33,-7.12,-0.64
1,8,0.6,0.0,2.1,3,57.94,-8.25,-0.75
1,8,0.6,0.0,2.1,7,57.67,-7.09,-0.63
1,8,0.6,0.0,2.1,11,57.5,-7.8,-0.72
1,8,0.6,0.0,2.1,15,57.28,-8.81,-0.83
1,8,0.6,0.0,2.1,19,57.33,-7.12,-0.64
1,8,0.6,0.3,0.0,3,48.89,-2.3,-0.1
1,8,0.6,0.3,0.0,7,48.22,-3.45,-0.22
1,8,0.6,0.3,0.0,11,47.67,-6.72,-0.54
1,8,0.6,0.3,0.0,15,47.44,-6.64,-0.53
1,8,0.6,0.3,0.0,19,47.39,-3.54,-0.23
1,8,0.6,0.3,0.3,3,48.89,-1.58,-0.04
1,8,0.6,0.3,0.3,7,48.17,-3.37,-0.21
1,8,0.6,0.3,0.3,11,47.56,-7.16,-0.58
1,8,0.6,0.3,0.3,15,47.22,-7.87,-0.66
1,8,0.6,0.3,0.3,19,47.22,-4.64,-0.33
1,8,0.6,0.3,0.6,3,48.89,-1.58,-0.04
1,8,0.6,0.3,0.6,7,48.17,-3.37,-0.21
1,8,0.6,0.3,0.6,11,47.56,-7.16,-0.58
1,8,0.6,0.3,0.6,15,47.22,-7.87,-0.66
1,8,0.6,0.3,0.6,19,47.22,-4.64,-0.33
1,8,0.6,0.3,0.9,3,48.89,-1.58,-0.04
1,8,0.6,0.3,0.9,7,48.17,-3.37,-0.21
1,8,0.6,0.3,0.9,11,47.56,-7.16,-0.58
1,8,0.6,0.3,0.9,15,47.22,-7.87,-0.66
1,8,0.6,0.3,0.9,19,47.22,-4.64,-0.33
1,8,0.6,0.3,1.2,3,48.89,-1.58,-0.04
1,8,0.6,0.3,1.2,7,48.17,-3.37,-0.21
1,8,0.6,0.3,1.2,11,47.56,-7.16,-0.58
1,8,0.6,0.3,1.2,15,47.22,-7.87,-0.66
1,8,0.6,0.3,1.2,19,47.22,-4.64,-0.33
1,8,0.6,0.3,1.5,3,48.89,-1.58,-0.04
1,8,0.6,0.3,1.5,7,48.17,-3.37,-0.21
1,8,0.6,0.3,1.5,11,47.56,-7.16,-0.58
1,8,0.6,0.3,1.5,15,47.22,-7.87,-0.66
1,8,0.6,0.3,1.5,19,47.22,-4.64,-0.33
1,8,0.6,0.3,1.8,3,48.89,-1.58,-0.04
1,8,0.6,0.3,1.8,7,48.17,-3.37,-0.21
1,8,0.6,0.3,1.8,11,47.56,-7.16,-0.58
1,8,0.6,0.3,1.8,15,47.22,-7.87,-0.66
1,8,0.6,0.3,1.8,19,47.22,-4.64,-0.33
1,8,0.6,0.3,2.1,3,48.89,-1.58,-0.04
1,8,0.6,0.3,2.1,7,48.17,-3.37,-0.21
1,8,0.6,0.3,2.1,11,47.56,-7.16,-0.58
1,8,0.6,0.3,2.1,15,47.22,-7.87,-0.66
1,8,0.6,0.3,2.1,19,47.22,-4.64,-0.33
1,8,0.6,0.6,0.0,3,41.17,-0.53,0.07
1,8,0.6,0.6,0.0,7,40.56,4.53,0.48
1,8,0.6,0.6,0.0,11,40.33,0.94,0.19
1,8,0.6,0.6,0.0,15,39.78,-2.66,-0.11
1,8,0.6,0.6,0.0,19,39.78,-1.6,-0.02
1,8,0.6,0.6,0.3,3,40.83,-0.93,0.04
1,8,0.6,0.6,0.3,7,40.17,5.07,0.53
1,8,0.6,0.6,0.3,11,39.89,0.77,0.18
1,8,0.6,0.6,0.3,15,39.22,-3.53,-0.19
1,8,0.6,0.6,0.3,19,39.22,-2.65,-0.12
1,8,0.6,0.6,0.6,3,40.83,-0.93,0.04
1,8,0.6,0.6,0.6,7,40.17,5.07,0.53
1,8,0.6,0.6,0.6,11,39.89,0.77,0.18
1,8,0.6,0.6,0.6,15,39.22,-3.53,-0.19
1,8,0.6,0.6,0.6,19,39.22,-2.65,-0.12
1,8,0.6,0.6,0.9,3,40.83,-0.93,0.04
1,8,0.6,0.6,0.9,7,40.17,5.07,0.53
1,8,0.6,0.6,0.9,11,39.89,0.77,0.18
1,8,0.6,0.6,0.9,15,39.22,-3.53,-0.19
1,8,0.6,0.6,0.9,19,39.22,-2.65,-0.12
1,8,0.6,0.6,1.2,3,40.83,-0.93,0.04
1,8,0.6,0.6,1.2,7,40.17,5.07,0.53
1,8,0.6,0.6,1.2,11,39.89,0.77,0.18
1,8,0.6,0.6,1.2,15,39.22,-3.53,-0.19
1,8,0.6,0.6,1.2,19,39.22,-2.65,-0.12
1,8,0.6,0.6,1.5,3,40.83,-0.93,0.04
1,8,0.6,0.6,1.5,7,40.17,5.07,0.53
1,8,0.6,0.6,1.5,11,39.89,0.77,0.18
1,8,0.6,0.6,1.5,15,39.22,-3.53,-0.19
1,8,0.6,0.6,1.5,19,39.22,-2.65,-0.12
1,8,0.6,0.6,1.8,3,40.83,-0.93,0.04
1,8,0.6,0.6,1.8,7,40.17,5.07,0.53
1,8,0.6,0.6,1.8,11,39.89,0.77,0.18
1,8,0.6,0.6,1.8,15,39.22,-3.53,-0.19
1,8,0.6,0.6,1.8,19,39.22,-2.65,-0.12
1,8,0.6,0.6,2.1,3,40.83,-0.93,0.04
1,8,0.6,0.6,2.1,7,40.17,5.07,0.53
1,8,0.6,0.6,2.1,11,39.89,0.77,0.18
1,8,0.6,0.6,2.1,15,39.22,-3.53,-0.19
1,8,0.6,0.6,2.1,19,39.22,-2.65,-0.12
1,8,0.6,0.9,0.0,3,36.67,8.04,0.71
1,8,0.6,0.9,0.0,7,36.11,10.19,0.88
1,8,0.6,0.9,0.0,11,35.89,11.01,0.94
1,8,0.6,0.9,0.0,15,35.28,7.6,0.69
1,8,0.6,0.9,0.0,19,35.06,7.05,0.65
1,8,0.6,0.9,0.3,3,36.67,9.83,0.85
1,8,0.6,0.9,0.3,7,36.22,11.77,1.0
1,8,0.6,0.9,0.3,11,35.78,11.53,0.99
1,8,0.6,0.9,0.3,15,35.17,9.46,0.84
1,8,0.6,0.9,0.3,19,35.06,8.84,0.79
1,8,0.6,0.9,0.6,3,36.67,9.83,0.85
1,8,0.6,0.9,0.6,7,36.22,11.77,1.0
1,8,0.6,0.9,0.6,11,35.78,11.53,0.99
1,8,0.6,0.9,0.6,15,35.17,9.46,0.84
1,8,0.6,0.9,0.6,19,35.06,8.84,0.79
1,8,0.6,0.9,0.9,3,36.67,9.83,0.85
1,8,0.6,0.9,0.9,7,36.22,11.77,1.0
1,8,0.6,0.9,0.9,11,35.78,11.53,0.99
1,8,0.6,0.9,0.9,15,35.17,9.46,0.84
1,8,0.6,0.9,0.9,19,35.06,8.84,0.79
1,8,0.6,0.9,1.2,3,36.67,9.83,0.85
1,8,0.6,0.9,1.2,7,36.22,11.77,1.0
1,8,0.6,0.9,1.2,11,35.78,11.53,0.99
1,8,0.6,0.9,1.2,15,35.17,9.46,0.84
1,8,0.6,0.9,1.2,19,35.06,8.84,0.79
1,8,0.6,0.9,1.5,3,36.67,9.83,0.85
1,8,0.6,0.9,1.5,7,36.22,11.77,1.0
1,8,0.6,0.9,1.5,11,35.78,11.53,0.99
1,8,0.6,0.9,1.5,15,35.17,9.46,0.84
1,8,0.6,0.9,1.5,19,35.06,8.84,0.79
1,8,0.6,0.9,1.8,3,36.67,9.83,0.85
1,8,0.6,0.9,1.8,7,36.22,11.77,1.0
1,8,0.6,0.9,1.8,11,35.78,11.53,0.99
1,8,0.6,0.9,1.8,15,35.17,9.46,0.84
1,8,0.6,0.9,1.8,19,35.06,8.84,0.79
1,8,0.6,0.9,2.1,3,36.67,9.83,0.85
1,8,0.6,0.9,2.1,7,36.22,11.77,1.0
1,8,0.6,0.9,2.1,11,35.78,11.53,0.99
1,8,0.6,0.9,2.1,15,35.17,9.46,0.84
1,8,0.6,0.9,2.1,19,35.06,8.84,0.79
1,8,0.6,1.2,0.0,3,33.72,-2.93,-0.09
1,8,0.6,1.2,0.0,7,33.44,1.17,0.21
1,8,0.6,1.2,0.0,11,33.06,3.81,0.41
1,8,0.6,1.2,0.0,15,32.83,2.94,0.34
1,8,0.6,1.2,0.0,19,32.72,5.3,0.51
1,8,0.6,1.2,0.3,3,34.78,0.84,0.19
1,8,0.6,1.2,0.3,7,34.56,7.62,0.68
1,8,0.6,1.2,0.3,11,34.11,9.66,0.83
1,8,0.6,1.2,0.3,15,33.61,7.35,0.67
1,8,0.6,1.2,0.3,19,33.61,9.15,0.79
1,8,0.6,1.2,0.6,3,34.78,0.84,0.19
1,8,0.6,1.2,0.6,7,34.56,7.62,0.68
1,8,0.6,1.2,0.6,11,34.11,9.66,0.83
1,8,0.6,1.2,0.6,15,33.61,7.35,0.67
1,8,0.6,1.2,0.6,19,33.61,9.15,0.79
1,8,0.6,1.2,0.9,3,34.78,0.84,0.19
1,8,0.6,1.2,0.9,7,34.56,7.62,0.68
1,8,0.6,1.2,0.9,11,34.11,9.66,0.83
1,8,0.6,1.2,0.9,15,33.61,7.35,0.67
1,8,0.6,1.2,0.9,19,33.61,9.15,0.79
1,8,0.6,1.2,1.2,3,34.78,0.84,0.19
1,8,0.6,1.2,1.2,7,34.56,7.62,0.68
1,8,0.6,1.2,1.2,11,34.11,9.66,0.83
1,8,0.6,1.2,1.2,15,33.61,7.35,0.67
1,8,0.6,1.2,1.2,19,33.61,9.15,0.79
1,8,0.6,1.2,1.5,3,34.78,0.84,0.19
1,8,0.6,1.2,1.5,7,34.56,7.62,0.68
1,8,0.6,1.2,1.5,11,34.11,9.66,0.83
1,8,0.6,1.2,1.5,15,33.61,7.35,0.67
1,8,0.6,1.2,1.5,19,33.61,9.15,0.79
1,8,0.6,1.2,1.8,3,34.78,0.84,0.19
1,8,0.6,1.2,1.8,7,34.56,7.62,0.68
1,8,0.6,1.2,1.8,11,34.11,9.66,0.83
1,8,0.6,1.2,1.8,15,33.61,7.35,0.67
1,8,0.6,1.2,1.8,19,33.61,9.15,0.79
1,8,0.6,1.2,2.1,3,34.78,0.84,0.19
1,8,0.6,1.2,2.1,7,34.56,7.62,0.68
1,8,0.6,1.2,2.1,11,34.11,9.66,0.83
1,8,0.6,1.2,2.1,15,33.61,7.35,0.67
1,8,0.6,1.2,2.1,19,33.61,9.15,0.79
1,8,0.6,1.5,0.0,3,32.39,-5.66,-0.28
1,8,0.6,1.5,0.0,7,31.94,0.43,0.16
1,8,0.6,1.5,0.0,11,31.67,1.01,0.21
1,8,0.6,1.5,0.0,15,31.44,-0.35,0.11
1,8,0.6,1.5,0.0,19,31.5,3.26,0.36
1,8,0.6,1.5,0.3,3,33.89,-3.27,-0.11
1,8,0.6,1.5,0.3,7,33.67,3.96,0.42
1,8,0.6,1.5,0.3,11,33.28,8.69,0.74
1,8,0.6,1.5,0.3,15,32.78,6.52,0.6
1,8,0.6,1.5,0.3,19,33.0,9.59,0.81
1,8,0.6,1.5,0.6,3,33.89,-3.27,-0.11
1,8,0.6,1.5,0.6,7,33.67,3.96,0.42
1,8,0.6,1.5,0.6,11,33.28,8.69,0.74
1,8,0.6,1.5,0.6,15,32.78,6.52,0.6
1,8,0.6,1.5,0.6,19,33.0,9.59,0.81
1,8,0.6,1.5,0.9,3,33.89,-3.27,-0.11
1,8,0.6,1.5,0.9,7,33.67,3.96,0.42
1,8,0.6,1.5,0.9,11,33.28,8.69,0.74
1,8,0.6,1.5,0.9,15,32.78,6.52,0.6
1,8,0.6,1.5,0.9,19,33.0,9.59,0.81
1,8,0.6,1.5,1.2,3,33.89,-3.27,-0.11
1,8,0.6,1.5,1.2,7,33.67,3.96,0.42
1,8,0.6,1.5,1.2,11,33.28,8.69,0.74
1,8,0.6,1.5,1.2,15,32.78,6.52,0.6
1,8,0.6,1.5,1.2,19,33.0,9.59,0.81
1,8,0.6,1.5,1.5,3,33.89,-3.27,-0.11
1,8,0.6,1.5,1.5,7,33.67,3.96,0.42
1,8,0.6,1.5,1.5,11,33.28,8.69,0.74
1,8,0.6,1.5,1.5,15,32.78,6.52,0.6
1,8,0.6,1.5,1.5,19,33.0,9.59,0.81
1,8,0.6,1.5,1.8,3,33.89,-3.27,-0.11
1,8,0.6,1.5,1.8,7,33.67,3.96,0.42
1,8,0.6,1.5,1.8,11,33.28,8.69,0.74
1,8,0.6,1.5,1.8,15,32.78,6.52,0.6
1,8,0.6,1.5,1.8,19,33.0,9.59,0.81
1,8,0.6,1.5,2.1,3,33.89,-3.27,-0.11
1,8,0.6,1.5,2.1,7,33.67,3.96,0.42
1,8,0.6,1.5,2.1,11,33.28,8.69,0.74
1,8,0.6,1.5,2.1,15,32.78,6.52,0.6
1,8,0.6,1.5,2.1,19,33.0,9.59,0.81
1,8,0.6,1.8,0.0,3,31.61,0.48,0.17
1,8,0.6,1.8,0.0,7,31.22,3.79,0.39
1,8,0.6,1.8,0.0,11,30.89,0.36,0.16
1,8,0.6,1.8,0.0,15,30.72,2.35,0.3
1,8,0.6,1.8,0.0,19,30.67,1.7,0.25
1,8,0.6,1.8,0.3,3,33.61,6.04,0.55
1,8,0.6,1.8,0.3,7,33.39,8.65,0.73
1,8,0.6,1.8,0.3,11,32.89,5.76,0.54
1,8,0.6,1.8,0.3,15,32.5,8.33,0.71
1,8,0.6,1.8,0.3,19,32.56,9.16,0.76
1,8,0.6,1.8,0.6,3,33.61,6.04,0.55
1,8,0.6,1.8,0.6,7,33.39,8.65,0.73
1,8,0.6,1.8,0.6,11,32.89,5.76,0.54
1,8,0.6,1.8,0.6,15,32.5,8.33,0.71
1,8,0.6,1.8,0.6,19,32.56,9.16,0.76
1,8,0.6,1.8,0.9,3,33.61,6.04,0.55
1,8,0.6,1.8,0.9,7,33.39,8.65,0.73
1,8,0.6,1.8,0.9,11,32.89,5.76,0.54
1,8,0.6,1.8,0.9,15,32.5,8.33,0.71
1,8,0.6,1.8,0.9,19,32.56,9.16,0.76
1,8,0.6,1.8,1.2,3,33.61,6.04,0.55
1,8,0.6,1.8,1.2,7,33.39,8.65,0.73
1,8,0.6,1.8,1.2,11,32.89,5.76,0.54
1,8,0.6,1.8,1.2,15,32.5,8.33,0.71
1,8,0.6,1.8,1.2,19,32.56,9.16,0.76
1,8,0.6,1.8,1.5,3,33.61,6.04,0.55
1,8,0.6,1.8,1.5,7,33.39,8.65,0.73
1,8,0.6,1.8,1.5,11,32.89,5.76,0.54
1,8,0.6,1.8,1.5,15,32.5,8.33,0.71
1,8,0.6,1.8,1.5,19,32.56,9.16,0.76
1,8,0.6,1.8,1.8,3,33.61,6.04,0.55
1,8,0.6,1.8,1.8,7,33.39,8.65,0.73
1,8,0.6,1.8,1.8,11,32.89,5.76,0.54
1,8,0.6,1.8,1.8,15,32.5,8.33,0.71
1,8,0.6,1.8,1.8,19,32.56,9.16,0.76
1,8,0.6,1.8,2.1,3,33.61,6.04,0.55
1,8,0.6,1.8,2.1,7,33.39,8.65,0.73
1,8,0.6,1.8,2.1,11,32.89,5.76,0.54
1,8,0.6,1.8,2.1,15,32.5,8.33,0.71
1,8,0.6,1.8,2.1,19,32.56,9.16,0.76
1,8,0.6,2.1,0.0,3,31.0,3.63,0.38
1,8,0.6,2.1,0.0,7,30.46,2.44,0.3
1,8,0.6,2.1,0.0,11,30.35,0.97,0.21
1,8,0.6,2.1,0.0,15,30.07,-3.75,-0.11
1,8,0.6,2.1,0.0,19,30.07,-0.67,0.1
1,8,0.6,2.1,0.3,3,33.44,6.18,0.56
1,8,0.6,2.1,0.3,7,33.07,7.02,0.61
1,8,0.6,2.1,0.3,11,32.63,4.93,0.48
1,8,0.6,2.1,0.3,15,32.07,0.63,0.18
1,8,0.6,2.1,0.3,19,32.18,1.5,0.24
1,8,0.6,2.1,0.6,3,33.44,6.18,0.56
1,8,0.6,2.1,0.6,7,33.07,7.02,0.61
1,8,0.6,2.1,0.6,11,32.63,4.93,0.48
1,8,0.6,2.1,0.6,15,32.07,0.63,0.18
1,8,0.6,2.1,0.6,19,32.18,1.5,0.24
1,8,0.6,2.1,0.9,3,33.44,6.18,0.56
1,8,0.6,2.1,0.9,7,33.07,7.02,0.61
1,8,0.6,2.1,0.9,11,32.63,4.93,0.48
1,8,0.6,2.1,0.9,15,32.07,0.63,0.18
1,8,0.6,2.1,0.9,19,32.18,1.5,0.24
1,8,0.6,2.1,1.2,3,33.44,6.18,0.56
1,8,0.6,2.1,1.2,7,33.07,7.02,0.61
1,8,0.6,2.1,1.2,11,32.63,4.93,0.48
1,8,0.6,2.1,1.2,15,32.07,0.63,0.18
1,8,0.6,2.1,1.2,19,32.18,1.5,0.24
1,8,0.6,2.1,1.5,3,33.44,6.18,0.56
1,8,0.6,2.1,1.5,7,33.07,7.02,0.61
1,8,0.6,2.1,1.5,11,32.63,4.93,0.48
1,8,0.6,2.1,1.5,15,32.07,0.63,0.18
1,8,0.6,2.1,1.5,19,32.18,1.5,0.24
1,8,0.6,2.1,1.8,3,33.44,6.18,0.56
1,8,0.6,2.1,1.8,7,33.07,7.02,0.61
1,8,0.6,2.1,1.8,11,32.63,4.93,0.48
1,8,0.6,2.1,1.8,15,32.07,0.63,0.18
1,8,0.6,2.1,1.8,19,32.18,1.5,0.24
1,8,0.6,2.1,2.1,3,33.44,6.18,0.56
1,8,0.6,2.1,2.1,7,33.07,7.02,0.61
1,8,0.6,2.1,2.1,11,32.63,4.93,0.48
1,8,0.6,2.1,2.1,15,32.07,0.63,0.18
1,8,0.6,2.1,2.1,19,32.18,1.5,0.24
1,8,0.9,0.0,0.0,3,58.61,-7.87,-0.7
1,8,0.9,0.0,0.0,7,58.5,-8.77,-0.8
1,8,0.9,0.0,0.0,11,58.28,-8.2,-0.74
1,8,0.9,0.0,0.0,15,58.28,-7.74,-0.69
1,8,0.9,0.0,0.0,19,58.28,-6.41,-0.55
1,8,0.9,0.0,0.3,3,58.61,-7.87,-0.7
1,8,0.9,0.0,0.3,7,58.5,-8.77,-0.8
1,8,0.9,0.0,0.3,11,58.28,-8.2,-0.74
1,8,0.9,0.0,0.3,15,58.28,-7.74,-0.69
1,8,0.9,0.0,0.3,19,58.28,-6.41,-0.55
1,8,0.9,0.0,0.6,3,58.61,-7.87,-0.7
1,8,0.9,0.0,0.6,7,58.5,-8.77,-0.8
1,8,0.9,0.0,0.6,11,58.28,-8.2,-0.74
1,8,0.9,0.0,0.6,15,58.28,-7.74,-0.69
1,8,0.9,0.0,0.6,19,58.28,-6.41,-0.55
1,8,0.9,0.0,0.9,3,58.61,-7.87,-0.7
1,8,0.9,0.0,0.9,7,58.5,-8.77,-0.8
1,8,0.9,0.0,0.9,11,58.28,-8.2,-0.74
1,8,0.9,0.0,0.9,15,58.28,-7.74,-0.69
1,8,0.9,0.0,0.9,19,58.28,-6.41,-0.55
1,8,0.9,0.0,1.2,3,58.61,-7.87,-0.7
1,8,0.9,0.0,1.2,7,58.5,-8.77,-0.8
1,8,0.9,0.0,1.2,11,58.28,-8.2,-0.74
1,8,0.9,0.0,1.2,15,58.28,-7.74,-0.69
1,8,0.9,0.0,1.2,19,58.28,-6.41,-0.55
1,8,0.9,0.0,1.5,3,58.61,-7.87,-0.7
1,8,0.9,0.0,1.5,7,58.5,-8.77,-0.8
1,8,0.9,0.0,1.5,11,58.28,-8.2,-0.74
1,8,0.9,0.0,1.5,15,58.28,-7.74,-0.69
1,8,0.9,0.0,1.5,19,58.28,-6.41,-0.55
1,8,0.9,0.0,1.8,3,58.61,-7.87,-0.7
1,8,0.9,0.0,1.8,7,58.5,-8.77,-0.8
1,8,0.9,0.0,1.8,11,58.28,-8.2,-0.74
1,8,0.9,0.0,1.8,15,58.28,-7.74,-0.69
1,8,0.9,0.0,1.8,19,58.28,-6.41,-0.55
1,8,0.9,0.0,2.1,3,58.61,-7.87,-0.7
1,8,0.9,0.0,2.1,7,58.5,-8.77,-0.8
1,8,0.9,0.0,2.1,11,58.28,-8.2,-0.74
1,8,0.9,0.0,2.1,15,58.28,-7.74,-0.69
1,8,0.9,0.0,2.1,19,58.28,-6.41,-0.55
1,8,0.9,0.3,0.0,3,49.5,-3.59,-0.22
1,8,0.9,0.3,0.0,7,48.83,-7.41,-0.58
1,8,0.9,0.3,0.0,11,48.33,-8.44,-0.69
1,8,0.9,0.3,0.0,15,48.22,-7.53,-0.6
1,8,0.9,0.3,0.0,19,48.17,-5.05,-0.36
1,8,0.9,0.3,0.3,3,49.5,-3.16,-0.18
1,8,0.9,0.3,0.3,7,48.83,-6.69,-0.51
1,8,0.9,0.3,0.3,11,48.33,-7.73,-0.62
1,8,0.9,0.3,0.3,15,48.22,-6.72,-0.53
1,8,0.9,0.3,0.3,19,48.17,-4.21,-0.28
1,8,0.9,0.3,0.6,3,49.5,-3.16,-0.18
1,8,0.9,0.3,0.6,7,48.83,-6.69,-0.51
1,8,0.9,0.3,0.6,11,48.33,-7.73,-0.62
1,8,0.9,0.3,0.6,15,48.22,-6.72,-0.53
1,8,0.9,0.3,0.6,19,48.17,-4.21,-0.28
1,8,0.9,0.3,0.9,3,49.5,-3.16,-0.18
1,8,0.9,0.3,0.9,7,48.83,-6.69,-0.51
1,8,0.9,0.3,0.9,11,48.33,-7.73,-0.62
1,8,0.9,0.3,0.9,15,48.22,-6.72,-0.53
1,8,0.9,0.3,0.9,19,48.17,-4.21,-0.28
1,8,0.9,0.3,1.2,3,49.5,-3.16,-0.18
1,8,0.9,0.3,1.2,7,48.83,-6.69,-0.51
1,8,0.9,0.3,1.2,11,48.33,-7.73,-0.62
1,8,0.9,0.3,1.2,15,48.22,-6.72,-0.53
1,8,0.9,0.3,1.2,19,48.17,-4.21,-0.28
1,8,0.9,0.3,1.5,3,49.5,-3.16,-0.18
1,8,0.9,0.3,1.5,7,48.83,-6.69,-0.51
1,8,0.9,0.3,1.5,11,48.33,-7.73,-0.62
1,8,0.9,0.3,1.5,15,48.22,-6.72,-0.53
1,8,0.9,0.3,1.5,19,48.17,-4.21,-0.28
1,8,0.9,0.3,1.8,3,49.5,-3.16,-0.18
1,8,0.9,0.3,1.8,7,48.83,-6.69,-0.51
1,8,0.9,0.3,1.8,11,48.33,-7.73,-0.62
1,8,0.9,0.3,1.8,15,48.22,-6.72,-0.53
1,8,0.9,0.3,1.8,19,48.17,-4.21,-0.28
1,8,0.9,0.3,2.1,3,49.5,-3.16,-0.18
1,8,0.9,0.3,2.1,7,48.83,-6.69,-0.51
1,8,0.9,0.3,2.1,11,48.33,-7.73,-0.62
1,8,0.9,0.3,2.1,15,48.22,-6.72,-0.53
1,8,0.9,0.3,2.1,19,48.17,-4.21,-0.28
1,8,0.9,0.6,0.0,3,41.56,-3.05,-0.14
1,8,0.9,0.6,0.0,7,41.06,-0.56,0.07
1,8,0.9,0.6,0.0,11,40.83,-1.77,-0.03
1,8,0.9,0.6,0.0,15,40.39,-3.91,-0.22
1,8,0.9,0.6,0.0,19,40.33,-3.59,-0.19
1,8,0.9,0.6,0.3,3,41.56,-2.62,-0.1
1,8,0.9,0.6,0.3,7,41.06,0.21,0.13
1,8,0.9,0.6,0.3,11,40.83,-1.1,0.02
1,8,0.9,0.6,0.3,15,40.39,-3.16,-0.15
1,8,0.9,0.6,0.3,19,40.33,-2.83,-0.12
1,8,0.9,0.6,0.6,3,41.56,-2.62,-0.1
1,8,0.9,0.6,0.6,7,41.06,0.21,0.13
1,8,0.9,0.6,0.6,11,40.83,-1.1,0.02
1,8,0.9,0.6,0.6,15,40.39,-3.16,-0.15
1,8,0.9,0.6,0.6,19,40.33,-2.83,-0.12
1,8,0.9,0.6,0.9,3,41.56,-2.62,-0.1
1,8,0.9,0.6,0.9,7,41.06,0.21,0.13
1,8,0.9,0.6,0.9,11,40.83,-1.1,0.02
1,8,0.9,0.6,0.9,15,40.39,-3.16,-0.15
1,8,0.9,0.6,0.9,19,40.33,-2.83,-0.12
1,8,0.9,0.6,1.2,3,41.56,-2.62,-0.1
1,8,0.9,0.6,1.2,7,41.06,0.21,0.13
1,8,0.9,0.6,1.2,11,40.83,-1.1,0.02
1,8,0.9,0.6,1.2,15,40.39,-3.16,-0.15
1,8,0.9,0.6,1.2,19,40.33,-2.83,-0.12
1,8,0.9,0.6,1.5,3,41.56,-2.62,-0.1
1,8,0.9,0.6,1.5,7,41.06,0.21,0.13
1,8,0.9,0.6,1.5,11,40.83,-1.1,0.02
1,8,0.9,0.6,1.5,15,40.39,-3.16,-0.15
1,8,0.9,0.6,1.5,19,40.33,-2.83,-0.12
1,8,0.9,0.6,1.8,3,41.56,-2.62,-0.1
1,8,0.9,0.6,1.8,7,41.06,0.21,0.13
1,8,0.9,0.6,1.8,11,40.83,-1.1,0.02
1,8,0.9,0.6,1.8,15,40.39,-3.16,-0.15
1,8,0.9,0.6,1.8,19,40.33,-2.83,-0.12
1,8,0.9,0.6,2.1,3,41.56,-2.62,-0.1
1,8,0.9,0.6,2.1,7,41.06,0.21,0.13
1,8,0.9,0.6,2.1,11,40.83,-1.1,0.02
1,8,0.9,0.6,2.1,15,40.39,-3.16,-0.15
1,8,0.9,0.6,2.1,19,40.33,-2.83,-0.12
1,8,0.9,0.9,0.0,3,37.06,5.38,0.52
1,8,0.9,0.9,0.0,7,36.56,4.65,0.47
1,8,0.9,0.9,0.0,11,36.33,7.44,0.68
1,8,0.9,0.9,0.0,15,35.89,6.78,0.63
1,8,0.9,0.9,0.0,19,35.61,5.22,0.51
1,8,0.9,0.9,0.3,3,37.06,5.96,0.56
1,8,0.9,0.9,0.3,7,36.56,5.66,0.55
1,8,0.9,0.9,0.3,11,36.33,8.24,0.73
1,8,0.9,0.9,0.3,15,35.89,7.66,0.69
1,8,0.9,0.9,0.3,19,35.61,6.08,0.58
1,8,0.9,0.9,0.6,3,37.06,5.96,0.56
1,8,0.9,0.9,0.6,7,36.56,5.66,0.55
1,8,0.9,0.9,0.6,11,36.33,8.24,0.73
1,8,0.9,0.9,0.6,15,35.89,7.66,0.69
1,8,0.9,0.9,0.6,19,35.61,6.08,0.58
1,8,0.9,0.9,0.9,3,37.06,5.96,0.56
1,8,0.9,0.9,0.9,7,36.56,5.66,0.55
1,8,0.9,0.9,0.9,11,36.33,8.24,0.73
1,8,0.9,0.9,0.9,15,35.89,7.66,0.69
1,8,0.9,0.9,0.9,19,35.61,6.08,0.58
1,8,0.9,0.9,1.2,3,37.06,5.96,0.56
1,8,0.9,0.9,1.2,7,36.56,5.66,0.55
1,8,0.9,0.9,1.2,11,36.33,8.24,0.73
1,8,0.9,0.9,1.2,15,35.89,7.66,0.69
1,8,0.9,0.9,1.2,19,35.61,6.08,0.58
1,8,0.9,0.9,1.5,3,37.06,5.96,0.56
1,8,0.9,0.9,1.5,7,36.56,5.66,0.55
1,8,0.9,0.9,1.5,11,36.33,8.24,0.73
1,8,0.9,0.9,1.5,15,35.89,7.66,0.69
1,8,0.9,0.9,1.5,19,35.61,6.08,0.58
1,8,0.9,0.9,1.8,3,37.06,5.96,0.56
1,8,0.9,0.9,1.8,7,36.56,5.66,0.55
1,8,0.9,0.9,1.8,11,36.33,8.24,0.73
1,8,0.9,0.9,1.8,15,35.89,7.66,0.69
1,8,0.9,0.9,1.8,19,35.61,6.08,0.58
1,8,0.9,0.9,2.1,3,37.06,5.96,0.56
1,8,0.9,0.9,2.1,7,36.56,5.66,0.55
1,8,0.9,0.9,2.1,11,36.33,8.24,0.73
1,8,0.9,0.9,2.1,15,35.89,7.66,0.69
1,8,0.9,0.9,2.1,19,35.61,6.08,0.58
1,8,0.9,1.2,0.0,3,34.06,-6.1,-0.32
1,8,0.9,1.2,0.0,7,33.83,-5.29,-0.27
1,8,0.9,1.2,0.0,11,33.5,0.31,0.15
1,8,0.9,1.2,0.0,15,33.44,1.93,0.27
1,8,0.9,1.2,0.0,19,33.28,3.5,0.38
1,8,0.9,1.2,0.3,3,34.06,-5.37,-0.27
1,8,0.9,1.2,0.3,7,33.94,-3.72,-0.15
1,8,0.9,1.2,0.3,11,33.94,4.0,0.42
1,8,0.9,1.2,0.3,15,33.83,5.08,0.49
1,8,0.9,1.2,0.3,19,33.5,5.52,0.52
1,8,0.9,1.2,0.6,3,34.06,-5.37,-0.27
1,8,0.9,1.2,0.6,7,33.94,-3.72,-0.15
1,8,0.9,1.2,0.6,11,33.94,4.0,0.42
1,8,0.9,1.2,0.6,15,33.83,5.08,0.49
1,8,0.9,1.2,0.6,19,33.5,5.52,0.52
1,8,0.9,1.2,0.9,3,34.06,-5.37,-0.27
1,8,0.9,1.2,0.9,7,33.94,-3.72,-0.15
1,8,0.9,1.2,0.9,11,33.94,4.0,0.42
1,8,0.9,1.2,0.9,15,33.83,5.08,0.49
1,8,0.9,1.2,0.9,19,33.5,5.52,0.52
1,8,0.9,1.2,1.2,3,34.06,-5.37,-0.27
1,8,0.9,1.2,1.2,7,33.94,-3.72,-0.15
1,8,0.9,1.2,1.2,11,33.94,4.0,0.42
1,8,0.9,1.2,1.2,15,33.83,5.08,0.49
1,8,0.9,1.2,1.2,19,33.5,5.52,0.52
1,8,0.9,1.2,1.5,3,34.06,-5.37,-0.27
1,8,0.9,1.2,1.5,7,33.94,-3.72,-0.15
1,8,0.9,1.2,1.5,11,33.94,4.0,0.42
1,8,0.9,1.2,1.5,15,33.83,5.08,0.49
1,8,0.9,1.2,1.5,19,33.5,5.52,0.52
1,8,0.9,1.2,1.8,3,34.06,-5.37,-0.27
1,8,0.9,1.2,1.8,7,33.94,-3.72,-0.15
1,8,0.9,1.2,1.8,11,33.94,4.0,0.42
1,8,0.9,1.2,1.8,15,33.83,5.08,0.49
1,8,0.9,1.2,1.8,19,33.5,5.52,0.52
1,8,0.9,1.2,2.1,3,34.06,-5.37,-0.27
1,8,0.9,1.2,2.1,7,33.94,-3.72,-0.15
1,8,0.9,1.2,2.1,11,33.94,4.0,0.42
1,8,0.9,1.2,2.1,15,33.83,5.08,0.49
1,8,0.9,1.2,2.1,19,33.5,5.52,0.52
1,8,0.9,1.5,0.0,3,32.72,-8.34,-0.47
1,8,0.9,1.5,0.0,7,32.33,-5.96,-0.29
1,8,0.9,1.5,0.0,11,32.11,-2.22,-0.02
1,8,0.9,1.5,0.0,15,32.06,-0.9,0.07
1,8,0.9,1.5,0.0,19,32.06,2.15,0.28
1,8,0.9,1.5,0.3,3,33.11,-6.36,-0.33
1,8,0.9,1.5,0.3,7,32.67,-4.72,-0.2
1,8,0.9,1.5,0.3,11,32.78,3.02,0.34
1,8,0.9,1.5,0.3,15,32.72,4.32,0.43
1,8,0.9,1.5,0.3,19,32.67,6.71,0.59
1,8,0.9,1.5,0.6,3,33.11,-6.36,-0.33
1,8,0.9,1.5,0.6,7,32.67,-4.72,-0.2
1,8,0.9,1.5,0.6,11,32.78,3.02,0.34
1,8,0.9,1.5,0.6,15,32.72,4.32,0.43
1,8,0.9,1.5,0.6,19,32.67,6.71,0.59
1,8,0.9,1.5,0.9,3,33.11,-6.36,-0.33
1,8,0.9,1.5,0.9,7,32.67,-4.72,-0.2
1,8,0.9,1.5,0.9,11,32.78,3.02,0.34
1,8,0.9,1.5,0.9,15,32.72,4.32,0.43
1,8,0.9,1.5,0.9,19,32.67,6.71,0.59
1,8,0.9,1.5,1.2,3,33.11,-6.36,-0.33
1,8,0.9,1.5,1.2,7,32.67,-4.72,-0.2
1,8,0.9,1.5,1.2,11,32.78,3.02,0.34
1,8,0.9,1.5,1.2,15,32.72,4.32,0.43
1,8,0.9,1.5,1.2,19,32.67,6.71,0.59
1,8,0.9,1.5,1.5,3,33.11,-6.36,-0.33
1,8,0.9,1.5,1.5,7,32.67,-4.72,-0.2
1,8,0.9,1.5,1.5,11,32.78,3.02,0.34
1,8,0.9,1.5,1.5,15,32.72,4.32,0.43
1,8,0.9,1.5,1.5,19,32.67,6.71,0.59
1,8,0.9,1.5,1.8,3,33.11,-6.36,-0.33
1,8,0.9,1.5,1.8,7,32.67,-4.72,-0.2
1,8,0.9,1.5,1.8,11,32.78,3.02,0.34
1,8,0.9,1.5,1.8,15,32.72,4.32,0.43
1,8,0.9,1.5,1.8,19,32.67,6.71,0.59
1,8,0.9,1.5,2.1,3,33.11,-6.36,-0.33
1,8,0.9,1.5,2.1,7,32.67,-4.72,-0.2
1,8,0.9,1.5,2.1,11,32.78,3.02,0.34
1,8,0.9,1.5,2.1,15,32.72,4.32,0.43
1,8,0.9,1.5,2.1,19,32.67,6.71,0.59
1,8,0.9,1.8,0.0,3,31.94,-2.45,-0.03
1,8,0.9,1.8,0.0,7,31.61,-2.33,-0.02
1,8,0.9,1.8,0.0,11,31.33,-2.84,-0.05
1,8,0.9,1.8,0.0,15,31.33,1.87,0.27
1,8,0.9,1.8,0.0,19,31.28,0.95,0.2
1,8,0.9,1.8,0.3,3,32.61,1.06,0.21
1,8,0.9,1.8,0.3,7,32.28,1.1,0.21
1,8,0.9,1.8,0.3,11,32.28,4.03,0.41
1,8,0.9,1.8,0.3,15,32.28,9.07,0.73
1,8,0.9,1.8,0.3,19,32.06,6.95,0.6
1,8,0.9,1.8,0.6,3,32.61,1.06,0.21
1,8,0.9,1.8,0.6,7,32.28,1.1,0.21
1,8,0.9,1.8,0.6,11,32.28,4.03,0.41
1,8,0.9,1.8,0.6,15,32.28,9.07,0.73
1,8,0.9,1.8,0.6,19,32.06,6.95,0.6
1,8,0.9,1.8,0.9,3,32.61,1.06,0.21
1,8,0.9,1.8,0.9,7,32.28,1.1,0.21
1,8,0.9,1.8,0.9,11,32.28,4.03,0.41
1,8,0.9,1.8,0.9,15,32.28,9.07,0.73
1,8,0.9,1.8,0.9,19,32.06,6.95,0.6
1,8,0.9,1.8,1.2,3,32.61,1.06,0.21
1,8,0.9,1.8,1.2,7,32.28,1.1,0.21
1,8,0.9,1.8,1.2,11,32.28,4.03,0.41
1,8,0.9,1.8,1.2,15,32.28,9.07,0.73
1,8,0.9,1.8,1.2,19,32.06,6.95,0.6
1,8,0.9,1.8,1.5,3,32.61,1.06,0.21
1,8,0.9,1.8,1.5,7,32.28,1.1,0.21
1,8,0.9,1.8,1.5,11,32.28,4.03,0.41
1,8,0.9,1.8,1.5,15,32.28,9.07,0.73
1,8,0.9,1.8,1.5,19,32.06,6.95,0.6
1,8,0.9,1.8,1.8,3,32.61,1.06,0.21
1,8,0.9,1.8,1.8,7,32.28,1.1,0.21
1,8,0.9,1.8,1.8,11,32.28,4.03,0.41
1,8,0.9,1.8,1.8,15,32.28,9.07,0.73
1,8,0.9,1.8,1.8,19,32.06,6.95,0.6
1,8,0.9,1.8,2.1,3,32.61,1.06,0.21
1,8,0.9,1.8,2.1,7,32.28,1.1,0.21
1,8,0.9,1.8,2.1,11,32.28,4.03,0.41
1,8,0.9,1.8,2.1,15,32.28,9.07,0.73
1,8,0.9,1.8,2.1,19,32.06,6.95,0.6
1,8,0.9,2.1,0.0,3,31.33,0.43,0.17
1,8,0.9,2.1,0.0,7,30.85,-3.81,-0.11
1,8,0.9,2.1,0.0,11,30.79,-2.62,-0.03
1,8,0.9,2.1,0.0,15,30.68,-4.2,-0.14
1,8,0.9,2.1,0.0,19,30.57,-2.23,-0.01
1,8,0.9,2.1,0.3,3,32.28,4.26,0.42
1,8,0.9,2.1,0.3,7,31.8,1.82,0.26
1,8,0.9,2.1,0.3,11,31.85,3.54,0.38
1,8,0.9,2.1,0.3,15,31.8,2.67,0.32
1,8,0.9,2.1,0.3,19,31.52,1.42,0.24
1,8,0.9,2.1,0.6,3,32.28,4.26,0.42
1,8,0.9,2.1,0.6,7,31.8,1.82,0.26
1,8,0.9,2.1,0.6,11,31.85,3.54,0.38
1,8,0.9,2.1,0.6,15,31.8,2.67,0.32
1,8,0.9,2.1,0.6,19,31.52,1.42,0.24
1,8,0.9,2.1,0.9,3,32.28,4.26,0.42
1,8,0.9,2.1,0.9,7,31.8,1.82,0.26
1,8,0.9,2.1,0.9,11,31.85,3.54,0.38
1,8,0.9,2.1,0.9,15,31.8,2.67,0.32
1,8,0.9,2.1,0.9,19,31.52,1.42,0.24
1,8,0.9,2.1,1.2,3,32.28,4.26,0.42
1,8,0.9,2.1,1.2,7,31.8,1.82,0.26
1,8,0.9,2.1,1.2,11,31.85,3.54,0.38
1,8,0.9,2.1,1.2,15,31.8,2.67,0.32
1,8,0.9,2.1,1.2,19,31.52,1.42,0.24
1,8,0.9,2.1,1.5,3,32.28,4.26,0.42
1,8,0.9,2.1,1.5,7,31.8,1.82,0.26
1,8,0.9,2.1,1.5,11,31.85,3.54,0.38
1,8,0.9,2.1,1.5,15,31.8,2.67,0.32
1,8,0.9,2.1,1.5,19,31.52,1.42,0.24
1,8,0.9,2.1,1.8,3,32.28,4.26,0.42
1,8,0.9,2.1,1.8,7,31.8,1.82,0.26
1,8,0.9,2.1,1.8,11,31.85,3.54,0.38
1,8,0.9,2.1,1.8,15,31.8,2.67,0.32
1,8,0.9,2.1,1.8,19,31.52,1.42,0.24
1,8,0.9,2.1,2.1,3,32.28,4.26,0.42
1,8,0.9,2.1,2.1,7,31.8,1.82,0.26
1,8,0.9,2.1,2.1,11,31.85,3.54,0.38
1,8,0.9,2.1,2.1,15,31.8,2.67,0.32
1,8,0.9,2.1,2.1,19,31.52,1.42,0.24
1,8,1.2,0.0,0.0,3,58.61,-8.11,-0.72
1,8,1.2,0.0,0.0,7,58.61,-7.98,-0.71
1,8,1.2,0.0,0.0,11,58.61,-7.71,-0.68
1,8,1.2,0.0,0.0,15,58.61,-7.91,-0.7
1,8,1.2,0.0,0.0,19,58.61,-6.27,-0.53
1,8,1.2,0.0,0.3,3,58.61,-8.11,-0.72
1,8,1.2,0.0,0.3,7,58.61,-7.98,-0.71
1,8,1.2,0.0,0.3,11,58.61,-7.71,-0.68
1,8,1.2,0.0,0.3,15,58.61,-7.91,-0.7
1,8,1.2,0.0,0.3,19,58.61,-6.27,-0.53
1,8,1.2,0.0,0.6,3,58.61,-8.11,-0.72
1,8,1.2,0.0,0.6,7,58.61,-7.98,-0.71
1,8,1.2,0.0,0.6,11,58.61,-7.71,-0.68
1,8,1.2,0.0,0.6,15,58.61,-7.91,-0.7
1,8,1.2,0.0,0.6,19,58.61,-6.27,-0.53
1,8,1.2,0.0,0.9,3,58.61,-8.11,-0.72
1,8,1.2,0.0,0.9,7,58.61,-7.98,-0.71
1,8,1.2,0.0,0.9,11,58.61,-7.71,-0.68
1,8,1.2,0.0,0.9,15,58.61,-7.91,-0.7
1,8,1.2,0.0,0.9,19,58.61,-6.27,-0.53
1,8,1.2,0.0,1.2,3,58.61,-8.11,-0.72
1,8,1.2,0.0,1.2,7,58.61,-7.98,-0.71
1,8,1.2,0.0,1.2,11,58.61,-7.71,-0.68
1,8,1.2,0.0,1.2,15,58.61,-7.91,-0.7
1,8,1.2,0.0,1.2,19,58.61,-6.27,-0.53
1,8,1.2,0.0,1.5,3,58.61,-8.11,-0.72
1,8,1.2,0.0,1.5,7,58.61,-7.98,-0.71
1,8,1.2,0.0,1.5,11,58.61,-7.71,-0.68
1,8,1.2,0.0,1.5,15,58.61,-7.91,-0.7
1,8,1.2,0.0,1.5,19,58.61,-6.27,-0.53
1,8,1.2,0.0,1.8,3,58.61,-8.11,-0.72
1,8,1.2,0.0,1.8,7,58.61,-7.98,-0.71
1,8,1.2,0.0,1.8,11,58.61,-7.71,-0.68
1,8,1.2,0.0,1.8,15,58.61,-7.91,-0.7
1,8,1.2,0.0,1.8,19,58.61,-6.27,-0.53
1,8,1.2,0.0,2.1,3,58.61,-8.11,-0.72
1,8,1.2,0.0,2.1,7,58.61,-7.98,-0.71
1,8,1.2,0.0,2.1,11,58.61,-7.71,-0.68
1,8,1.2,0.0,2.1,15,58.61,-7.91,-0.7
1,8,1.2,0.0,2.1,19,58.61,-6.27,-0.53
1,8,1.2,0.3,0.0,3,49.5,-3.84,-0.24
1,8,1.2,0.3,0.0,7,48.94,-6.61,-0.5
1,8,1.2,0.3,0.0,11,48.56,-8.36,-0.68
1,8,1.2,0.3,0.0,15,48.44,-8.11,-0.65
1,8,1.2,0.3,0.0,19,48.39,-5.32,-0.38
1,8,1.2,0.3,0.3,3,49.5,-3.84,-0.24
1,8,1.2,0.3,0.3,7,48.94,-6.61,-0.5
1,8,1.2,0.3,0.3,11,48.56,-8.36,-0.68
1,8,1.2,0.3,0.3,15,48.44,-8.11,-0.65
1,8,1.2,0.3,0.3,19,48.39,-5.32,-0.38
1,8,1.2,0.3,0.6,3,49.5,-3.84,-0.24
1,8,1.2,0.3,0.6,7,48.94,-6.61,-0.5
1,8,1.2,0.3,0.6,11,48.56,-8.36,-0.68
1,8,1.2,0.3,0.6,15,48.44,-8.11,-0.65
1,8,1.2,0.3,0.6,19,48.39,-5.32,-0.38
1,8,1.2,0.3,0.9,3,49.5,-3.84,-0.24
1,8,1.2,0.3,0.9,7,48.94,-6.61,-0.5
1,8,1.2,0.3,0.9,11,48.56,-8.36,-0.68
1,8,1.2,0.3,0.9,15,48.44,-8.11,-0.65
1,8,1.2,0.3,0.9,19,48.39,-5.32,-0.38
1,8,1.2,0.3,1.2,3,49.5,-3.84,-0.24
1,8,1.2,0.3,1.2,7,48.94,-6.61,-0.5
1,8,1.2,0.3,1.2,11,48.56,-8.36,-0.68
1,8,1.2,0.3,1.2,15,48.44,-8.11,-0.65
1,8,1.2,0.3,1.2,19,48.39,-5.32,-0.38
1,8,1.2,0.3,1.5,3,49.5,-3.84,-0.24
1,8,1.2,0.3,1.5,7,48.94,-6.61,-0.5
1,8,1.2,0.3,1.5,11,48.56,-8.36,-0.68
1,8,1.2,0.3,1.5,15,48.44,-8.11,-0.65
1,8,1.2,0.3,1.5,19,48.39,-5.32,-0.38
1,8,1.2,0.3,1.8,3,49.5,-3.84,-0.24
1,8,1.2,0.3,1.8,7,48.94,-6.61,-0.5
1,8,1.2,0.3,1.8,11,48.56,-8.36,-0.68
1,8,1.2,0.3,1.8,15,48.44,-8.11,-0.65
1,8,1.2,0.3,1.8,19,48.39,-5.32,-0.38
1,8,1.2,0.3,2.1,3,49.5,-3.84,-0.24
1,8,1.2,0.3,2.1,7,48.94,-6.61,-0.5
1,8,1.2,0.3,2.1,11,48.56,-8.36,-0.68
1,8,1.2,0.3,2.1,15,48.44,-8.11,-0.65
1,8,1.2,0.3,2.1,19,48.39,-5.32,-0.38
1,8,1.2,0.6,0.0,3,41.56,-3.31,-0.16
1,8,1.2,0.6,0.0,7,41.17,0.3,0.14
1,8,1.2,0.6,0.0,11,41.06,-1.68,-0.02
1,8,1.2,0.6,0.0,15,40.61,-4.64,-0.27
1,8,1.2,0.6,0.0,19,40.56,-4.0,-0.22
1,8,1.2,0.6,0.3,3,41.56,-3.31,-0.16
1,8,1.2,0.6,0.3,7,41.17,0.3,0.14
1,8,1.2,0.6,0.3,11,41.06,-1.68,-0.02
1,8,1.2,0.6,0.3,15,40.61,-4.51,-0.26
1,8,1.2,0.6,0.3,19,40.56,-3.87,-0.21
1,8,1.2,0.6,0.6,3,41.56,-3.31,-0.16
1,8,1.2,0.6,0.6,7,41.17,0.3,0.14
1,8,1.2,0.6,0.6,11,41.06,-1.68,-0.02
1,8,1.2,0.6,0.6,15,40.61,-4.51,-0.26
1,8,1.2,0.6,0.6,19,40.56,-3.87,-0.21
1,8,1.2,0.6,0.9,3,41.56,-3.31,-0.16
1,8,1.2,0.6,0.9,7,41.17,0.3,0.14
1,8,1.2,0.6,0.9,11,41.06,-1.68,-0.02
1,8,1.2,0.6,0.9,15,40.61,-4.51,-0.26
1,8,1.2,0.6,0.9,19,40.56,-3.87,-0.21
1,8,1.2,0.6,1.2,3,41.56,-3.31,-0.16
1,8,1.2,0.6,1.2,7,41.17,0.3,0.14
1,8,1.2,0.6,1.2,11,41.06,-1.68,-0.02
1,8,1.2,0.6,1.2,15,40.61,-4.51,-0.26
1,8,1.2,0.6,1.2,19,40.56,-3.87,-0.21
1,8,1.2,0.6,1.5,3,41.56,-3.31,-0.16
1,8,1.2,0.6,1.5,7,41.17,0.3,0.14
1,8,1.2,0.6,1.5,11,41.06,-1.68,-0.02
1,8,1.2,0.6,1.5,15,40.61,-4.51,-0.26
1,8,1.2,0.6,1.5,19,40.56,-3.87,-0.21
1,8,1.2,0.6,1.8,3,41.56,-3.31,-0.16
1,8,1.2,0.6,1.8,7,41.17,0.3,0.14
1,8,1.2,0.6,1.8,11,41.06,-1.68,-0.02
1,8,1.2,0.6,1.8,15,40.61,-4.51,-0.26
1,8,1.2,0.6,1.8,19,40.56,-3.87,-0.21
1,8,1.2,0.6,2.1,3,41.56,-3.31,-0.16
1,8,1.2,0.6,2.1,7,41.17,0.3,0.14
1,8,1.2,0.6,2.1,11,41.06,-1.68,-0.02
1,8,1.2,0.6,2.1,15,40.61,-4.51,-0.26
1,8,1.2,0.6,2.1,19,40.56,-3.87,-0.21
1,8,1.2,0.9,0.0,3,37.06,5.1,0.5
1,8,1.2,0.9,0.0,7,36.67,5.78,0.55
1,8,1.2,0.9,0.0,11,36.56,7.72,0.69
1,8,1.2,0.9,0.0,15,36.11,6.07,0.57
1,8,1.2,0.9,0.0,19,35.83,4.87,0.49
1,8,1.2,0.9,0.3,3,37.06,5.1,0.5
1,8,1.2,0.9,0.3,7,36.67,5.78,0.55
1,8,1.2,0.9,0.3,11,36.56,7.72,0.69
1,8,1.2,0.9,0.3,15,36.11,6.21,0.58
1,8,1.2,0.9,0.3,19,35.83,5.01,0.5
1,8,1.2,0.9,0.6,3,37.06,5.1,0.5
1,8,1.2,0.9,0.6,7,36.67,5.78,0.55
1,8,1.2,0.9,0.6,11,36.56,7.72,0.69
1,8,1.2,0.9,0.6,15,36.11,6.21,0.58
1,8,1.2,0.9,0.6,19,35.83,5.01,0.5
1,8,1.2,0.9,0.9,3,37.06,5.1,0.5
1,8,1.2,0.9,0.9,7,36.67,5.78,0.55
1,8,1.2,0.9,0.9,11,36.56,7.72,0.69
1,8,1.2,0.9,0.9,15,36.11,6.21,0.58
1,8,1.2,0.9,0.9,19,35.83,5.01,0.5
1,8,1.2,0.9,1.2,3,37.06,5.1,0.5
1,8,1.2,0.9,1.2,7,36.67,5.78,0.55
1,8,1.2,0.9,1.2,11,36.56,7.72,0.69
1,8,1.2,0.9,1.2,15,36.11,6.21,0.58
1,8,1.2,0.9,1.2,19,35.83,5.01,0.5
1,8,1.2,0.9,1.5,3,37.06,5.1,0.5
1,8,1.2,0.9,1.5,7,36.67,5.78,0.55
1,8,1.2,0.9,1.5,11,36.56,7.72,0.69
1,8,1.2,0.9,1.5,15,36.11,6.21,0.58
1,8,1.2,0.9,1.5,19,35.83,5.01,0.5
1,8,1.2,0.9,1.8,3,37.06,5.1,0.5
1,8,1.2,0.9,1.8,7,36.67,5.78,0.55
1,8,1.2,0.9,1.8,11,36.56,7.72,0.69
1,8,1.2,0.9,1.8,15,36.11,6.21,0.58
1,8,1.2,0.9,1.8,19,35.83,5.01,0.5
1,8,1.2,0.9,2.1,3,37.06,5.1,0.5
1,8,1.2,0.9,2.1,7,36.67,5.78,0.55
1,8,1.2,0.9,2.1,11,36.56,7.72,0.69
1,8,1.2,0.9,2.1,15,36.11,6.21,0.58
1,8,1.2,0.9,2.1,19,35.83,5.01,0.5
1,8,1.2,1.2,0.0,3,34.06,-6.35,-0.34
1,8,1.2,1.2,0.0,7,33.94,-4.17,-0.18
1,8,1.2,1.2,0.0,11,33.72,0.29,0.15
1,8,1.2,1.2,0.0,15,33.67,1.05,0.21
1,8,1.2,1.2,0.0,19,33.5,2.95,0.34
1,8,1.2,1.2,0.3,3,34.0,-6.91,-0.39
1,8,1.2,1.2,0.3,7,33.94,-4.17,-0.18
1,8,1.2,1.2,0.3,11,33.72,0.5,0.17
1,8,1.2,1.2,0.3,15,33.67,1.3,0.22
1,8,1.2,1.2,0.3,19,33.5,3.41,0.37
1,8,1.2,1.2,0.6,3,34.0,-6.91,-0.39
1,8,1.2,1.2,0.6,7,33.94,-4.17,-0.18
1,8,1.2,1.2,0.6,11,33.72,0.5,0.17
1,8,1.2,1.2,0.6,15,33.67,1.3,0.22
1,8,1.2,1.2,0.6,19,33.5,3.41,0.37
1,8,1.2,1.2,0.9,3,34.0,-6.91,-0.39
1,8,1.2,1.2,0.9,7,33.94,-4.17,-0.18
1,8,1.2,1.2,0.9,11,33.72,0.5,0.17
1,8,1.2,1.2,0.9,15,33.67,1.3,0.22
1,8,1.2,1.2,0.9,19,33.5,3.41,0.37
1,8,1.2,1.2,1.2,3,34.0,-6.91,-0.39
1,8,1.2,1.2,1.2,7,33.94,-4.17,-0.18
1,8,1.2,1.2,1.2,11,33.72,0.5,0.17
1,8,1.2,1.2,1.2,15,33.67,1.3,0.22
1,8,1.2,1.2,1.2,19,33.5,3.41,0.37
1,8,1.2,1.2,1.5,3,34.0,-6.91,-0.39
1,8,1.2,1.2,1.5,7,33.94,-4.17,-0.18
1,8,1.2,1.2,1.5,11,33.72,0.5,0.17
1,8,1.2,1.2,1.5,15,33.67,1.3,0.22
1,8,1.2,1.2,1.5,19,33.5,3.41,0.37
1,8,1.2,1.2,1.8,3,34.0,-6.91,-0.39
1,8,1.2,1.2,1.8,7,33.94,-4.17,-0.18
1,8,1.2,1.2,1.8,11,33.72,0.5,0.17
1,8,1.2,1.2,1.8,15,33.67,1.3,0.22
1,8,1.2,1.2,1.8,19,33.5,3.41,0.37
1,8,1.2,1.2,2.1,3,34.0,-6.91,-0.39
1,8,1.2,1.2,2.1,7,33.94,-4.17,-0.18
1,8,1.2,1.2,2.1,11,33.72,0.5,0.17
1,8,1.2,1.2,2.1,15,33.67,1.3,0.22
1,8,1.2,1.2,2.1,19,33.5,3.41,0.37
1,8,1.2,1.5,0.0,3,32.72,-8.58,-0.49
1,8,1.2,1.5,0.0,7,32.44,-4.68,-0.2
1,8,1.2,1.5,0.0,11,32.33,-2.07,-0.01
1,8,1.2,1.5,0.0,15,32.28,-1.58,0.02
1,8,1.2,1.5,0.0,19,32.28,1.79,0.26
1,8,1.2,1.5,0.3,3,32.72,-8.98,-0.52
1,8,1.2,1.5,0.3,7,32.39,-4.57,-0.19
1,8,1.2,1.5,0.3,11,32.39,-1.14,0.06
1,8,1.2,1.5,0.3,15,32.33,-0.82,0.08
1,8,1.2,1.5,0.3,19,32.39,2.74,0.33
1,8,1.2,1.5,0.6,3,32.72,-8.98,-0.52
1,8,1.2,1.5,0.6,7,32.39,-4.57,-0.19
1,8,1.2,1.5,0.6,11,32.39,-1.14,0.06
1,8,1.2,1.5,0.6,15,32.33,-0.82,0.08
1,8,1.2,1.5,0.6,19,32.39,2.74,0.33
1,8,1.2,1.5,0.9,3,32.72,-8.98,-0.52
1,8,1.2,1.5,0.9,7,32.39,-4.57,-0.19
1,8,1.2,1.5,0.9,11,32.39,-1.14,0.06
1,8,1.2,1.5,0.9,15,32.33,-0.82,0.08
1,8,1.2,1.5,0.9,19,32.39,2.74,0.33
1,8,1.2,1.5,1.2,3,32.72,-8.98,-0.52
1,8,1.2,1.5,1.2,7,32.39,-4.57,-0.19
1,8,1.2,1.5,1.2,11,32.39,-1.14,0.06
1,8,1.2,1.5,1.2,15,32.33,-0.82,0.08
1,8,1.2,1.5,1.2,19,32.39,2.74,0.33
1,8,1.2,1.5,1.5,3,32.72,-8.98,-0.52
1,8,1.2,1.5,1.5,7,32.39,-4.57,-0.19
1,8,1.2,1.5,1.5,11,32.39,-1.14,0.06
1,8,1.2,1.5,1.5,15,32.33,-0.82,0.08
1,8,1.2,1.5,1.5,19,32.39,2.74,0.33
1,8,1.2,1.5,1.8,3,32.72,-8.98,-0.52
1,8,1.2,1.5,1.8,7,32.39,-4.57,-0.19
1,8,1.2,1.5,1.8,11,32.39,-1.14,0.06
1,8,1.2,1.5,1.8,15,32.33,-0.82,0.08
1,8,1.2,1.5,1.8,19,32.39,2.74,0.33
1,8,1.2,1.5,2.1,3,32.72,-8.98,-0.52
1,8,1.2,1.5,2.1,7,32.39,-4.57,-0.19
1,8,1.2,1.5,2.1,11,32.39,-1.14,0.06
1,8,1.2,1.5,2.1,15,32.33,-0.82,0.08
1,8,1.2,1.5,2.1,19,32.39,2.74,0.33
1,8,1.2,1.8,0.0,3,31.94,-2.71,-0.05
1,8,1.2,1.8,0.0,7,31.72,-0.62,0.1
1,8,1.2,1.8,0.0,11,31.56,-2.31,-0.02
1,8,1.2,1.8,0.0,15,31.56,1.55,0.24
1,8,1.2,1.8,0.0,19,31.5,0.98,0.21
1,8,1.2,1.8,0.3,3,32.11,-2.32,-0.02
1,8,1.2,1.8,0.3,7,31.83,0.64,0.18
1,8,1.2,1.8,0.3,11,31.78,-1.27,0.05
1,8,1.2,1.8,0.3,15,31.72,2.41,0.3
1,8,1.2,1.8,0.3,19,31.61,2.34,0.3
1,8,1.2,1.8,0.6,3,32.11,-2.32,-0.02
1,8,1.2,1.8,0.6,7,31.83,0.64,0.18
1,8,1.2,1.8,0.6,11,31.78,-1.27,0.05
1,8,1.2,1.8,0.6,15,31.72,2.41,0.3
1,8,1.2,1.8,0.6,19,31.61,2.34,0.3
1,8,1.2,1.8,0.9,3,32.11,-2.32,-0.02
1,8,1.2,1.8,0.9,7,31.83,0.64,0.18
1,8,1.2,1.8,0.9,11,31.78,-1.27,0.05
1,8,1.2,1.8,0.9,15,31.72,2.41,0.3
1,8,1.2,1.8,0.9,19,31.61,2.34,0.3
1,8,1.2,1.8,1.2,3,32.11,-2.32,-0.02
1,8,1.2,1.8,1.2,7,31.83,0.64,0.18
1,8,1.2,1.8,1.2,11,31.78,-1.27,0.05
1,8,1.2,1.8,1.2,15,31.72,2.41,0.3
1,8,1.2,1.8,1.2,19,31.61,2.34,0.3
1,8,1.2,1.8,1.5,3,32.11,-2.32,-0.02
1,8,1.2,1.8,1.5,7,31.83,0.64,0.18
1,8,1.2,1.8,1.5,11,31.78,-1.27,0.05
1,8,1.2,1.8,1.5,15,31.72,2.41,0.3
1,8,1.2,1.8,1.5,19,31.61,2.34,0.3
1,8,1.2,1.8,1.8,3,32.11,-2.32,-0.02
1,8,1.2,1.8,1.8,7,31.83,0.64,0.18
1,8,1.2,1.8,1.8,11,31.78,-1.27,0.05
1,8,1.2,1.8,1.8,15,31.72,2.41,0.3
1,8,1.2,1.8,1.8,19,31.61,2.34,0.3
1,8,1.2,1.8,2.1,3,32.11,-2.32,-0.02
1,8,1.2,1.8,2.1,7,31.83,0.64,0.18
1,8,1.2,1.8,2.1,11,31.78,-1.27,0.05
1,8,1.2,1.8,2.1,15,31.72,2.41,0.3
1,8,1.2,1.8,2.1,19,31.61,2.34,0.3
1,8,1.2,2.1,0.0,3,31.33,0.16,0.15
1,8,1.2,2.1,0.0,7,30.96,-2.04,0.01
1,8,1.2,2.1,0.0,11,31.02,-2.0,0.01
1,8,1.2,2.1,0.0,15,30.91,-4.41,-0.15
1,8,1.2,2.1,0.0,19,30.79,-2.12,0.0
1,8,1.2,2.1,0.3,3,31.67,0.87,0.2
1,8,1.2,2.1,0.3,7,31.24,0.96,0.21
1,8,1.2,2.1,0.3,11,31.24,-1.58,0.04
1,8,1.2,2.1,0.3,15,31.13,-3.17,-0.07
1,8,1.2,2.1,0.3,19,30.96,-1.57,0.04
1,8,1.2,2.1,0.6,3,31.67,0.87,0.2
1,8,1.2,2.1,0.6,7,31.24,0.96,0.21
1,8,1.2,2.1,0.6,11,31.24,-1.58,0.04
1,8,1.2,2.1,0.6,15,31.13,-3.17,-0.07
1,8,1.2,2.1,0.6,19,30.96,-1.57,0.04
1,8,1.2,2.1,0.9,3,31.67,0.87,0.2
1,8,1.2,2.1,0.9,7,31.24,0.96,0.21
1,8,1.2,2.1,0.9,11,31.24,-1.58,0.04
1,8,1.2,2.1,0.9,15,31.13,-3.17,-0.07
1,8,1.2,2.1,0.9,19,30.96,-1.57,0.04
1,8,1.2,2.1,1.2,3,31.67,0.87,0.2
1,8,1.2,2.1,1.2,7,31.24,0.96,0.21
1,8,1.2,2.1,1.2,11,31.24,-1.58,0.04
1,8,1.2,2.1,1.2,15,31.13,-3.17,-0.07
1,8,1.2,2.1,1.2,19,30.96,-1.57,0.04
1,8,1.2,2.1,1.5,3,31.67,0.87,0.2
1,8,1.2,2.1,1.5,7,31.24,0.96,0.21
1,8,1.2,2.1,1.5,11,31.24,-1.58,0.04
1,8,1.2,2.1,1.5,15,31.13,-3.17,-0.07
1,8,1.2,2.1,1.5,19,30.96,-1.57,0.04
1,8,1.2,2.1,1.8,3,31.67,0.87,0.2
1,8,1.2,2.1,1.8,7,31.24,0.96,0.21
1,8,1.2,2.1,1.8,11,31.24,-1.58,0.04
1,8,1.2,2.1,1.8,15,31.13,-3.17,-0.07
1,8,1.2,2.1,1.8,19,30.96,-1.57,0.04
1,8,1.2,2.1,2.1,3,31.67,0.87,0.2
1,8,1.2,2.1,2.1,7,31.24,0.96,0.21
1,8,1.2,2.1,2.1,11,31.24,-1.58,0.04
1,8,1.2,2.1,2.1,15,31.13,-3.17,-0.07
1,8,1.2,2.1,2.1,19,30.96,-1.57,0.04
1,8,1.5,0.0,0.0,3,58.61,-8.11,-0.72
1,8,1.5,0.0,0.0,7,58.61,-8.11,-0.72
1,8,1.5,0.0,0.0,11,58.61,-7.98,-0.71
1,8,1.5,0.0,0.0,15,58.61,-7.96,-0.71
1,8,1.5,0.0,0.0,19,58.61,-6.45,-0.55
1,8,1.5,0.0,0.3,3,58.61,-8.11,-0.72
1,8,1.5,0.0,0.3,7,58.61,-8.11,-0.72
1,8,1.5,0.0,0.3,11,58.61,-7.98,-0.71
1,8,1.5,0.0,0.3,15,58.61,-7.96,-0.71
1,8,1.5,0.0,0.3,19,58.61,-6.45,-0.55
1,8,1.5,0.0,0.6,3,58.61,-8.11,-0.72
1,8,1.5,0.0,0.6,7,58.61,-8.11,-0.72
1,8,1.5,0.0,0.6,11,58.61,-7.98,-0.71
1,8,1.5,0.0,0.6,15,58.61,-7.96,-0.71
1,8,1.5,0.0,0.6,19,58.61,-6.45,-0.55
1,8,1.5,0.0,0.9,3,58.61,-8.11,-0.72
1,8,1.5,0.0,0.9,7,58.61,-8.11,-0.72
1,8,1.5,0.0,0.9,11,58.61,-7.98,-0.71
1,8,1.5,0.0,0.9,15,58.61,-7.96,-0.71
1,8,1.5,0.0,0.9,19,58.61,-6.45,-0.55
1,8,1.5,0.0,1.2,3,58.61,-8.11,-0.72
1,8,1.5,0.0,1.2,7,58.61,-8.11,-0.72
1,8,1.5,0.0,1.2,11,58.61,-7.98,-0.71
1,8,1.5,0.0,1.2,15,58.61,-7.96,-0.71
1,8,1.5,0.0,1.2,19,58.61,-6.45,-0.55
1,8,1.5,0.0,1.5,3,58.61,-8.11,-0.72
1,8,1.5,0.0,1.5,7,58.61,-8.11,-0.72
1,8,1.5,0.0,1.5,11,58.61,-7.98,-0.71
1,8,1.5,0.0,1.5,15,58.61,-7.96,-0.71
1,8,1.5,0.0,1.5,19,58.61,-6.45,-0.55
1,8,1.5,0.0,1.8,3,58.61,-8.11,-0.72
1,8,1.5,0.0,1.8,7,58.61,-8.11,-0.72
1,8,1.5,0.0,1.8,11,58.61,-7.98,-0.71
1,8,1.5,0.0,1.8,15,58.61,-7.96,-0.71
1,8,1.5,0.0,1.8,19,58.61,-6.45,-0.55
1,8,1.5,0.0,2.1,3,58.61,-8.11,-0.72
1,8,1.5,0.0,2.1,7,58.61,-8.11,-0.72
1,8,1.5,0.0,2.1,11,58.61,-7.98,-0.71
1,8,1.5,0.0,2.1,15,58.61,-7.96,-0.71
1,8,1.5,0.0,2.1,19,58.61,-6.45,-0.55
1,8,1.5,0.3,0.0,3,49.5,-3.84,-0.24
1,8,1.5,0.3,0.0,7,48.94,-6.74,-0.52
1,8,1.5,0.3,0.0,11,48.56,-8.63,-0.7
1,8,1.5,0.3,0.0,15,48.44,-8.17,-0.66
1,8,1.5,0.3,0.0,19,48.39,-5.5,-0.4
1,8,1.5,0.3,0.3,3,49.5,-3.84,-0.24
1,8,1.5,0.3,0.3,7,48.94,-6.74,-0.52
1,8,1.5,0.3,0.3,11,48.56,-8.63,-0.7
1,8,1.5,0.3,0.3,15,48.44,-8.17,-0.66
1,8,1.5,0.3,0.3,19,48.39,-5.5,-0.4
1,8,1.5,0.3,0.6,3,49.5,-3.84,-0.24
1,8,1.5,0.3,0.6,7,48.94,-6.74,-0.52
1,8,1.5,0.3,0.6,11,48.56,-8.63,-0.7
1,8,1.5,0.3,0.6,15,48.44,-8.17,-0.66
1,8,1.5,0.3,0.6,19,48.39,-5.5,-0.4
1,8,1.5,0.3,0.9,3,49.5,-3.84,-0.24
1,8,1.5,0.3,0.9,7,48.94,-6.74,-0.52
1,8,1.5,0.3,0.9,11,48.56,-8.63,-0.7
1,8,1.5,0.3,0.9,15,48.44,-8.17,-0.66
1,8,1.5,0.3,0.9,19,48.39,-5.5,-0.4
1,8,1.5,0.3,1.2,3,49.5,-3.84,-0.24
1,8,1.5,0.3,1.2,7,48.94,-6.74,-0.52
1,8,1.5,0.3,1.2,11,48.56,-8.63,-0.7
1,8,1.5,0.3,1.2,15,48.44,-8.17,-0.66
1,8,1.5,0.3,1.2,19,48.39,-5.5,-0.4
1,8,1.5,0.3,1.5,3,49.5,-3.84,-0.24
1,8,1.5,0.3,1.5,7,48.94,-6.74,-0.52
1,8,1.5,0.3,1.5,11,48.56,-8.63,-0.7
1,8,1.5,0.3,1.5,15,48.44,-8.17,-0.66
1,8,1.5,0.3,1.5,19,48.39,-5.5,-0.4
1,8,1.5,0.3,1.8,3,49.5,-3.84,-0.24
1,8,1.5,0.3,1.8,7,48.94,-6.74,-0.52
1,8,1.5,0.3,1.8,11,48.56,-8.63,-0.7
1,8,1.5,0.3,1.8,15,48.44,-8.17,-0.66
1,8,1.5,0.3,1.8,19,48.39,-5.5,-0.4
1,8,1.5,0.3,2.1,3,49.5,-3.84,-0.24
1,8,1.5,0.3,2.1,7,48.94,-6.74,-0.52
1,8,1.5,0.3,2.1,11,48.56,-8.63,-0.7
1,8,1.5,0.3,2.1,15,48.44,-8.17,-0.66
1,8,1.5,0.3,2.1,19,48.39,-5.5,-0.4
1,8,1.5,0.6,0.0,3,41.56,-3.31,-0.16
1,8,1.5,0.6,0.0,7,41.17,0.16,0.13
1,8,1.5,0.6,0.0,11,41.06,-1.97,-0.05
1,8,1.5,0.6,0.0,15,40.61,-4.69,-0.28
1,8,1.5,0.6,0.0,19,40.56,-4.18,-0.23
1,8,1.5,0.6,0.3,3,41.56,-3.31,-0.16
1,8,1.5,0.6,0.3,7,41.17,0.16,0.13
1,8,1.5,0.6,0.3,11,41.06,-1.97,-0.05
1,8,1.5,0.6,0.3,15,40.61,-4.69,-0.28
1,8,1.5,0.6,0.3,19,40.56,-4.18,-0.23
1,8,1.5,0.6,0.6,3,41.56,-3.31,-0.16
1,8,1.5,0.6,0.6,7,41.17,0.16,0.13
1,8,1.5,0.6,0.6,11,41.06,-1.97,-0.05
1,8,1.5,0.6,0.6,15,40.61,-4.69,-0.28
1,8,1.5,0.6,0.6,19,40.56,-4.18,-0.23
1,8,1.5,0.6,0.9,3,41.56,-3.31,-0.16
1,8,1.5,0.6,0.9,7,41.17,0.16,0.13
1,8,1.5,0.6,0.9,11,41.06,-1.97,-0.05
1,8,1.5,0.6,0.9,15,40.61,-4.69,-0.28
1,8,1.5,0.6,0.9,19,40.56,-4.18,-0.23
1,8,1.5,0.6,1.2,3,41.56,-3.31,-0.16
1,8,1.5,0.6,1.2,7,41.17,0.16,0.13
1,8,1.5,0.6,1.2,11,41.06,-1.97,-0.05
1,8,1.5,0.6,1.2,15,40.61,-4.69,-0.28
1,8,1.5,0.6,1.2,19,40.56,-4.18,-0.23
1,8,1.5,0.6,1.5,3,41.56,-3.31,-0.16
1,8,1.5,0.6,1.5,7,41.17,0.16,0.13
1,8,1.5,0.6,1.5,11,41.06,-1.97,-0.05
1,8,1.5,0.6,1.5,15,40.61,-4.69,-0.28
1,8,1.5,0.6,1.5,19,40.56,-4.18,-0.23
1,8,1.5,0.6,1.8,3,41.56,-3.31,-0.16
1,8,1.5,0.6,1.8,7,41.17,0.16,0.13
1,8,1.5,0.6,1.8,11,41.06,-1.97,-0.05
1,8,1.5,0.6,1.8,15,40.61,-4.69,-0.28
1,8,1.5,0.6,1.8,19,40.56,-4.18,-0.23
1,8,1.5,0.6,2.1,3,41.56,-3.31,-0.16
1,8,1.5,0.6,2.1,7,41.17,0.16,0.13
1,8,1.5,0.6,2.1,11,41.06,-1.97,-0.05
1,8,1.5,0.6,2.1,15,40.61,-4.69,-0.28
1,8,1.5,0.6,2.1,19,40.56,-4.18,-0.23
1,8,1.5,0.9,0.0,3,37.06,5.1,0.5
1,8,1.5,0.9,0.0,7,36.67,5.62,0.54
1,8,1.5,0.9,0.0,11,36.56,7.4,0.67
1,8,1.5,0.9,0.0,15,36.11,6.01,0.57
1,8,1.5,0.9,0.0,19,35.83,4.67,0.47
1,8,1.5,0.9,0.3,3,37.06,5.1,0.5
1,8,1.5,0.9,0.3,7,36.67,5.62,0.54
1,8,1.5,0.9,0.3,11,36.56,7.4,0.67
1,8,1.5,0.9,0.3,15,36.11,6.01,0.57
1,8,1.5,0.9,0.3,19,35.83,4.67,0.47
1,8,1.5,0.9,0.6,3,37.06,5.1,0.5
1,8,1.5,0.9,0.6,7,36.67,5.62,0.54
1,8,1.5,0.9,0.6,11,36.56,7.4,0.67
1,8,1.5,0.9,0.6,15,36.11,6.01,0.57
1,8,1.5,0.9,0.6,19,35.83,4.67,0.47
1,8,1.5,0.9,0.9,3,37.06,5.1,0.5
1,8,1.5,0.9,0.9,7,36.67,5.62,0.54
1,8,1.5,0.9,0.9,11,36.56,7.4,0.67
1,8,1.5,0.9,0.9,15,36.11,6.01,0.57
1,8,1.5,0.9,0.9,19,35.83,4.67,0.47
1,8,1.5,0.9,1.2,3,37.06,5.1,0.5
1,8,1.5,0.9,1.2,7,36.67,5.62,0.54
1,8,1.5,0.9,1.2,11,36.56,7.4,0.67
1,8,1.5,0.9,1.2,15,36.11,6.01,0.57
1,8,1.5,0.9,1.2,19,35.83,4.67,0.47
1,8,1.5,0.9,1.5,3,37.06,5.1,0.5
1,8,1.5,0.9,1.5,7,36.67,5.62,0.54
1,8,1.5,0.9,1.5,11,36.56,7.4,0.67
1,8,1.5,0.9,1.5,15,36.11,6.01,0.57
1,8,1.5,0.9,1.5,19,35.83,4.67,0.47
1,8,1.5,0.9,1.8,3,37.06,5.1,0.5
1,8,1.5,0.9,1.8,7,36.67,5.62,0.54
1,8,1.5,0.9,1.8,11,36.56,7.4,0.67
1,8,1.5,0.9,1.8,15,36.11,6.01,0.57
1,8,1.5,0.9,1.8,19,35.83,4.67,0.47
1,8,1.5,0.9,2.1,3,37.06,5.1,0.5
1,8,1.5,0.9,2.1,7,36.67,5.62,0.54
1,8,1.5,0.9,2.1,11,36.56,7.4,0.67
1,8,1.5,0.9,2.1,15,36.11,6.01,0.57
1,8,1.5,0.9,2.1,19,35.83,4.67,0.47
1,8,1.5,1.2,0.0,3,34.06,-6.35,-0.34
1,8,1.5,1.2,0.0,7,33.94,-4.31,-0.19
1,8,1.5,1.2,0.0,11,33.72,-0.01,0.13
1,8,1.5,1.2,0.0,15,33.67,0.99,0.2
1,8,1.5,1.2,0.0,19,33.5,2.75,0.33
1,8,1.5,1.2,0.3,3,34.06,-6.35,-0.34
1,8,1.5,1.2,0.3,7,33.94,-4.31,-0.19
1,8,1.5,1.2,0.3,11,33.72,-0.01,0.13
1,8,1.5,1.2,0.3,15,33.67,0.99,0.2
1,8,1.5,1.2,0.3,19,33.5,2.75,0.33
1,8,1.5,1.2,0.6,3,34.06,-6.35,-0.34
1,8,1.5,1.2,0.6,7,33.94,-4.31,-0.19
1,8,1.5,1.2,0.6,11,33.72,-0.01,0.13
1,8,1.5,1.2,0.6,15,33.67,0.99,0.2
1,8,1.5,1.2,0.6,19,33.5,2.75,0.33
1,8,1.5,1.2,0.9,3,34.06,-6.35,-0.34
1,8,1.5,1.2,0.9,7,33.94,-4.31,-0.19
1,8,1.5,1.2,0.9,11,33.72,-0.01,0.13
1,8,1.5,1.2,0.9,15,33.67,0.99,0.2
1,8,1.5,1.2,0.9,19,33.5,2.75,0.33
1,8,1.5,1.2,1.2,3,34.06,-6.35,-0.34
1,8,1.5,1.2,1.2,7,33.94,-4.31,-0.19
1,8,1.5,1.2,1.2,11,33.72,-0.01,0.13
1,8,1.5,1.2,1.2,15,33.67,0.99,0.2
1,8,1.5,1.2,1.2,19,33.5,2.75,0.33
1,8,1.5,1.2,1.5,3,34.06,-6.35,-0.34
1,8,1.5,1.2,1.5,7,33.94,-4.31,-0.19
1,8,1.5,1.2,1.5,11,33.72,-0.01,0.13
1,8,1.5,1.2,1.5,15,33.67,0.99,0.2
1,8,1.5,1.2,1.5,19,33.5,2.75,0.33
1,8,1.5,1.2,1.8,3,34.06,-6.35,-0.34
1,8,1.5,1.2,1.8,7,33.94,-4.31,-0.19
1,8,1.5,1.2,1.8,11,33.72,-0.01,0.13
1,8,1.5,1.2,1.8,15,33.67,0.99,0.2
1,8,1.5,1.2,1.8,19,33.5,2.75,0.33
1,8,1.5,1.2,2.1,3,34.06,-6.35,-0.34
1,8,1.5,1.2,2.1,7,33.94,-4.31,-0.19
1,8,1.5,1.2,2.1,11,33.72,-0.01,0.13
1,8,1.5,1.2,2.1,15,33.67,0.99,0.2
1,8,1.5,1.2,2.1,19,33.5,2.75,0.33
1,8,1.5,1.5,0.0,3,32.72,-8.58,-0.49
1,8,1.5,1.5,0.0,7,32.44,-4.82,-0.21
1,8,1.5,1.5,0.0,11,32.33,-2.35,-0.03
1,8,1.5,1.5,0.0,15,32.28,-1.64,0.02
1,8,1.5,1.5,0.0,19,32.28,1.59,0.25
1,8,1.5,1.5,0.3,3,32.72,-8.58,-0.49
1,8,1.5,1.5,0.3,7,32.39,-5.36,-0.25
1,8,1.5,1.5,0.3,11,32.33,-2.35,-0.03
1,8,1.5,1.5,0.3,15,32.28,-1.64,0.02
1,8,1.5,1.5,0.3,19,32.28,1.59,0.25
1,8,1.5,1.5,0.6,3,32.72,-8.58,-0.49
1,8,1.5,1.5,0.6,7,32.39,-5.36,-0.25
1,8,1.5,1.5,0.6,11,32.33,-2.35,-0.03
1,8,1.5,1.5,0.6,15,32.28,-1.64,0.02
1,8,1.5,1.5,0.6,19,32.28,1.59,0.25
1,8,1.5,1.5,0.9,3,32.72,-8.58,-0.49
1,8,1.5,1.5,0.9,7,32.39,-5.36,-0.25
1,8,1.5,1.5,0.9,11,32.33,-2.35,-0.03
1,8,1.5,1.5,0.9,15,32.28,-1.64,0.02
1,8,1.5,1.5,0.9,19,32.28,1.59,0.25
1,8,1.5,1.5,1.2,3,32.72,-8.58,-0.49
1,8,1.5,1.5,1.2,7,32.39,-5.36,-0.25
1,8,1.5,1.5,1.2,11,32.33,-2.35,-0.03
1,8,1.5,1.5,1.2,15,32.28,-1.64,0.02
1,8,1.5,1.5,1.2,19,32.28,1.59,0.25
1,8,1.5,1.5,1.5,3,32.72,-8.58,-0.49
1,8,1.5,1.5,1.5,7,32.39,-5.36,-0.25
1,8,1.5,1.5,1.5,11,32.33,-2.35,-0.03
1,8,1.5,1.5,1.5,15,32.28,-1.64,0.02
1,8,1.5,1.5,1.5,19,32.28,1.59,0.25
1,8,1.5,1.5,1.8,3,32.72,-8.58,-0.49
1,8,1.5,1.5,1.8,7,32.39,-5.36,-0.25
1,8,1.5,1.5,1.8,11,32.33,-2.35,-0.03
1,8,1.5,1.5,1.8,15,32.28,-1.64,0.02
1,8,1.5,1.5,1.8,19,32.28,1.59,0.25
1,8,1.5,1.5,2.1,3,32.72,-8.58,-0.49
1,8,1.5,1.5,2.1,7,32.39,-5.36,-0.25
1,8,1.5,1.5,2.1,11,32.33,-2.35,-0.03
1,8,1.5,1.5,2.1,15,32.28,-1.64,0.02
1,8,1.5,1.5,2.1,19,32.28,1.59,0.25
1,8,1.5,1.8,0.0,3,31.94,-2.71,-0.05
1,8,1.5,1.8,0.0,7,31.72,-0.77,0.09
1,8,1.5,1.8,0.0,11,31.56,-2.6,-0.04
1,8,1.5,1.8,0.0,15,31.56,1.49,0.24
1,8,1.5,1.8,0.0,19,31.5,0.78,0.19
1,8,1.5,1.8,0.3,3,32.0,-2.41,-0.03
1,8,1.5,1.8,0.3,7,31.72,-1.03,0.07
1,8,1.5,1.8,0.3,11,31.56,-2.48,-0.03
1,8,1.5,1.8,0.3,15,31.5,0.88,0.2
1,8,1.5,1.8,0.3,19,31.44,0.81,0.2
1,8,1.5,1.8,0.6,3,32.0,-2.41,-0.03
1,8,1.5,1.8,0.6,7,31.72,-1.03,0.07
1,8,1.5,1.8,0.6,11,31.56,-2.48,-0.03
1,8,1.5,1.8,0.6,15,31.5,0.88,0.2
1,8,1.5,1.8,0.6,19,31.44,0.81,0.2
1,8,1.5,1.8,0.9,3,32.0,-2.41,-0.03
1,8,1.5,1.8,0.9,7,31.72,-1.03,0.07
1,8,1.5,1.8,0.9,11,31.56,-2.48,-0.03
1,8,1.5,1.8,0.9,15,31.5,0.88,0.2
1,8,1.5,1.8,0.9,19,31.44,0.81,0.2
1,8,1.5,1.8,1.2,3,32.0,-2.41,-0.03
1,8,1.5,1.8,1.2,7,31.72,-1.03,0.07
1,8,1.5,1.8,1.2,11,31.56,-2.48,-0.03
1,8,1.5,1.8,1.2,15,31.5,0.88,0.2
1,8,1.5,1.8,1.2,19,31.44,0.81,0.2
1,8,1.5,1.8,1.5,3,32.0,-2.41,-0.03
1,8,1.5,1.8,1.5,7,31.72,-1.03,0.07
1,8,1.5,1.8,1.5,11,31.56,-2.48,-0.03
1,8,1.5,1.8,1.5,15,31.5,0.88,0.2
1,8,1.5,1.8,1.5,19,31.44,0.81,0.2
1,8,1.5,1.8,1.8,3,32.0,-2.41,-0.03
1,8,1.5,1.8,1.8,7,31.72,-1.03,0.07
1,8,1.5,1.8,1.8,11,31.56,-2.48,-0.03
1,8,1.5,1.8,1.8,15,31.5,0.88,0.2
1,8,1.5,1.8,1.8,19,31.44,0.81,0.2
1,8,1.5,1.8,2.1,3,32.0,-2.41,-0.03
1,8,1.5,1.8,2.1,7,31.72,-1.03,0.07
1,8,1.5,1.8,2.1,11,31.56,-2.48,-0.03
1,8,1.5,1.8,2.1,15,31.5,0.88,0.2
1,8,1.5,1.8,2.1,19,31.44,0.81,0.2
1,8,1.5,2.1,0.0,3,31.33,0.16,0.15
1,8,1.5,2.1,0.0,7,30.96,-2.19,-0.0
1,8,1.5,2.1,0.0,11,31.02,-2.29,-0.01
1,8,1.5,2.1,0.0,15,30.91,-4.47,-0.16
1,8,1.5,2.1,0.0,19,30.79,-2.31,-0.01
1,8,1.5,2.1,0.3,3,31.44,0.52,0.18
1,8,1.5,2.1,0.3,7,31.07,-2.31,-0.01
1,8,1.5,2.1,0.3,11,31.02,-2.16,-0.0
1,8,1.5,2.1,0.3,15,30.91,-4.86,-0.18
1,8,1.5,2.1,0.3,19,30.79,-2.63,-0.03
1,8,1.5,2.1,0.6,3,31.44,0.52,0.18
1,8,1.5,2.1,0.6,7,31.07,-2.31,-0.01
1,8,1.5,2.1,0.6,11,31.02,-2.16,-0.0
1,8,1.5,2.1,0.6,15,30.91,-4.86,-0.18
1,8,1.5,2.1,0.6,19,30.79,-2.63,-0.03
1,8,1.5,2.1,0.9,3,31.44,0.52,0.18
1,8,1.5,2.1,0.9,7,31.07,-2.31,-0.01
1,8,1.5,2.1,0.9,11,31.02,-2.16,-0.0
1,8,1.5,2.1,0.9,15,30.91,-4.86,-0.18
1,8,1.5,2.1,0.9,19,30.79,-2.63,-0.03
1,8,1.5,2.1,1.2,3,31.44,0.52,0.18
1,8,1.5,2.1,1.2,7,31.07,-2.31,-0.01
1,8,1.5,2.1,1.2,11,31.02,-2.16,-0.0
1,8,1.5,2.1,1.2,15,30.91,-4.86,-0.18
1,8,1.5,2.1,1.2,19,30.79,-2.63,-0.03
1,8,1.5,2.1,1.5,3,31.44,0.52,0.18
1,8,1.5,2.1,1.5,7,31.07,-2.31,-0.01
1,8,1.5,2.1,1.5,11,31.02,-2.16,-0.0
1,8,1.5,2.1,1.5,15,30.91,-4.86,-0.18
1,8,1.5,2.1,1.5,19,30.79,-2.63,-0.03
1,8,1.5,2.1,1.8,3,31.44,0.52,0.18
1,8,1.5,2.1,1.8,7,31.07,-2.31,-0.01
1,8,1.5,2.1,1.8,11,31.02,-2.16,-0.0
1,8,1.5,2.1,1.8,15,30.91,-4.86,-0.18
1,8,1.5,2.1,1.8,19,30.79,-2.63,-0.03
1,8,1.5,2.1,2.1,3,31.44,0.52,0.18
1,8,1.5,2.1,2.1,7,31.07,-2.31,-0.01
1,8,1.5,2.1,2.1,11,31.02,-2.16,-0.0
1,8,1.5,2.1,2.1,15,30.91,-4.86,-0.18
1,8,1.5,2.1,2.1,19,30.79,-2.63,-0.03
1,8,1.8,0.0,0.0,3,58.61,-8.11,-0.72
1,8,1.8,0.0,0.0,7,58.61,-8.11,-0.72
1,8,1.8,0.0,0.0,11,58.61,-8.11,-0.72
1,8,1.8,0.0,0.0,15,58.61,-7.98,-0.71
1,8,1.8,0.0,0.0,19,58.61,-6.73,-0.58
1,8,1.8,0.0,0.3,3,58.61,-8.11,-0.72
1,8,1.8,0.0,0.3,7,58.61,-8.11,-0.72
1,8,1.8,0.0,0.3,11,58.61,-8.11,-0.72
1,8,1.8,0.0,0.3,15,58.61,-7.98,-0.71
1,8,1.8,0.0,0.3,19,58.61,-6.73,-0.58
1,8,1.8,0.0,0.6,3,58.61,-8.11,-0.72
1,8,1.8,0.0,0.6,7,58.61,-8.11,-0.72
1,8,1.8,0.0,0.6,11,58.61,-8.11,-0.72
1,8,1.8,0.0,0.6,15,58.61,-7.98,-0.71
1,8,1.8,0.0,0.6,19,58.61,-6.73,-0.58
1,8,1.8,0.0,0.9,3,58.61,-8.11,-0.72
1,8,1.8,0.0,0.9,7,58.61,-8.11,-0.72
1,8,1.8,0.0,0.9,11,58.61,-8.11,-0.72
1,8,1.8,0.0,0.9,15,58.61,-7.98,-0.71
1,8,1.8,0.0,0.9,19,58.61,-6.73,-0.58
1,8,1.8,0.0,1.2,3,58.61,-8.11,-0.72
1,8,1.8,0.0,1.2,7,58.61,-8.11,-0.72
1,8,1.8,0.0,1.2,11,58.61,-8.11,-0.72
1,8,1.8,0.0,1.2,15,58.61,-7.98,-0.71
1,8,1.8,0.0,1.2,19,58.61,-6.73,-0.58
1,8,1.8,0.0,1.5,3,58.61,-8.11,-0.72
1,8,1.8,0.0,1.5,7,58.61,-8.11,-0.72
1,8,1.8,0.0,1.5,11,58.61,-8.11,-0.72
1,8,1.8,0.0,1.5,15,58.61,-7.98,-0.71
1,8,1.8,0.0,1.5,19,58.61,-6.73,-0.58
1,8,1.8,0.0,1.8,3,58.61,-8.11,-0.72
1,8,1.8,0.0,1.8,7,58.61,-8.11,-0.72
1,8,1.8,0.0,1.8,11,58.61,-8.11,-0.72
1,8,1.8,0.0,1.8,15,58.61,-7.98,-0.71
1,8,1.8,0.0,1.8,19,58.61,-6.73,-0.58
1,8,1.8,0.0,2.1,3,58.61,-8.11,-0.72
1,8,1.8,0.0,2.1,7,58.61,-8.11,-0.72
1,8,1.8,0.0,2.1,11,58.61,-8.11,-0.72
1,8,1.8,0.0,2.1,15,58.61,-7.98,-0.71
1,8,1.8,0.0,2.1,19,58.61,-6.73,-0.58
1,8,1.8,0.3,0.0,3,49.5,-3.84,-0.24
1,8,1.8,0.3,0.0,7,48.94,-6.74,-0.52
1,8,1.8,0.3,0.0,11,48.56,-8.76,-0.71
1,8,1.8,0.3,0.0,15,48.44,-8.18,-0.66
1,8,1.8,0.3,0.0,19,48.39,-5.78,-0.43
1,8,1.8,0.3,0.3,3,49.5,-3.84,-0.24
1,8,1.8,0.3,0.3,7,48.94,-6.74,-0.52
1,8,1.8,0.3,0.3,11,48.56,-8.76,-0.71
1,8,1.8,0.3,0.3,15,48.44,-8.18,-0.66
1,8,1.8,0.3,0.3,19,48.39,-5.78,-0.43
1,8,1.8,0.3,0.6,3,49.5,-3.84,-0.24
1,8,1.8,0.3,0.6,7,48.94,-6.74,-0.52
1,8,1.8,0.3,0.6,11,48.56,-8.76,-0.71
1,8,1.8,0.3,0.6,15,48.44,-8.18,-0.66
1,8,1.8,0.3,0.6,19,48.39,-5.78,-0.43
1,8,1.8,0.3,0.9,3,49.5,-3.84,-0.24
1,8,1.8,0.3,0.9,7,48.94,-6.74,-0.52
1,8,1.8,0.3,0.9,11,48.56,-8.76,-0.71
1,8,1.8,0.3,0.9,15,48.44,-8.18,-0.66
1,8,1.8,0.3,0.9,19,48.39,-5.78,-0.43
1,8,1.8,0.3,1.2,3,49.5,-3.84,-0.24
1,8,1.8,0.3,1.2,7,48.94,-6.74,-0.52
1,8,1.8,0.3,1.2,11,48.56,-8.76,-0.71
1,8,1.8,0.3,1.2,15,48.44,-8.18,-0.66
1,8,1.8,0.3,1.2,19,48.39,-5.78,-0.43
1,8,1.8,0.3,1.5,3,49.5,-3.84,-0.24
1,8,1.8,0.3,1.5,7,48.94,-6.74,-0.52
1,8,1.8,0.3,1.5,11,48.56,-8.76,-0.71
1,8,1.8,0.3,1.5,15,48.44,-8.18,-0.66
1,8,1.8,0.3,1.5,19,48.39,-5.78,-0.43
1,8,1.8,0.3,1.8,3,49.5,-3.84,-0.24
1,8,1.8,0.3,1.8,7,48.94,-6.74,-0.52
1,8,1.8,0.3,1.8,11,48.56,-8.76,-0.71
1,8,1.8,0.3,1.8,15,48.44,-8.18,-0.66
1,8,1.8,0.3,1.8,19,48.39,-5.78,-0.43
1,8,1.8,0.3,2.1,3,49.5,-3.84,-0.24
1,8,1.8,0.3,2.1,7,48.94,-6.74,-0.52
1,8,1.8,0.3,2.1,11,48.56,-8.76,-0.71
1,8,1.8,0.3,2.1,15,48.44,-8.18,-0.66
1,8,1.8,0.3,2.1,19,48.39,-5.78,-0.43
1,8,1.8,0.6,0.0,3,41.56,-3.31,-0.16
1,8,1.8,0.6,0.0,7,41.17,0.16,0.13
1,8,1.8,0.6,0.0,11,41.06,-2.12,-0.06
1,8,1.8,0.6,0.0,15,40.61,-4.71,-0.28
1,8,1.8,0.6,0.0,19,40.56,-4.46,-0.26
1,8,1.8,0.6,0.3,3,41.56,-3.31,-0.16
1,8,1.8,0.6,0.3,7,41.17,0.16,0.13
1,8,1.8,0.6,0.3,11,41.06,-2.12,-0.06
1,8,1.8,0.6,0.3,15,40.61,-4.71,-0.28
1,8,1.8,0.6,0.3,19,40.56,-4.46,-0.26
1,8,1.8,0.6,0.6,3,41.56,-3.31,-0.16
1,8,1.8,0.6,0.6,7,41.17,0.16,0.13
1,8,1.8,0.6,0.6,11,41.06,-2.12,-0.06
1,8,1.8,0.6,0.6,15,40.61,-4.71,-0.28
1,8,1.8,0.6,0.6,19,40.56,-4.46,-0.26
1,8,1.8,0.6,0.9,3,41.56,-3.31,-0.16
1,8,1.8,0.6,0.9,7,41.17,0.16,0.13
1,8,1.8,0.6,0.9,11,41.06,-2.12,-0.06
1,8,1.8,0.6,0.9,15,40.61,-4.71,-0.28
1,8,1.8,0.6,0.9,19,40.56,-4.46,-0.26
1,8,1.8,0.6,1.2,3,41.56,-3.31,-0.16
1,8,1.8,0.6,1.2,7,41.17,0.16,0.13
1,8,1.8,0.6,1.2,11,41.06,-2.12,-0.06
1,8,1.8,0.6,1.2,15,40.61,-4.71,-0.28
1,8,1.8,0.6,1.2,19,40.56,-4.46,-0.26
1,8,1.8,0.6,1.5,3,41.56,-3.31,-0.16
1,8,1.8,0.6,1.5,7,41.17,0.16,0.13
1,8,1.8,0.6,1.5,11,41.06,-2.12,-0.06
1,8,1.8,0.6,1.5,15,40.61,-4.71,-0.28
1,8,1.8,0.6,1.5,19,40.56,-4.46,-0.26
1,8,1.8,0.6,1.8,3,41.56,-3.31,-0.16
1,8,1.8,0.6,1.8,7,41.17,0.16,0.13
1,8,1.8,0.6,1.8,11,41.06,-2.12,-0.06
1,8,1.8,0.6,1.8,15,40.61,-4.71,-0.28
1,8,1.8,0.6,1.8,19,40.56,-4.46,-0.26
1,8,1.8,0.6,2.1,3,41.56,-3.31,-0.16
1,8,1.8,0.6,2.1,7,41.17,0.16,0.13
1,8,1.8,0.6,2.1,11,41.06,-2.12,-0.06
1,8,1.8,0.6,2.1,15,40.61,-4.71,-0.28
1,8,1.8,0.6,2.1,19,40.56,-4.46,-0.26
1,8,1.8,0.9,0.0,3,37.06,5.1,0.5
1,8,1.8,0.9,0.0,7,36.67,5.62,0.54
1,8,1.8,0.9,0.0,11,36.56,7.24,0.66
1,8,1.8,0.9,0.0,15,36.11,5.99,0.57
1,8,1.8,0.9,0.0,19,35.83,4.36,0.45
1,8,1.8,0.9,0.3,3,37.06,5.1,0.5
1,8,1.8,0.9,0.3,7,36.67,5.62,0.54
1,8,1.8,0.9,0.3,11,36.56,7.24,0.66
1,8,1.8,0.9,0.3,15,36.11,5.99,0.57
1,8,1.8,0.9,0.3,19,35.83,4.36,0.45
1,8,1.8,0.9,0.6,3,37.06,5.1,0.5
1,8,1.8,0.9,0.6,7,36.67,5.62,0.54
1,8,1.8,0.9,0.6,11,36.56,7.24,0.66
1,8,1.8,0.9,0.6,15,36.11,5.99,0.57
1,8,1.8,0.9,0.6,19,35.83,4.36,0.45
1,8,1.8,0.9,0.9,3,37.06,5.1,0.5
1,8,1.8,0.9,0.9,7,36.67,5.62,0.54
1,8,1.8,0.9,0.9,11,36.56,7.24,0.66
1,8,1.8,0.9,0.9,15,36.11,5.99,0.57
1,8,1.8,0.9,0.9,19,35.83,4.36,0.45
1,8,1.8,0.9,1.2,3,37.06,5.1,0.5
1,8,1.8,0.9,1.2,7,36.67,5.62,0.54
1,8,1.8,0.9,1.2,11,36.56,7.24,0.66
1,8,1.8,0.9,1.2,15,36.11,5.99,0.57
1,8,1.8,0.9,1.2,19,35.83,4.36,0.45
1,8,1.8,0.9,1.5,3,37.06,5.1,0.5
1,8,1.8,0.9,1.5,7,36.67,5.62,0.54
1,8,1.8,0.9,1.5,11,36.56,7.24,0.66
1,8,1.8,0.9,1.5,15,36.11,5.99,0.57
1,8,1.8,0.9,1.5,19,35.83,4.36,0.45
1,8,1.8,0.9,1.8,3,37.06,5.1,0.5
1,8,1.8,0.9,1.8,7,36.67,5.62,0.54
1,8,1.8,0.9,1.8,11,36.56,7.24,0.66
1,8,1.8,0.9,1.8,15,36.11,5.99,0.57
1,8,1.8,0.9,1.8,19,35.83,4.36,0.45
1,8,1.8,0.9,2.1,3,37.06,5.1,0.5
1,8,1.8,0.9,2.1,7,36.67,5.62,0.54
1,8,1.8,0.9,2.1,11,36.56,7.24,0.66
1,8,1.8,0.9,2.1,15,36.11,5.99,0.57
1,8,1.8,0.9,2.1,19,35.83,4.36,0.45
1,8,1.8,1.2,0.0,3,34.06,-6.35,-0.34
1,8,1.8,1.2,0.0,7,33.94,-4.31,-0.19
1,8,1.8,1.2,0.0,11,33.72,-0.15,0.12
1,8,1.8,1.2,0.0,15,33.67,0.97,0.2
1,8,1.8,1.2,0.0,19,33.5,2.45,0.31
1,8,1.8,1.2,0.3,3,34.06,-6.35,-0.34
1,8,1.8,1.2,0.3,7,33.94,-4.31,-0.19
1,8,1.8,1.2,0.3,11,33.72,-0.15,0.12
1,8,1.8,1.2,0.3,15,33.67,0.97,0.2
1,8,1.8,1.2,0.3,19,33.5,2.45,0.31
1,8,1.8,1.2,0.6,3,34.06,-6.35,-0.34
1,8,1.8,1.2,0.6,7,33.94,-4.31,-0.19
1,8,1.8,1.2,0.6,11,33.72,-0.15,0.12
1,8,1.8,1.2,0.6,15,33.67,0.97,0.2
1,8,1.8,1.2,0.6,19,33.5,2.45,0.31
1,8,1.8,1.2,0.9,3,34.06,-6.35,-0.34
1,8,1.8,1.2,0.9,7,33.94,-4.31,-0.19
1,8,1.8,1.2,0.9,11,33.72,-0.15,0.12
1,8,1.8,1.2,0.9,15,33.67,0.97,0.2
1,8,1.8,1.2,0.9,19,33.5,2.45,0.31
1,8,1.8,1.2,1.2,3,34.06,-6.35,-0.34
1,8,1.8,1.2,1.2,7,33.94,-4.31,-0.19
1,8,1.8,1.2,1.2,11,33.72,-0.15,0.12
1,8,1.8,1.2,1.2,15,33.67,0.97,0.2
1,8,1.8,1.2,1.2,19,33.5,2.45,0.31
1,8,1.8,1.2,1.5,3,34.06,-6.35,-0.34
1,8,1.8,1.2,1.5,7,33.94,-4.31,-0.19
1,8,1.8,1.2,1.5,11,33.72,-0.15,0.12
1,8,1.8,1.2,1.5,15,33.67,0.97,0.2
1,8,1.8,1.2,1.5,19,33.5,2.45,0.31
1,8,1.8,1.2,1.8,3,34.06,-6.35,-0.34
1,8,1.8,1.2,1.8,7,33.94,-4.31,-0.19
1,8,1.8,1.2,1.8,11,33.72,-0.15,0.12
1,8,1.8,1.2,1.8,15,33.67,0.97,0.2
1,8,1.8,1.2,1.8,19,33.5,2.45,0.31
1,8,1.8,1.2,2.1,3,34.06,-6.35,-0.34
1,8,1.8,1.2,2.1,7,33.94,-4.31,-0.19
1,8,1.8,1.2,2.1,11,33.72,-0.15,0.12
1,8,1.8,1.2,2.1,15,33.67,0.97,0.2
1,8,1.8,1.2,2.1,19,33.5,2.45,0.31
1,8,1.8,1.5,0.0,3,32.72,-8.58,-0.49
1,8,1.8,1.5,0.0,7,32.44,-4.82,-0.21
1,8,1.8,1.5,0.0,11,32.33,-2.5,-0.04
1,8,1.8,1.5,0.0,15,32.28,-1.66,0.02
1,8,1.8,1.5,0.0,19,32.28,1.29,0.23
1,8,1.8,1.5,0.3,3,32.72,-8.58,-0.49
1,8,1.8,1.5,0.3,7,32.39,-5.36,-0.25
1,8,1.8,1.5,0.3,11,32.33,-2.5,-0.04
1,8,1.8,1.5,0.3,15,32.28,-1.66,0.02
1,8,1.8,1.5,0.3,19,32.28,1.29,0.23
1,8,1.8,1.5,0.6,3,32.72,-8.58,-0.49
1,8,1.8,1.5,0.6,7,32.39,-5.36,-0.25
1,8,1.8,1.5,0.6,11,32.33,-2.5,-0.04
1,8,1.8,1.5,0.6,15,32.28,-1.66,0.02
1,8,1.8,1.5,0.6,19,32.28,1.29,0.23
1,8,1.8,1.5,0.9,3,32.72,-8.58,-0.49
1,8,1.8,1.5,0.9,7,32.39,-5.36,-0.25
1,8,1.8,1.5,0.9,11,32.33,-2.5,-0.04
1,8,1.8,1.5,0.9,15,32.28,-1.66,0.02
1,8,1.8,1.5,0.9,19,32.28,1.29,0.23
1,8,1.8,1.5,1.2,3,32.72,-8.58,-0.49
1,8,1.8,1.5,1.2,7,32.39,-5.36,-0.25
1,8,1.8,1.5,1.2,11,32.33,-2.5,-0.04
1,8,1.8,1.5,1.2,15,32.28,-1.66,0.02
1,8,1.8,1.5,1.2,19,32.28,1.29,0.23
1,8,1.8,1.5,1.5,3,32.72,-8.58,-0.49
1,8,1.8,1.5,1.5,7,32.39,-5.36,-0.25
1,8,1.8,1.5,1.5,11,32.33,-2.5,-0.04
1,8,1.8,1.5,1.5,15,32.28,-1.66,0.02
1,8,1.8,1.5,1.5,19,32.28,1.29,0.23
1,8,1.8,1.5,1.8,3,32.72,-8.58,-0.49
1,8,1.8,1.5,1.8,7,32.39,-5.36,-0.25
1,8,1.8,1.5,1.8,11,32.33,-2.5,-0.04
1,8,1.8,1.5,1.8,15,32.28,-1.66,0.02
1,8,1.8,1.5,1.8,19,32.28,1.29,0.23
1,8,1.8,1.5,2.1,3,32.72,-8.58,-0.49
1,8,1.8,1.5,2.1,7,32.39,-5.36,-0.25
1,8,1.8,1.5,2.1,11,32.33,-2.5,-0.04
1,8,1.8,1.5,2.1,15,32.28,-1.66,0.02
1,8,1.8,1.5,2.1,19,32.28,1.29,0.23
1,8,1.8,1.8,0.0,3,31.94,-2.71,-0.05
1,8,1.8,1.8,0.0,7,31.72,-0.77,0.09
1,8,1.8,1.8,0.0,11,31.56,-2.74,-0.05
1,8,1.8,1.8,0.0,15,31.56,1.47,0.24
1,8,1.8,1.8,0.0,19,31.5,0.49,0.17
1,8,1.8,1.8,0.3,3,31.94,-2.71,-0.05
1,8,1.8,1.8,0.3,7,31.67,-1.33,0.05
1,8,1.8,1.8,0.3,11,31.5,-3.29,-0.08
1,8,1.8,1.8,0.3,15,31.5,1.2,0.22
1,8,1.8,1.8,0.3,19,31.44,0.22,0.16
1,8,1.8,1.8,0.6,3,31.94,-2.71,-0.05
1,8,1.8,1.8,0.6,7,31.67,-1.33,0.05
1,8,1.8,1.8,0.6,11,31.5,-3.29,-0.08
1,8,1.8,1.8,0.6,15,31.5,1.2,0.22
1,8,1.8,1.8,0.6,19,31.44,0.22,0.16
1,8,1.8,1.8,0.9,3,31.94,-2.71,-0.05
1,8,1.8,1.8,0.9,7,31.67,-1.33,0.05
1,8,1.8,1.8,0.9,11,31.5,-3.29,-0.08
1,8,1.8,1.8,0.9,15,31.5,1.2,0.22
1,8,1.8,1.8,0.9,19,31.44,0.22,0.16
1,8,1.8,1.8,1.2,3,31.94,-2.71,-0.05
1,8,1.8,1.8,1.2,7,31.67,-1.33,0.05
1,8,1.8,1.8,1.2,11,31.5,-3.29,-0.08
1,8,1.8,1.8,1.2,15,31.5,1.2,0.22
1,8,1.8,1.8,1.2,19,31.44,0.22,0.16
1,8,1.8,1.8,1.5,3,31.94,-2.71,-0.05
1,8,1.8,1.8,1.5,7,31.67,-1.33,0.05
1,8,1.8,1.8,1.5,11,31.5,-3.29,-0.08
1,8,1.8,1.8,1.5,15,31.5,1.2,0.22
1,8,1.8,1.8,1.5,19,31.44,0.22,0.16
1,8,1.8,1.8,1.8,3,31.94,-2.71,-0.05
1,8,1.8,1.8,1.8,7,31.67,-1.33,0.05
1,8,1.8,1.8,1.8,11,31.5,-3.29,-0.08
1,8,1.8,1.8,1.8,15,31.5,1.2,0.22
1,8,1.8,1.8,1.8,19,31.44,0.22,0.16
1,8,1.8,1.8,2.1,3,31.94,-2.71,-0.05
1,8,1.8,1.8,2.1,7,31.67,-1.33,0.05
1,8,1.8,1.8,2.1,11,31.5,-3.29,-0.08
1,8,1.8,1.8,2.1,15,31.5,1.2,0.22
1,8,1.8,1.8,2.1,19,31.44,0.22,0.16
1,8,1.8,2.1,0.0,3,31.33,0.16,0.15
1,8,1.8,2.1,0.0,7,30.96,-2.19,-0.0
1,8,1.8,2.1,0.0,11,31.02,-2.43,-0.02
1,8,1.8,2.1,0.0,15,30.91,-4.49,-0.16
1,8,1.8,2.1,0.0,19,30.79,-2.6,-0.03
1,8,1.8,2.1,0.3,3,31.33,0.16,0.15
1,8,1.8,2.1,0.3,7,30.96,-2.66,-0.03
1,8,1.8,2.1,0.3,11,30.96,-2.98,-0.06
1,8,1.8,2.1,0.3,15,30.91,-4.45,-0.16
1,8,1.8,2.1,0.3,19,30.79,-2.56,-0.03
1,8,1.8,2.1,0.6,3,31.33,0.16,0.15
1,8,1.8,2.1,0.6,7,30.96,-2.66,-0.03
1,8,1.8,2.1,0.6,11,30.96,-2.98,-0.06
1,8,1.8,2.1,0.6,15,30.91,-4.45,-0.16
1,8,1.8,2.1,0.6,19,30.79,-2.56,-0.03
1,8,1.8,2.1,0.9,3,31.33,0.16,0.15
1,8,1.8,2.1,0.9,7,30.96,-2.66,-0.03
1,8,1.8,2.1,0.9,11,30.96,-2.98,-0.06
1,8,1.8,2.1,0.9,15,30.91,-4.45,-0.16
1,8,1.8,2.1,0.9,19,30.79,-2.56,-0.03
1,8,1.8,2.1,1.2,3,31.33,0.16,0.15
1,8,1.8,2.1,1.2,7,30.96,-2.66,-0.03
1,8,1.8,2.1,1.2,11,30.96,-2.98,-0.06
1,8,1.8,2.1,1.2,15,30.91,-4.45,-0.16
1,8,1.8,2.1,1.2,19,30.79,-2.56,-0.03
1,8,1.8,2.1,1.5,3,31.33,0.16,0.15
1,8,1.8,2.1,1.5,7,30.96,-2.66,-0.03
1,8,1.8,2.1,1.5,11,30.96,-2.98,-0.06
1,8,1.8,2.1,1.5,15,30.91,-4.45,-0.16
1,8,1.8,2.1,1.5,19,30.79,-2.56,-0.03
1,8,1.8,2.1,1.8,3,31.33,0.16,0.15
1,8,1.8,2.1,1.8,7,30.96,-2.66,-0.03
1,8,1.8,2.1,1.8,11,30.96,-2.98,-0.06
1,8,1.8,2.1,1.8,15,30.91,-4.45,-0.16
1,8,1.8,2.1,1.8,19,30.79,-2.56,-0.03
1,8,1.8,2.1,2.1,3,31.33,0.16,0.15
1,8,1.8,2.1,2.1,7,30.96,-2.66,-0.03
1,8,1.8,2.1,2.1,11,30.96,-2.98,-0.06
1,8,1.8,2.1,2.1,15,30.91,-4.45,-0.16
1,8,1.8,2.1,2.1,19,30.79,-2.56,-0.03
1,8,2.1,0.0,0.0,3,58.61,-8.11,-0.72
1,8,2.1,0.0,0.0,7,58.61,-8.11,-0.72
1,8,2.1,0.0,0.0,11,58.61,-8.11,-0.72
1,8,2.1,0.0,0.0,15,58.61,-8.11,-0.72
1,8,2.1,0.0,0.0,19,58.61,-6.86,-0.59
1,8,2.1,0.0,0.3,3,58.61,-8.11,-0.72
1,8,2.1,0.0,0.3,7,58.61,-8.11,-0.72
1,8,2.1,0.0,0.3,11,58.61,-8.11,-0.72
1,8,2.1,0.0,0.3,15,58.61,-8.11,-0.72
1,8,2.1,0.0,0.3,19,58.61,-6.86,-0.59
1,8,2.1,0.0,0.6,3,58.61,-8.11,-0.72
1,8,2.1,0.0,0.6,7,58.61,-8.11,-0.72
1,8,2.1,0.0,0.6,11,58.61,-8.11,-0.72
1,8,2.1,0.0,0.6,15,58.61,-8.11,-0.72
1,8,2.1,0.0,0.6,19,58.61,-6.86,-0.59
1,8,2.1,0.0,0.9,3,58.61,-8.11,-0.72
1,8,2.1,0.0,0.9,7,58.61,-8.11,-0.72
1,8,2.1,0.0,0.9,11,58.61,-8.11,-0.72
1,8,2.1,0.0,0.9,15,58.61,-8.11,-0.72
1,8,2.1,0.0,0.9,19,58.61,-6.86,-0.59
1,8,2.1,0.0,1.2,3,58.61,-8.11,-0.72
1,8,2.1,0.0,1.2,7,58.61,-8.11,-0.72
1,8,2.1,0.0,1.2,11,58.61,-8.11,-0.72
1,8,2.1,0.0,1.2,15,58.61,-8.11,-0.72
1,8,2.1,0.0,1.2,19,58.61,-6.86,-0.59
1,8,2.1,0.0,1.5,3,58.61,-8.11,-0.72
1,8,2.1,0.0,1.5,7,58.61,-8.11,-0.72
1,8,2.1,0.0,1.5,11,58.61,-8.11,-0.72
1,8,2.1,0.0,1.5,15,58.61,-8.11,-0.72
1,8,2.1,0.0,1.5,19,58.61,-6.86,-0.59
1,8,2.1,0.0,1.8,3,58.61,-8.11,-0.72
1,8,2.1,0.0,1.8,7,58.61,-8.11,-0.72
1,8,2.1,0.0,1.8,11,58.61,-8.11,-0.72
1,8,2.1,0.0,1.8,15,58.61,-8.11,-0.72
1,8,2.1,0.0,1.8,19,58.61,-6.86,-0.59
1,8,2.1,0.0,2.1,3,58.61,-8.11,-0.72
1,8,2.1,0.0,2.1,7,58.61,-8.11,-0.72
1,8,2.1,0.0,2.1,11,58.61,-8.11,-0.72
1,8,2.1,0.0,2.1,15,58.61,-8.11,-0.72
1,8,2.1,0.0,2.1,19,58.61,-6.86,-0.59
1,8,2.1,0.3,0.0,3,49.5,-3.84,-0.24
1,8,2.1,0.3,0.0,7,48.94,-6.74,-0.52
1,8,2.1,0.3,0.0,11,48.56,-8.76,-0.71
1,8,2.1,0.3,0.0,15,48.44,-8.32,-0.67
1,8,2.1,0.3,0.0,19,48.39,-5.92,-0.44
1,8,2.1,0.3,0.3,3,49.5,-3.84,-0.24
1,8,2.1,0.3,0.3,7,48.94,-6.74,-0.52
1,8,2.1,0.3,0.3,11,48.56,-8.76,-0.71
1,8,2.1,0.3,0.3,15,48.44,-8.32,-0.67
1,8,2.1,0.3,0.3,19,48.39,-5.92,-0.44
1,8,2.1,0.3,0.6,3,49.5,-3.84,-0.24
1,8,2.1,0.3,0.6,7,48.94,-6.74,-0.52
1,8,2.1,0.3,0.6,11,48.56,-8.76,-0.71
1,8,2.1,0.3,0.6,15,48.44,-8.32,-0.67
1,8,2.1,0.3,0.6,19,48.39,-5.92,-0.44
1,8,2.1,0.3,0.9,3,49.5,-3.84,-0.24
1,8,2.1,0.3,0.9,7,48.94,-6.74,-0.52
1,8,2.1,0.3,0.9,11,48.56,-8.76,-0.71
1,8,2.1,0.3,0.9,15,48.44,-8.32,-0.67
1,8,2.1,0.3,0.9,19,48.39,-5.92,-0.44
1,8,2.1,0.3,1.2,3,49.5,-3.84,-0.24
1,8,2.1,0.3,1.2,7,48.94,-6.74,-0.52
1,8,2.1,0.3,1.2,11,48.56,-8.76,-0.71
1,8,2.1,0.3,1.2,15,48.44,-8.32,-0.67
1,8,2.1,0.3,1.2,19,48.39,-5.92,-0.44
1,8,2.1,0.3,1.5,3,49.5,-3.84,-0.24
1,8,2.1,0.3,1.5,7,48.94,-6.74,-0.52
1,8,2.1,0.3,1.5,11,48.56,-8.76,-0.71
1,8,2.1,0.3,1.5,15,48.44,-8.32,-0.67
1,8,2.1,0.3,1.5,19,48.39,-5.92,-0.44
1,8,2.1,0.3,1.8,3,49.5,-3.84,-0.24
1,8,2.1,0.3,1.8,7,48.94,-6.74,-0.52
1,8,2.1,0.3,1.8,11,48.56,-8.76,-0.71
1,8,2.1,0.3,1.8,15,48.44,-8.32,-0.67
1,8,2.1,0.3,1.8,19,48.39,-5.92,-0.44
1,8,2.1,0.3,2.1,3,49.5,-3.84,-0.24
1,8,2.1,0.3,2.1,7,48.94,-6.74,-0.52
1,8,2.1,0.3,2.1,11,48.56,-8.76,-0.71
1,8,2.1,0.3,2.1,15,48.44,-8.32,-0.67
1,8,2.1,0.3,2.1,19,48.39,-5.92,-0.44
1,8,2.1,0.6,0.0,3,41.56,-3.31,-0.16
1,8,2.1,0.6,0.0,7,41.17,0.16,0.13
1,8,2.1,0.6,0.0,11,41.06,-2.12,-0.06
1,8,2.1,0.6,0.0,15,40.61,-4.85,-0.29
1,8,2.1,0.6,0.0,19,40.56,-4.6,-0.27
1,8,2.1,0.6,0.3,3,41.56,-3.31,-0.16
1,8,2.1,0.6,0.3,7,41.17,0.16,0.13
1,8,2.1,0.6,0.3,11,41.06,-2.12,-0.06
1,8,2.1,0.6,0.3,15,40.61,-4.85,-0.29
1,8,2.1,0.6,0.3,19,40.56,-4.6,-0.27
1,8,2.1,0.6,0.6,3,41.56,-3.31,-0.16
1,8,2.1,0.6,0.6,7,41.17,0.16,0.13
1,8,2.1,0.6,0.6,11,41.06,-2.12,-0.06
1,8,2.1,0.6,0.6,15,40.61,-4.85,-0.29
1,8,2.1,0.6,0.6,19,40.56,-4.6,-0.27
1,8,2.1,0.6,0.9,3,41.56,-3.31,-0.16
1,8,2.1,0.6,0.9,7,41.17,0.16,0.13
1,8,2.1,0.6,0.9,11,41.06,-2.12,-0.06
1,8,2.1,0.6,0.9,15,40.61,-4.85,-0.29
1,8,2.1,0.6,0.9,19,40.56,-4.6,-0.27
1,8,2.1,0.6,1.2,3,41.56,-3.31,-0.16
1,8,2.1,0.6,1.2,7,41.17,0.16,0.13
1,8,2.1,0.6,1.2,11,41.06,-2.12,-0.06
1,8,2.1,0.6,1.2,15,40.61,-4.85,-0.29
1,8,2.1,0.6,1.2,19,40.56,-4.6,-0.27
1,8,2.1,0.6,1.5,3,41.56,-3.31,-0.16
1,8,2.1,0.6,1.5,7,41.17,0.16,0.13
1,8,2.1,0.6,1.5,11,41.06,-2.12,-0.06
1,8,2.1,0.6,1.5,15,40.61,-4.85,-0.29
1,8,2.1,0.6,1.5,19,40.56,-4.6,-0.27
1,8,2.1,0.6,1.8,3,41.56,-3.31,-0.16
1,8,2.1,0.6,1.8,7,41.17,0.16,0.13
1,8,2.1,0.6,1.8,11,41.06,-2.12,-0.06
1,8,2.1,0.6,1.8,15,40.61,-4.85,-0.29
1,8,2.1,0.6,1.8,19,40.56,-4.6,-0.27
1,8,2.1,0.6,2.1,3,41.56,-3.31,-0.16
1,8,2.1,0.6,2.1,7,41.17,0.16,0.13
1,8,2.1,0.6,2.1,11,41.06,-2.12,-0.06
1,8,2.1,0.6,2.1,15,40.61,-4.85,-0.29
1,8,2.1,0.6,2.1,19,40.56,-4.6,-0.27
1,8,2.1,0.9,0.0,3,37.06,5.1,0.5
1,8,2.1,0.9,0.0,7,36.67,5.62,0.54
1,8,2.1,0.9,0.0,11,36.56,7.24,0.66
1,8,2.1,0.9,0.0,15,36.11,5.83,0.56
1,8,2.1,0.9,0.0,19,35.83,4.21,0.44
1,8,2.1,0.9,0.3,3,37.06,5.1,0.5
1,8,2.1,0.9,0.3,7,36.67,5.62,0.54
1,8,2.1,0.9,0.3,11,36.56,7.24,0.66
1,8,2.1,0.9,0.3,15,36.11,5.83,0.56
1,8,2.1,0.9,0.3,19,35.83,4.21,0.44
1,8,2.1,0.9,0.6,3,37.06,5.1,0.5
1,8,2.1,0.9,0.6,7,36.67,5.62,0.54
1,8,2.1,0.9,0.6,11,36.56,7.24,0.66
1,8,2.1,0.9,0.6,15,36.11,5.83,0.56
1,8,2.1,0.9,0.6,19,35.83,4.21,0.44
1,8,2.1,0.9,0.9,3,37.06,5.1,0.5
1,8,2.1,0.9,0.9,7,36.67,5.62,0.54
1,8,2.1,0.9,0.9,11,36.56,7.24,0.66
1,8,2.1,0.9,0.9,15,36.11,5.83,0.56
1,8,2.1,0.9,0.9,19,35.83,4.21,0.44
1,8,2.1,0.9,1.2,3,37.06,5.1,0.5
1,8,2.1,0.9,1.2,7,36.67,5.62,0.54
1,8,2.1,0.9,1.2,11,36.56,7.24,0.66
1,8,2.1,0.9,1.2,15,36.11,5.83,0.56
1,8,2.1,0.9,1.2,19,35.83,4.21,0.44
1,8,2.1,0.9,1.5,3,37.06,5.1,0.5
1,8,2.1,0.9,1.5,7,36.67,5.62,0.54
1,8,2.1,0.9,1.5,11,36.56,7.24,0.66
1,8,2.1,0.9,1.5,15,36.11,5.83,0.56
1,8,2.1,0.9,1.5,19,35.83,4.21,0.44
1,8,2.1,0.9,1.8,3,37.06,5.1,0.5
1,8,2.1,0.9,1.8,7,36.67,5.62,0.54
1,8,2.1,0.9,1.8,11,36.56,7.24,0.66
1,8,2.1,0.9,1.8,15,36.11,5.83,0.56
1,8,2.1,0.9,1.8,19,35.83,4.21,0.44
1,8,2.1,0.9,2.1,3,37.06,5.1,0.5
1,8,2.1,0.9,2.1,7,36.67,5.62,0.54
1,8,2.1,0.9,2.1,11,36.56,7.24,0.66
1,8,2.1,0.9,2.1,15,36.11,5.83,0.56
1,8,2.1,0.9,2.1,19,35.83,4.21,0.44
1,8,2.1,1.2,0.0,3,34.06,-6.35,-0.34
1,8,2.1,1.2,0.0,7,33.94,-4.31,-0.19
1,8,2.1,1.2,0.0,11,33.72,-0.15,0.12
1,8,2.1,1.2,0.0,15,33.67,0.82,0.19
1,8,2.1,1.2,0.0,19,33.5,2.3,0.3
1,8,2.1,1.2,0.3,3,34.06,-6.35,-0.34
1,8,2.1,1.2,0.3,7,33.94,-4.31,-0.19
1,8,2.1,1.2,0.3,11,33.72,-0.15,0.12
1,8,2.1,1.2,0.3,15,33.67,0.82,0.19
1,8,2.1,1.2,0.3,19,33.5,2.3,0.3
1,8,2.1,1.2,0.6,3,34.06,-6.35,-0.34
1,8,2.1,1.2,0.6,7,33.94,-4.31,-0.19
1,8,2.1,1.2,0.6,11,33.72,-0.15,0.12
1,8,2.1,1.2,0.6,15,33.67,0.82,0.19
1,8,2.1,1.2,0.6,19,33.5,2.3,0.3
1,8,2.1,1.2,0.9,3,34.06,-6.35,-0.34
1,8,2.1,1.2,0.9,7,33.94,-4.31,-0.19
1,8,2.1,1.2,0.9,11,33.72,-0.15,0.12
1,8,2.1,1.2,0.9,15,33.67,0.82,0.19
1,8,2.1,1.2,0.9,19,33.5,2.3,0.3
1,8,2.1,1.2,1.2,3,34.06,-6.35,-0.34
1,8,2.1,1.2,1.2,7,33.94,-4.31,-0.19
1,8,2.1,1.2,1.2,11,33.72,-0.15,0.12
1,8,2.1,1.2,1.2,15,33.67,0.82,0.19
1,8,2.1,1.2,1.2,19,33.5,2.3,0.3
1,8,2.1,1.2,1.5,3,34.06,-6.35,-0.34
1,8,2.1,1.2,1.5,7,33.94,-4.31,-0.19
1,8,2.1,1.2,1.5,11,33.72,-0.15,0.12
1,8,2.1,1.2,1.5,15,33.67,0.82,0.19
1,8,2.1,1.2,1.5,19,33.5,2.3,0.3
1,8,2.1,1.2,1.8,3,34.06,-6.35,-0.34
1,8,2.1,1.2,1.8,7,33.94,-4.31,-0.19
1,8,2.1,1.2,1.8,11,33.72,-0.15,0.12
1,8,2.1,1.2,1.8,15,33.67,0.82,0.19
1,8,2.1,1.2,1.8,19,33.5,2.3,0.3
1,8,2.1,1.2,2.1,3,34.06,-6.35,-0.34
1,8,2.1,1.2,2.1,7,33.94,-4.31,-0.19
1,8,2.1,1.2,2.1,11,33.72,-0.15,0.12
1,8,2.1,1.2,2.1,15,33.67,0.82,0.19
1,8,2.1,1.2,2.1,19,33.5,2.3,0.3
1,8,2.1,1.5,0.0,3,32.72,-8.58,-0.49
1,8,2.1,1.5,0.0,7,32.44,-4.82,-0.21
1,8,2.1,1.5,0.0,11,32.33,-2.5,-0.04
1,8,2.1,1.5,0.0,15,32.28,-1.8,0.01
1,8,2.1,1.5,0.0,19,32.28,1.15,0.22
1,8,2.1,1.5,0.3,3,32.72,-8.58,-0.49
1,8,2.1,1.5,0.3,7,32.44,-4.82,-0.21
1,8,2.1,1.5,0.3,11,32.33,-2.5,-0.04
1,8,2.1,1.5,0.3,15,32.28,-1.8,0.01
1,8,2.1,1.5,0.3,19,32.28,1.15,0.22
1,8,2.1,1.5,0.6,3,32.72,-8.58,-0.49
1,8,2.1,1.5,0.6,7,32.44,-4.82,-0.21
1,8,2.1,1.5,0.6,11,32.33,-2.5,-0.04
1,8,2.1,1.5,0.6,15,32.28,-1.8,0.01
1,8,2.1,1.5,0.6,19,32.28,1.15,0.22
1,8,2.1,1.5,0.9,3,32.72,-8.58,-0.49
1,8,2.1,1.5,0.9,7,32.44,-4.82,-0.21
1,8,2.1,1.5,0.9,11,32.33,-2.5,-0.04
1,8,2.1,1.5,0.9,15,32.28,-1.8,0.01
1,8,2.1,1.5,0.9,19,32.28,1.15,0.22
1,8,2.1,1.5,1.2,3,32.72,-8.58,-0.49
1,8,2.1,1.5,1.2,7,32.44,-4.82,-0.21
1,8,2.1,1.5,1.2,11,32.33,-2.5,-0.04
1,8,2.1,1.5,1.2,15,32.28,-1.8,0.01
1,8,2.1,1.5,1.2,19,32.28,1.15,0.22
1,8,2.1,1.5,1.5,3,32.72,-8.58,-0.49
1,8,2.1,1.5,1.5,7,32.44,-4.82,-0.21
1,8,2.1,1.5,1.5,11,32.33,-2.5,-0.04
1,8,2.1,1.5,1.5,15,32.28,-1.8,0.01
1,8,2.1,1.5,1.5,19,32.28,1.15,0.22
1,8,2.1,1.5,1.8,3,32.72,-8.58,-0.49
1,8,2.1,1.5,1.8,7,32.44,-4.82,-0.21
1,8,2.1,1.5,1.8,11,32.33,-2.5,-0.04
1,8,2.1,1.5,1.8,15,32.28,-1.8,0.01
1,8,2.1,1.5,1.8,19,32.28,1.15,0.22
1,8,2.1,1.5,2.1,3,32.72,-8.58,-0.49
1,8,2.1,1.5,2.1,7,32.44,-4.82,-0.21
1,8,2.1,1.5,2.1,11,32.33,-2.5,-0.04
1,8,2.1,1.5,2.1,15,32.28,-1.8,0.01
1,8,2.1,1.5,2.1,19,32.28,1.15,0.22
1,8,2.1,1.8,0.0,3,31.94,-2.71,-0.05
1,8,2.1,1.8,0.0,7,31.72,-0.77,0.09
1,8,2.1,1.8,0.0,11,31.56,-2.74,-0.05
1,8,2.1,1.8,0.0,15,31.56,1.32,0.23
1,8,2.1,1.8,0.0,19,31.5,0.34,0.16
1,8,2.1,1.8,0.3,3,31.94,-2.71,-0.05
1,8,2.1,1.8,0.3,7,31.72,-0.77,0.09
1,8,2.1,1.8,0.3,11,31.5,-3.29,-0.08
1,8,2.1,1.8,0.3,15,31.5,0.75,0.19
1,8,2.1,1.8,0.3,19,31.44,-0.23,0.13
1,8,2.1,1.8,0.6,3,31.94,-2.71,-0.05
1,8,2.1,1.8,0.6,7,31.72,-0.77,0.09
1,8,2.1,1.8,0.6,11,31.5,-3.29,-0.08
1,8,2.1,1.8,0.6,15,31.5,0.75,0.19
1,8,2.1,1.8,0.6,19,31.44,-0.23,0.13
1,8,2.1,1.8,0.9,3,31.94,-2.71,-0.05
1,8,2.1,1.8,0.9,7,31.72,-0.77,0.09
1,8,2.1,1.8,0.9,11,31.5,-3.29,-0.08
1,8,2.1,1.8,0.9,15,31.5,0.75,0.19
1,8,2.1,1.8,0.9,19,31.44,-0.23,0.13
1,8,2.1,1.8,1.2,3,31.94,-2.71,-0.05
1,8,2.1,1.8,1.2,7,31.72,-0.77,0.09
1,8,2.1,1.8,1.2,11,31.5,-3.29,-0.08
1,8,2.1,1.8,1.2,15,31.5,0.75,0.19
1,8,2.1,1.8,1.2,19,31.44,-0.23,0.13
1,8,2.1,1.8,1.5,3,31.94,-2.71,-0.05
1,8,2.1,1.8,1.5,7,31.72,-0.77,0.09
1,8,2.1,1.8,1.5,11,31.5,-3.29,-0.08
1,8,2.1,1.8,1.5,15,31.5,0.75,0.19
1,8,2.1,1.8,1.5,19,31.44,-0.23,0.13
1,8,2.1,1.8,1.8,3,31.94,-2.71,-0.05
1,8,2.1,1.8,1.8,7,31.72,-0.77,0.09
1,8,2.1,1.8,1.8,11,31.5,-3.29,-0.08
1,8,2.1,1.8,1.8,15,31.5,0.75,0.19
1,8,2.1,1.8,1.8,19,31.44,-0.23,0.13
1,8,2.1,1.8,2.1,3,31.94,-2.71,-0.05
1,8,2.1,1.8,2.1,7,31.72,-0.77,0.09
1,8,2.1,1.8,2.1,11,31.5,-3.29,-0.08
1,8,2.1,1.8,2.1,15,31.5,0.75,0.19
1,8,2.1,1.8,2.1,19,31.44,-0.23,0.13
1,8,2.1,2.1,0.0,3,31.33,0.16,0.15
1,8,2.1,2.1,0.0,7,30.96,-2.19,-0.0
1,8,2.1,2.1,0.0,11,31.02,-2.43,-0.02
1,8,2.1,2.1,0.0,15,30.91,-4.63,-0.17
1,8,2.1,2.1,0.0,19,30.79,-2.74,-0.04
1,8,2.1,2.1,0.3,3,31.33,0.16,0.15
1,8,2.1,2.1,0.3,7,30.96,-2.19,-0.0
1,8,2.1,2.1,0.3,11,30.96,-2.98,-0.06
1,8,2.1,2.1,0.3,15,30.85,-5.17,-0.2
1,8,2.1,2.1,0.3,19,30.74,-3.29,-0.08
1,8,2.1,2.1,0.6,3,31.33,0.16,0.15
1,8,2.1,2.1,0.6,7,30.96,-2.19,-0.0
1,8,2.1,2.1,0.6,11,30.96,-2.98,-0.06
1,8,2.1,2.1,0.6,15,30.85,-5.17,-0.2
1,8,2.1,2.1,0.6,19,30.74,-3.29,-0.08
1,8,2.1,2.1,0.9,3,31.33,0.16,0.15
1,8,2.1,2.1,0.9,7,30.96,-2.19,-0.0
1,8,2.1,2.1,0.9,11,30.96,-2.98,-0.06
1,8,2.1,2.1,0.9,15,30.85,-5.17,-0.2
1,8,2.1,2.1,0.9,19,30.74,-3.29,-0.08
1,8,2.1,2.1,1.2,3,31.33,0.16,0.15
1,8,2.1,2.1,1.2,7,30.96,-2.19,-0.0
1,8,2.1,2.1,1.2,11,30.96,-2.98,-0.06
1,8,2.1,2.1,1.2,15,30.85,-5.17,-0.2
1,8,2.1,2.1,1.2,19,30.74,-3.29,-0.08
1,8,2.1,2.1,1.5,3,31.33,0.16,0.15
1,8,2.1,2.1,1.5,7,30.96,-2.19,-0.0
1,8,2.1,2.1,1.5,11,30.96,-2.98,-0.06
1,8,2.1,2.1,1.5,15,30.85,-5.17,-0.2
1,8,2.1,2.1,1.5,19,30.74,-3.29,-0.08
1,8,2.1,2.1,1.8,3,31.33,0.16,0.15
1,8,2.1,2.1,1.8,7,30.96,-2.19,-0.0
1,8,2.1,2.1,1.8,11,30.96,-2.98,-0.06
1,8,2.1,2.1,1.8,15,30.85,-5.17,-0.2
1,8,2.1,2.1,1.8,19,30.74,-3.29,-0.08
1,8,2.1,2.1,2.1,3,31.33,0.16,0.15
1,8,2.1,2.1,2.1,7,30.96,-2.19,-0.0
1,8,2.1,2.1,2.1,11,30.96,-2.98,-0.06
1,8,2.1,2.1,2.1,15,30.85,-5.17,-0.2
1,8,2.1,2.1,2.1,19,30.74,-3.29,-0.08
1,11,0.0,0.0,0.0,3,45.9,-9.46,-1.18
1,11,0.0,0.0,0.0,7,45.9,-9.46,-1.18
1,11,0.0,0.0,0.0,11,45.9,-9.46,-1.18
1,11,0.0,0.0,0.0,15,45.9,-9.46,-1.18
1,11,0.0,0.0,0.0,19,45.9,-8.23,-1.0
1,11,0.0,0.0,0.3,3,45.9,-9.46,-1.18
1,11,0.0,0.0,0.3,7,45.9,-9.46,-1.18
1,11,0.0,0.0,0.3,11,45.9,-9.46,-1.18
1,11,0.0,0.0,0.3,15,45.9,-9.46,-1.18
1,11,0.0,0.0,0.3,19,45.9,-8.23,-1.0
1,11,0.0,0.0,0.6,3,45.9,-9.46,-1.18
1,11,0.0,0.0,0.6,7,45.9,-9.46,-1.18
1,11,0.0,0.0,0.6,11,45.9,-9.46,-1.18
1,11,0.0,0.0,0.6,15,45.9,-9.46,-1.18
1,11,0.0,0.0,0.6,19,45.9,-8.23,-1.0
1,11,0.0,0.0,0.9,3,45.9,-9.46,-1.18
1,11,0.0,0.0,0.9,7,45.9,-9.46,-1.18
1,11,0.0,0.0,0.9,11,45.9,-9.46,-1.18
1,11,0.0,0.0,0.9,15,45.9,-9.46,-1.18
1,11,0.0,0.0,0.9,19,45.9,-8.23,-1.0
1,11,0.0,0.0,1.2,3,45.9,-9.46,-1.18
1,11,0.0,0.0,1.2,7,45.9,-9.46,-1.18
1,11,0.0,0.0,1.2,11,45.9,-9.46,-1.18
1,11,0.0,0.0,1.2,15,45.9,-9.46,-1.18
1,11,0.0,0.0,1.2,19,45.9,-8.23,-1.0
1,11,0.0,0.0,1.5,3,45.9,-9.46,-1.18
1,11,0.0,0.0,1.5,7,45.9,-9.46,-1.18
1,11,0.0,0.0,1.5,11,45.9,-9.46,-1.18
1,11,0.0,0.0,1.5,15,45.9,-9.46,-1.18
1,11,0.0,0.0,1.5,19,45.9,-8.23,-1.0
1,11,0.0,0.0,1.8,3,45.9,-9.46,-1.18
1,11,0.0,0.0,1.8,7,45.9,-9.46,-1.18
1,11,0.0,0.0,1.8,11,45.9,-9.46,-1.18
1,11,0.0,0.0,1.8,15,45.9,-9.46,-1.18
1,11,0.0,0.0,1.8,19,45.9,-8.23,-1.0
1,11,0.0,0.0,2.1,3,45.9,-9.46,-1.18
1,11,0.0,0.0,2.1,7,45.9,-9.46,-1.18
1,11,0.0,0.0,2.1,11,45.9,-9.46,-1.18
1,11,0.0,0.0,2.1,15,45.9,-9.46,-1.18
1,11,0.0,0.0,2.1,19,45.9,-8.23,-1.0
1,11,0.0,0.3,0.0,3,35.49,-14.73,-1.74
1,11,0.0,0.3,0.0,7,35.49,-15.34,-1.84
1,11,0.0,0.3,0.0,11,35.49,-14.91,-1.79
1,11,0.0,0.3,0.0,15,35.15,-16.04,-1.94
1,11,0.0,0.3,0.0,19,35.08,-14.47,-1.72
1,11,0.0,0.3,0.3,3,36.66,-14.32,-1.69
1,11,0.0,0.3,0.3,7,36.73,-14.75,-1.77
1,11,0.0,0.3,0.3,11,36.8,-14.23,-1.71
1,11,0.0,0.3,0.3,15,36.6,-15.02,-1.81
1,11,0.0,0.3,0.3,19,36.6,-14.07,-1.67
1,11,0.0,0.3,0.6,3,36.66,-14.32,-1.69
1,11,0.0,0.3,0.6,7,36.73,-14.75,-1.77
1,11,0.0,0.3,0.6,11,36.8,-14.23,-1.71
1,11,0.0,0.3,0.6,15,36.6,-15.02,-1.81
1,11,0.0,0.3,0.6,19,36.6,-14.07,-1.67
1,11,0.0,0.3,0.9,3,36.66,-14.32,-1.69
1,11,0.0,0.3,0.9,7,36.73,-14.75,-1.77
1,11,0.0,0.3,0.9,11,36.8,-14.23,-1.71
1,11,0.0,0.3,0.9,15,36.6,-15.02,-1.81
1,11,0.0,0.3,0.9,19,36.6,-14.07,-1.67
1,11,0.0,0.3,1.2,3,36.66,-14.32,-1.69
1,11,0.0,0.3,1.2,7,36.73,-14.75,-1.77
1,11,0.0,0.3,1.2,11,36.8,-14.23,-1.71
1,11,0.0,0.3,1.2,15,36.6,-15.02,-1.81
1,11,0.0,0.3,1.2,19,36.6,-14.07,-1.67
1,11,0.0,0.3,1.5,3,36.66,-14.32,-1.69
1,11,0.0,0.3,1.5,7,36.73,-14.75,-1.77
1,11,0.0,0.3,1.5,11,36.8,-14.23,-1.71
1,11,0.0,0.3,1.5,15,36.6,-15.02,-1.81
1,11,0.0,0.3,1.5,19,36.6,-14.07,-1.67
1,11,0.0,0.3,1.8,3,36.66,-14.32,-1.69
1,11,0.0,0.3,1.8,7,36.73,-14.75,-1.77
1,11,0.0,0.3,1.8,11,36.8,-14.23,-1.71
1,11,0.0,0.3,1.8,15,36.6,-15.02,-1.81
1,11,0.0,0.3,1.8,19,36.6,-14.07,-1.67
1,11,0.0,0.3,2.1,3,36.66,-14.32,-1.69
1,11,0.0,0.3,2.1,7,36.73,-14.75,-1.77
1,11,0.0,0.3,2.1,11,36.8,-14.23,-1.71
1,11,0.0,0.3,2.1,15,36.6,-15.02,-1.81
1,11,0.0,0.3,2.1,19,36.6,-14.07,-1.67
1,11,0.0,0.6,0.0,3,29.5,-14.13,-1.53
1,11,0.0,0.6,0.0,7,29.08,-14.71,-1.62
1,11,0.0,0.6,0.0,11,29.01,-15.03,-1.65
1,11,0.0,0.6,0.0,15,28.74,-16.36,-1.82
1,11,0.0,0.6,0.0,19,28.67,-15.11,-1.66
1,11,0.0,0.6,0.3,3,33.43,-12.2,-1.35
1,11,0.0,0.6,0.3,7,33.08,-13.22,-1.48
1,11,0.0,0.6,0.3,11,33.01,-13.16,-1.48
1,11,0.0,0.6,0.3,15,32.8,-14.05,-1.59
1,11,0.0,0.6,0.3,19,32.8,-12.96,-1.45
1,11,0.0,0.6,0.6,3,33.43,-12.2,-1.35
1,11,0.0,0.6,0.6,7,33.08,-13.22,-1.48
1,11,0.0,0.6,0.6,11,33.01,-13.16,-1.48
1,11,0.0,0.6,0.6,15,32.8,-14.05,-1.59
1,11,0.0,0.6,0.6,19,32.8,-12.96,-1.45
1,11,0.0,0.6,0.9,3,33.43,-12.2,-1.35
1,11,0.0,0.6,0.9,7,33.08,-13.22,-1.48
1,11,0.0,0.6,0.9,11,33.01,-13.16,-1.48
1,11,0.0,0.6,0.9,15,32.8,-14.05,-1.59
1,11,0.0,0.6,0.9,19,32.8,-12.96,-1.45
1,11,0.0,0.6,1.2,3,33.43,-12.2,-1.35
1,11,0.0,0.6,1.2,7,33.08,-13.22,-1.48
1,11,0.0,0.6,1.2,11,33.01,-13.16,-1.48
1,11,0.0,0.6,1.2,15,32.8,-14.05,-1.59
1,11,0.0,0.6,1.2,19,32.8,-12.96,-1.45
1,11,0.0,0.6,1.5,3,33.43,-12.2,-1.35
1,11,0.0,0.6,1.5,7,33.08,-13.22,-1.48
1,11,0.0,0.6,1.5,11,33.01,-13.16,-1.48
1,11,0.0,0.6,1.5,15,32.8,-14.05,-1.59
1,11,0.0,0.6,1.5,19,32.8,-12.96,-1.45
1,11,0.0,0.6,1.8,3,33.43,-12.2,-1.35
1,11,0.0,0.6,1.8,7,33.08,-13.22,-1.48
1,11,0.0,0.6,1.8,11,33.01,-13.16,-1.48
1,11,0.0,0.6,1.8,15,32.8,-14.05,-1.59
1,11,0.0,0.6,1.8,19,32.8,-12.96,-1.45
1,11,0.0,0.6,2.1,3,33.43,-12.2,-1.35
1,11,0.0,0.6,2.1,7,33.08,-13.22,-1.48
1,11,0.0,0.6,2.1,11,33.01,-13.16,-1.48
1,11,0.0,0.6,2.1,15,32.8,-14.05,-1.59
1,11,0.0,0.6,2.1,19,32.8,-12.96,-1.45
1,11,0.0,0.9,0.0,3,25.16,-12.64,-1.21
1,11,0.0,0.9,0.0,7,25.29,-11.02,-1.05
1,11,0.0,0.9,0.0,11,25.02,-10.52,-1.0
1,11,0.0,0.9,0.0,15,24.6,-10.34,-0.97
1,11,0.0,0.9,0.0,19,24.53,-10.16,-0.94
1,11,0.0,0.9,0.3,3,31.84,-9.02,-0.89
1,11,0.0,0.9,0.3,7,31.77,-9.8,-0.99
1,11,0.0,0.9,0.3,11,31.7,-7.61,-0.74
1,11,0.0,0.9,0.3,15,31.63,-6.18,-0.57
1,11,0.0,0.9,0.3,19,31.56,-5.89,-0.54
1,11,0.0,0.9,0.6,3,31.84,-9.02,-0.89
1,11,0.0,0.9,0.6,7,31.77,-9.8,-0.99
1,11,0.0,0.9,0.6,11,31.7,-7.61,-0.74
1,11,0.0,0.9,0.6,15,31.63,-6.18,-0.57
1,11,0.0,0.9,0.6,19,31.56,-5.89,-0.54
1,11,0.0,0.9,0.9,3,31.84,-9.02,-0.89
1,11,0.0,0.9,0.9,7,31.77,-9.8,-0.99
1,11,0.0,0.9,0.9,11,31.7,-7.61,-0.74
1,11,0.0,0.9,0.9,15,31.63,-6.18,-0.57
1,11,0.0,0.9,0.9,19,31.56,-5.89,-0.54
1,11,0.0,0.9,1.2,3,31.84,-9.02,-0.89
1,11,0.0,0.9,1.2,7,31.77,-9.8,-0.99
1,11,0.0,0.9,1.2,11,31.7,-7.61,-0.74
1,11,0.0,0.9,1.2,15,31.63,-6.18,-0.57
1,11,0.0,0.9,1.2,19,31.56,-5.89,-0.54
1,11,0.0,0.9,1.5,3,31.84,-9.02,-0.89
1,11,0.0,0.9,1.5,7,31.77,-9.8,-0.99
1,11,0.0,0.9,1.5,11,31.7,-7.61,-0.74
1,11,0.0,0.9,1.5,15,31.63,-6.18,-0.57
1,11,0.0,0.9,1.5,19,31.56,-5.89,-0.54
1,11,0.0,0.9,1.8,3,31.84,-9.02,-0.89
1,11,0.0,0.9,1.8,7,31.77,-9.8,-0.99
1,11,0.0,0.9,1.8,11,31.7,-7.61,-0.74
1,11,0.0,0.9,1.8,15,31.63,-6.18,-0.57
1,11,0.0,0.9,1.8,19,31.56,-5.89,-0.54
1,11,0.0,0.9,2.1,3,31.84,-9.02,-0.89
1,11,0.0,0.9,2.1,7,31.77,-9.8,-0.99
1,11,0.0,0.9,2.1,11,31.7,-7.61,-0.74
1,11,0.0,0.9,2.1,15,31.63,-6.18,-0.57
1,11,0.0,0.9,2.1,19,31.56,-5.89,-0.54
1,11,0.0,1.2,0.0,3,23.09,-11.86,-1.06
1,11,0.0,1.2,0.0,7,22.88,-12.18,-1.1
1,11,0.0,1.2,0.0,11,22.67,-11.05,-0.99
1,11,0.0,1.2,0.0,15,22.74,-10.15,-0.9
1,11,0.0,1.2,0.0,19,22.74,-7.51,-0.63
1,11,0.0,1.2,0.3,3,31.29,-11.25,-1.12
1,11,0.0,1.2,0.3,7,31.36,-9.46,-0.92
1,11,0.0,1.2,0.3,11,31.36,-9.86,-0.97
1,11,0.0,1.2,0.3,15,31.43,-8.82,-0.85
1,11,0.0,1.2,0.3,19,31.43,-6.66,-0.61
1,11,0.0,1.2,0.6,3,31.29,-11.25,-1.12
1,11,0.0,1.2,0.6,7,31.36,-9.46,-0.92
1,11,0.0,1.2,0.6,11,31.36,-9.86,-0.97
1,11,0.0,1.2,0.6,15,31.43,-8.82,-0.85
1,11,0.0,1.2,0.6,19,31.43,-6.66,-0.61
1,11,0.0,1.2,0.9,3,31.29,-11.25,-1.12
1,11,0.0,1.2,0.9,7,31.36,-9.46,-0.92
1,11,0.0,1.2,0.9,11,31.36,-9.86,-0.97
1,11,0.0,1.2,0.9,15,31.43,-8.82,-0.85
1,11,0.0,1.2,0.9,19,31.43,-6.66,-0.61
1,11,0.0,1.2,1.2,3,31.29,-11.25,-1.12
1,11,0.0,1.2,1.2,7,31.36,-9.46,-0.92
1,11,0.0,1.2,1.2,11,31.36,-9.86,-0.97
1,11,0.0,1.2,1.2,15,31.43,-8.82,-0.85
1,11,0.0,1.2,1.2,19,31.43,-6.66,-0.61
1,11,0.0,1.2,1.5,3,31.29,-11.25,-1.12
1,11,0.0,1.2,1.5,7,31.36,-9.46,-0.92
1,11,0.0,1.2,1.5,11,31.36,-9.86,-0.97
1,11,0.0,1.2,1.5,15,31.43,-8.82,-0.85
1,11,0.0,1.2,1.5,19,31.43,-6.66,-0.61
1,11,0.0,1.2,1.8,3,31.29,-11.25,-1.12
1,11,0.0,1.2,1.8,7,31.36,-9.46,-0.92
1,11,0.0,1.2,1.8,11,31.36,-9.86,-0.97
1,11,0.0,1.2,1.8,15,31.43,-8.82,-0.85
1,11,0.0,1.2,1.8,19,31.43,-6.66,-0.61
1,11,0.0,1.2,2.1,3,31.29,-11.25,-1.12
1,11,0.0,1.2,2.1,7,31.36,-9.46,-0.92
1,11,0.0,1.2,2.1,11,31.36,-9.86,-0.97
1,11,0.0,1.2,2.1,15,31.43,-8.82,-0.85
1,11,0.0,1.2,2.1,19,31.43,-6.66,-0.61
1,11,0.0,1.5,0.0,3,21.64,-14.08,-1.25
1,11,0.0,1.5,0.0,7,21.5,-13.19,-1.16
1,11,0.0,1.5,0.0,11,21.64,-13.44,-1.19
1,11,0.0,1.5,0.0,15,21.5,-12.2,-1.07
1,11,0.0,1.5,0.0,19,21.43,-10.17,-0.86
1,11,0.0,1.5,0.3,3,31.29,-12.1,-1.21
1,11,0.0,1.5,0.3,7,31.29,-11.35,-1.12
1,11,0.0,1.5,0.3,11,31.36,-9.56,-0.92
1,11,0.0,1.5,0.3,15,31.36,-9.82,-0.96
1,11,0.0,1.5,0.3,19,31.29,-7.92,-0.74
1,11,0.0,1.5,0.6,3,31.29,-12.1,-1.21
1,11,0.0,1.5,0.6,7,31.29,-11.35,-1.12
1,11,0.0,1.5,0.6,11,31.36,-9.56,-0.92
1,11,0.0,1.5,0.6,15,31.36,-9.82,-0.96
1,11,0.0,1.5,0.6,19,31.29,-7.92,-0.74
1,11,0.0,1.5,0.9,3,31.29,-12.1,-1.21
1,11,0.0,1.5,0.9,7,31.29,-11.35,-1.12
1,11,0.0,1.5,0.9,11,31.36,-9.56,-0.92
1,11,0.0,1.5,0.9,15,31.36,-9.82,-0.96
1,11,0.0,1.5,0.9,19,31.29,-7.92,-0.74
1,11,0.0,1.5,1.2,3,31.29,-12.1,-1.21
1,11,0.0,1.5,1.2,7,31.29,-11.35,-1.12
1,11,0.0,1.5,1.2,11,31.36,-9.56,-0.92
1,11,0.0,1.5,1.2,15,31.36,-9.82,-0.96
1,11,0.0,1.5,1.2,19,31.29,-7.92,-0.74
1,11,0.0,1.5,1.5,3,31.29,-12.1,-1.21
1,11,0.0,1.5,1.5,7,31.29,-11.35,-1.12
1,11,0.0,1.5,1.5,11,31.36,-9.56,-0.92
1,11,0.0,1.5,1.5,15,31.36,-9.82,-0.96
1,11,0.0,1.5,1.5,19,31.29,-7.92,-0.74
1,11,0.0,1.5,1.8,3,31.29,-12.1,-1.21
1,11,0.0,1.5,1.8,7,31.29,-11.35,-1.12
1,11,0.0,1.5,1.8,11,31.36,-9.56,-0.92
1,11,0.0,1.5,1.8,15,31.36,-9.82,-0.96
1,11,0.0,1.5,1.8,19,31.29,-7.92,-0.74
1,11,0.0,1.5,2.1,3,31.29,-12.1,-1.21
1,11,0.0,1.5,2.1,7,31.29,-11.35,-1.12
1,11,0.0,1.5,2.1,11,31.36,-9.56,-0.92
1,11,0.0,1.5,2.1,15,31.36,-9.82,-0.96
1,11,0.0,1.5,2.1,19,31.29,-7.92,-0.74
1,11,0.0,1.8,0.0,3,20.81,-12.57,-1.06
1,11,0.0,1.8,0.0,7,20.74,-12.46,-1.05
1,11,0.0,1.8,0.0,11,20.68,-12.97,-1.1
1,11,0.0,1.8,0.0,15,20.54,-16.36,-1.43
1,11,0.0,1.8,0.0,19,20.47,-15.74,-1.36
1,11,0.0,1.8,0.3,3,31.22,-10.28,-0.99
1,11,0.0,1.8,0.3,7,31.22,-12.31,-1.22
1,11,0.0,1.8,0.3,11,31.22,-11.35,-1.11
1,11,0.0,1.8,0.3,15,31.22,-10.07,-0.97
1,11,0.0,1.8,0.3,19,31.22,-8.28,-0.77
1,11,0.0,1.8,0.6,3,31.22,-10.28,-0.99
1,11,0.0,1.8,0.6,7,31.22,-12.31,-1.22
1,11,0.0,1.8,0.6,11,31.22,-11.35,-1.11
1,11,0.0,1.8,0.6,15,31.22,-10.07,-0.97
1,11,0.0,1.8,0.6,19,31.22,-8.28,-0.77
1,11,0.0,1.8,0.9,3,31.22,-10.28,-0.99
1,11,0.0,1.8,0.9,7,31.22,-12.31,-1.22
1,11,0.0,1.8,0.9,11,31.22,-11.35,-1.11
1,11,0.0,1.8,0.9,15,31.22,-10.07,-0.97
1,11,0.0,1.8,0.9,19,31.22,-8.28,-0.77
1,11,0.0,1.8,1.2,3,31.22,-10.28,-0.99
1,11,0.0,1.8,1.2,7,31.22,-12.31,-1.22
1,11,0.0,1.8,1.2,11,31.22,-11.35,-1.11
1,11,0.0,1.8,1.2,15,31.22,-10.07,-0.97
1,11,0.0,1.8,1.2,19,31.22,-8.28,-0.77
1,11,0.0,1.8,1.5,3,31.22,-10.28,-0.99
1,11,0.0,1.8,1.5,7,31.22,-12.31,-1.22
1,11,0.0,1.8,1.5,11,31.22,-11.35,-1.11
1,11,0.0,1.8,1.5,15,31.22,-10.07,-0.97
1,11,0.0,1.8,1.5,19,31.22,-8.28,-0.77
1,11,0.0,1.8,1.8,3,31.22,-10.28,-0.99
1,11,0.0,1.8,1.8,7,31.22,-12.31,-1.22
1,11,0.0,1.8,1.8,11,31.22,-11.35,-1.11
1,11,0.0,1.8,1.8,15,31.22,-10.07,-0.97
1,11,0.0,1.8,1.8,19,31.22,-8.28,-0.77
1,11,0.0,1.8,2.1,3,31.22,-10.28,-0.99
1,11,0.0,1.8,2.1,7,31.22,-12.31,-1.22
1,11,0.0,1.8,2.1,11,31.22,-11.35,-1.11
1,11,0.0,1.8,2.1,15,31.22,-10.07,-0.97
1,11,0.0,1.8,2.1,19,31.22,-8.28,-0.77
1,11,0.0,2.1,0.0,3,20.19,-14.59,-1.23
1,11,0.0,2.1,0.0,7,19.93,-18.33,-1.59
1,11,0.0,2.1,0.0,11,20.0,-18.38,-1.6
1,11,0.0,2.1,0.0,15,19.86,-19.46,-1.7
1,11,0.0,2.1,0.0,19,19.86,-17.2,-1.47
1,11,0.0,2.1,0.3,3,31.22,-11.62,-1.13
1,11,0.0,2.1,0.3,7,31.17,-12.62,-1.25
1,11,0.0,2.1,0.3,11,31.17,-11.99,-1.18
1,11,0.0,2.1,0.3,15,31.17,-11.77,-1.15
1,11,0.0,2.1,0.3,19,31.17,-10.65,-1.02
1,11,0.0,2.1,0.6,3,31.22,-11.62,-1.13
1,11,0.0,2.1,0.6,7,31.17,-12.62,-1.25
1,11,0.0,2.1,0.6,11,31.17,-11.99,-1.18
1,11,0.0,2.1,0.6,15,31.17,-11.77,-1.15
1,11,0.0,2.1,0.6,19,31.17,-10.65,-1.02
1,11,0.0,2.1,0.9,3,31.22,-11.62,-1.13
1,11,0.0,2.1,0.9,7,31.17,-12.62,-1.25
1,11,0.0,2.1,0.9,11,31.17,-11.99,-1.18
1,11,0.0,2.1,0.9,15,31.17,-11.77,-1.15
1,11,0.0,2.1,0.9,19,31.17,-10.65,-1.02
1,11,0.0,2.1,1.2,3,31.22,-11.62,-1.13
1,11,0.0,2.1,1.2,7,31.17,-12.62,-1.25
1,11,0.0,2.1,1.2,11,31.17,-11.99,-1.18
1,11,0.0,2.1,1.2,15,31.17,-11.77,-1.15
1,11,0.0,2.1,1.2,19,31.17,-10.65,-1.02
1,11,0.0,2.1,1.5,3,31.22,-11.62,-1.13
1,11,0.0,2.1,1.5,7,31.17,-12.62,-1.25
1,11,0.0,2.1,1.5,11,31.17,-11.99,-1.18
1,11,0.0,2.1,1.5,15,31.17,-11.77,-1.15
1,11,0.0,2.1,1.5,19,31.17,-10.65,-1.02
1,11,0.0,2.1,1.8,3,31.22,-11.62,-1.13
1,11,0.0,2.1,1.8,7,31.17,-12.62,-1.25
1,11,0.0,2.1,1.8,11,31.17,-11.99,-1.18
1,11,0.0,2.1,1.8,15,31.17,-11.77,-1.15
1,11,0.0,2.1,1.8,19,31.17,-10.65,-1.02
1,11,0.0,2.1,2.1,3,31.22,-11.62,-1.13
1,11,0.0,2.1,2.1,7,31.17,-12.62,-1.25
1,11,0.0,2.1,2.1,11,31.17,-11.99,-1.18
1,11,0.0,2.1,2.1,15,31.17,-11.77,-1.15
1,11,0.0,2.1,2.1,19,31.17,-10.65,-1.02
1,11,0.3,0.0,0.0,3,54.38,-14.23,-1.59
1,11,0.3,0.0,0.0,7,53.96,-11.01,-1.29
1,11,0.3,0.0,0.0,11,53.82,-9.77,-1.13
1,11,0.3,0.0,0.0,15,53.89,-9.55,-1.11
1,11,0.3,0.0,0.0,19,53.76,-8.57,-0.97
1,11,0.3,0.0,0.3,3,54.38,-14.23,-1.59
1,11,0.3,0.0,0.3,7,53.96,-11.01,-1.29
1,11,0.3,0.0,0.3,11,53.82,-9.77,-1.13
1,11,0.3,0.0,0.3,15,53.89,-9.55,-1.11
1,11,0.3,0.0,0.3,19,53.76,-8.57,-0.97
1,11,0.3,0.0,0.6,3,54.38,-14.23,-1.59
1,11,0.3,0.0,0.6,7,53.96,-11.01,-1.29
1,11,0.3,0.0,0.6,11,53.82,-9.77,-1.13
1,11,0.3,0.0,0.6,15,53.89,-9.55,-1.11
1,11,0.3,0.0,0.6,19,53.76,-8.57,-0.97
1,11,0.3,0.0,0.9,3,54.38,-14.23,-1.59
1,11,0.3,0.0,0.9,7,53.96,-11.01,-1.29
1,11,0.3,0.0,0.9,11,53.82,-9.77,-1.13
1,11,0.3,0.0,0.9,15,53.89,-9.55,-1.11
1,11,0.3,0.0,0.9,19,53.76,-8.57,-0.97
1,11,0.3,0.0,1.2,3,54.38,-14.23,-1.59
1,11,0.3,0.0,1.2,7,53.96,-11.01,-1.29
1,11,0.3,0.0,1.2,11,53.82,-9.77,-1.13
1,11,0.3,0.0,1.2,15,53.89,-9.55,-1.11
1,11,0.3,0.0,1.2,19,53.76,-8.57,-0.97
1,11,0.3,0.0,1.5,3,54.38,-14.23,-1.59
1,11,0.3,0.0,1.5,7,53.96,-11.01,-1.29
1,11,0.3,0.0,1.5,11,53.82,-9.77,-1.13
1,11,0.3,0.0,1.5,15,53.89,-9.55,-1.11
1,11,0.3,0.0,1.5,19,53.76,-8.57,-0.97
1,11,0.3,0.0,1.8,3,54.38,-14.23,-1.59
1,11,0.3,0.0,1.8,7,53.96,-11.01,-1.29
1,11,0.3,0.0,1.8,11,53.82,-9.77,-1.13
1,11,0.3,0.0,1.8,15,53.89,-9.55,-1.11
1,11,0.3,0.0,1.8,19,53.76,-8.57,-0.97
1,11,0.3,0.0,2.1,3,54.38,-14.23,-1.59
1,11,0.3,0.0,2.1,7,53.96,-11.01,-1.29
1,11,0.3,0.0,2.1,11,53.82,-9.77,-1.13
1,11,0.3,0.0,2.1,15,53.89,-9.55,-1.11
1,11,0.3,0.0,2.1,19,53.76,-8.57,-0.97
1,11,0.3,0.3,0.0,3,44.38,-16.02,-1.62
1,11,0.3,0.3,0.0,7,43.83,-13.34,-1.43
1,11,0.3,0.3,0.0,11,43.69,-14.26,-1.56
1,11,0.3,0.3,0.0,15,43.49,-14.28,-1.56
1,11,0.3,0.3,0.0,19,43.21,-12.56,-1.35
1,11,0.3,0.3,0.3,3,43.56,-16.9,-1.74
1,11,0.3,0.3,0.3,7,42.87,-15.06,-1.64
1,11,0.3,0.3,0.3,11,42.59,-14.89,-1.65
1,11,0.3,0.3,0.3,15,42.45,-14.98,-1.66
1,11,0.3,0.3,0.3,19,42.32,-13.27,-1.44
1,11,0.3,0.3,0.6,3,43.56,-16.9,-1.74
1,11,0.3,0.3,0.6,7,42.87,-15.06,-1.64
1,11,0.3,0.3,0.6,11,42.59,-14.89,-1.65
1,11,0.3,0.3,0.6,15,42.45,-14.98,-1.66
1,11,0.3,0.3,0.6,19,42.32,-13.27,-1.44
1,11,0.3,0.3,0.9,3,43.56,-16.9,-1.74
1,11,0.3,0.3,0.9,7,42.87,-15.06,-1.64
1,11,0.3,0.3,0.9,11,42.59,-14.89,-1.65
1,11,0.3,0.3,0.9,15,42.45,-14.98,-1.66
1,11,0.3,0.3,0.9,19,42.32,-13.27,-1.44
1,11,0.3,0.3,1.2,3,43.56,-16.9,-1.74
1,11,0.3,0.3,1.2,7,42.87,-15.06,-1.64
1,11,0.3,0.3,1.2,11,42.59,-14.89,-1.65
1,11,0.3,0.3,1.2,15,42.45,-14.98,-1.66
1,11,0.3,0.3,1.2,19,42.32,-13.27,-1.44
1,11,0.3,0.3,1.5,3,43.56,-16.9,-1.74
1,11,0.3,0.3,1.5,7,42.87,-15.06,-1.64
1,11,0.3,0.3,1.5,11,42.59,-14.89,-1.65
1,11,0.3,0.3,1.5,15,42.45,-14.98,-1.66
1,11,0.3,0.3,1.5,19,42.32,-13.27,-1.44
1,11,0.3,0.3,1.8,3,43.56,-16.9,-1.74
1,11,0.3,0.3,1.8,7,42.87,-15.06,-1.64
1,11,0.3,0.3,1.8,11,42.59,-14.89,-1.65
1,11,0.3,0.3,1.8,15,42.45,-14.98,-1.66
1,11,0.3,0.3,1.8,19,42.32,-13.27,-1.44
1,11,0.3,0.3,2.1,3,43.56,-16.9,-1.74
1,11,0.3,0.3,2.1,7,42.87,-15.06,-1.64
1,11,0.3,0.3,2.1,11,42.59,-14.89,-1.65
1,11,0.3,0.3,2.1,15,42.45,-14.98,-1.66
1,11,0.3,0.3,2.1,19,42.32,-13.27,-1.44
1,11,0.3,0.6,0.0,3,37.9,-13.43,-1.21
1,11,0.3,0.6,0.0,7,37.08,-10.96,-1.03
1,11,0.3,0.6,0.0,11,36.66,-13.32,-1.3
1,11,0.3,0.6,0.0,15,36.32,-14.69,-1.46
1,11,0.3,0.6,0.0,19,36.04,-14.4,-1.42
1,11,0.3,0.6,0.3,3,37.56,-12.16,-1.12
1,11,0.3,0.6,0.3,7,36.66,-11.04,-1.08
1,11,0.3,0.6,0.3,11,36.18,-10.83,-1.07
1,11,0.3,0.6,0.3,15,36.04,-11.38,-1.13
1,11,0.3,0.6,0.3,19,36.04,-9.97,-0.97
1,11,0.3,0.6,0.6,3,37.56,-12.16,-1.12
1,11,0.3,0.6,0.6,7,36.66,-11.04,-1.08
1,11,0.3,0.6,0.6,11,36.18,-10.83,-1.07
1,11,0.3,0.6,0.6,15,36.04,-11.38,-1.13
1,11,0.3,0.6,0.6,19,36.04,-9.97,-0.97
1,11,0.3,0.6,0.9,3,37.56,-12.16,-1.12
1,11,0.3,0.6,0.9,7,36.66,-11.04,-1.08
1,11,0.3,0.6,0.9,11,36.18,-10.83,-1.07
1,11,0.3,0.6,0.9,15,36.04,-11.38,-1.13
1,11,0.3,0.6,0.9,19,36.04,-9.97,-0.97
1,11,0.3,0.6,1.2,3,37.56,-12.16,-1.12
1,11,0.3,0.6,1.2,7,36.66,-11.04,-1.08
1,11,0.3,0.6,1.2,11,36.18,-10.83,-1.07
1,11,0.3,0.6,1.2,15,36.04,-11.38,-1.13
1,11,0.3,0.6,1.2,19,36.04,-9.97,-0.97
1,11,0.3,0.6,1.5,3,37.56,-12.16,-1.12
1,11,0.3,0.6,1.5,7,36.66,-11.04,-1.08
1,11,0.3,0.6,1.5,11,36.18,-10.83,-1.07
1,11,0.3,0.6,1.5,15,36.04,-11.38,-1.13
1,11,0.3,0.6,1.5,19,36.04,-9.97,-0.97
1,11,0.3,0.6,1.8,3,37.56,-12.16,-1.12
1,11,0.3,0.6,1.8,7,36.66,-11.04,-1.08
1,11,0.3,0.6,1.8,11,36.18,-10.83,-1.07
1,11,0.3,0.6,1.8,15,36.04,-11.38,-1.13
1,11,0.3,0.6,1.8,19,36.04,-9.97,-0.97
1,11,0.3,0.6,2.1,3,37.56,-12.16,-1.12
1,11,0.3,0.6,2.1,7,36.66,-11.04,-1.08
1,11,0.3,0.6,2.1,11,36.18,-10.83,-1.07
1,11,0.3,0.6,2.1,15,36.04,-11.38,-1.13
1,11,0.3,0.6,2.1,19,36.04,-9.97,-0.97
1,11,0.3,0.9,0.0,3,32.74,-11.31,-0.89
1,11,0.3,0.9,0.0,7,32.67,-3.46,-0.21
1,11,0.3,0.9,0.0,11,32.18,-3.5,-0.21
1,11,0.3,0.9,0.0,15,31.7,-3.74,-0.23
1,11,0.3,0.9,0.0,19,31.5,-4.37,-0.29
1,11,0.3,0.9,0.3,3,34.73,-9.4,-0.76
1,11,0.3,0.9,0.3,7,34.67,-2.87,-0.18
1,11,0.3,0.9,0.3,11,34.11,-2.15,-0.11
1,11,0.3,0.9,0.3,15,33.98,-0.33,0.07
1,11,0.3,0.9,0.3,19,33.84,0.24,0.12
1,11,0.3,0.9,0.6,3,34.73,-9.4,-0.76
1,11,0.3,0.9,0.6,7,34.67,-2.87,-0.18
1,11,0.3,0.9,0.6,11,34.11,-2.15,-0.11
1,11,0.3,0.9,0.6,15,33.98,-0.33,0.07
1,11,0.3,0.9,0.6,19,33.84,0.24,0.12
1,11,0.3,0.9,0.9,3,34.73,-9.4,-0.76
1,11,0.3,0.9,0.9,7,34.67,-2.87,-0.18
1,11,0.3,0.9,0.9,11,34.11,-2.15,-0.11
1,11,0.3,0.9,0.9,15,33.98,-0.33,0.07
1,11,0.3,0.9,0.9,19,33.84,0.24,0.12
1,11,0.3,0.9,1.2,3,34.73,-9.4,-0.76
1,11,0.3,0.9,1.2,7,34.67,-2.87,-0.18
1,11,0.3,0.9,1.2,11,34.11,-2.15,-0.11
1,11,0.3,0.9,1.2,15,33.98,-0.33,0.07
1,11,0.3,0.9,1.2,19,33.84,0.24,0.12
1,11,0.3,0.9,1.5,3,34.73,-9.4,-0.76
1,11,0.3,0.9,1.5,7,34.67,-2.87,-0.18
1,11,0.3,0.9,1.5,11,34.11,-2.15,-0.11
1,11,0.3,0.9,1.5,15,33.98,-0.33,0.07
1,11,0.3,0.9,1.5,19,33.84,0.24,0.12
1,11,0.3,0.9,1.8,3,34.73,-9.4,-0.76
1,11,0.3,0.9,1.8,7,34.67,-2.87,-0.18
1,11,0.3,0.9,1.8,11,34.11,-2.15,-0.11
1,11,0.3,0.9,1.8,15,33.98,-0.33,0.07
1,11,0.3,0.9,1.8,19,33.84,0.24,0.12
1,11,0.3,0.9,2.1,3,34.73,-9.4,-0.76
1,11,0.3,0.9,2.1,7,34.67,-2.87,-0.18
1,11,0.3,0.9,2.1,11,34.11,-2.15,-0.11
1,11,0.3,0.9,2.1,15,33.98,-0.33,0.07
1,11,0.3,0.9,2.1,19,33.84,0.24,0.12
1,11,0.3,1.2,0.0,3,30.12,-9.74,-0.7
1,11,0.3,1.2,0.0,7,29.36,-8.22,-0.61
1,11,0.3,1.2,0.0,11,29.29,-5.02,-0.33
1,11,0.3,1.2,0.0,15,29.36,-2.38,-0.09
1,11,0.3,1.2,0.0,19,29.22,-0.02,0.11
1,11,0.3,1.2,0.3,3,33.84,-13.22,-1.11
1,11,0.3,1.2,0.3,7,33.77,-4.5,-0.32
1,11,0.3,1.2,0.3,11,33.36,-2.63,-0.14
1,11,0.3,1.2,0.3,15,33.43,-0.7,0.04
1,11,0.3,1.2,0.3,19,33.43,1.96,0.28
1,11,0.3,1.2,0.6,3,33.84,-13.22,-1.11
1,11,0.3,1.2,0.6,7,33.77,-4.5,-0.32
1,11,0.3,1.2,0.6,11,33.36,-2.63,-0.14
1,11,0.3,1.2,0.6,15,33.43,-0.7,0.04
1,11,0.3,1.2,0.6,19,33.43,1.96,0.28
1,11,0.3,1.2,0.9,3,33.84,-13.22,-1.11
1,11,0.3,1.2,0.9,7,33.77,-4.5,-0.32
1,11,0.3,1.2,0.9,11,33.36,-2.63,-0.14
1,11,0.3,1.2,0.9,15,33.43,-0.7,0.04
1,11,0.3,1.2,0.9,19,33.43,1.96,0.28
1,11,0.3,1.2,1.2,3,33.84,-13.22,-1.11
1,11,0.3,1.2,1.2,7,33.77,-4.5,-0.32
1,11,0.3,1.2,1.2,11,33.36,-2.63,-0.14
1,11,0.3,1.2,1.2,15,33.43,-0.7,0.04
1,11,0.3,1.2,1.2,19,33.43,1.96,0.28
1,11,0.3,1.2,1.5,3,33.84,-13.22,-1.11
1,11,0.3,1.2,1.5,7,33.77,-4.5,-0.32
1,11,0.3,1.2,1.5,11,33.36,-2.63,-0.14
1,11,0.3,1.2,1.5,15,33.43,-0.7,0.04
1,11,0.3,1.2,1.5,19,33.43,1.96,0.28
1,11,0.3,1.2,1.8,3,33.84,-13.22,-1.11
1,11,0.3,1.2,1.8,7,33.77,-4.5,-0.32
1,11,0.3,1.2,1.8,11,33.36,-2.63,-0.14
1,11,0.3,1.2,1.8,15,33.43,-0.7,0.04
1,11,0.3,1.2,1.8,19,33.43,1.96,0.28
1,11,0.3,1.2,2.1,3,33.84,-13.22,-1.11
1,11,0.3,1.2,2.1,7,33.77,-4.5,-0.32
1,11,0.3,1.2,2.1,11,33.36,-2.63,-0.14
1,11,0.3,1.2,2.1,15,33.43,-0.7,0.04
1,11,0.3,1.2,2.1,19,33.43,1.96,0.28
1,11,0.3,1.5,0.0,3,28.33,-11.73,-0.84
1,11,0.3,1.5,0.0,7,27.77,-6.21,-0.4
1,11,0.3,1.5,0.0,11,27.91,-7.23,-0.5
1,11,0.3,1.5,0.0,15,27.71,-6.23,-0.41
1,11,0.3,1.5,0.0,19,27.5,-5.56,-0.35
1,11,0.3,1.5,0.3,3,33.63,-12.7,-1.04
1,11,0.3,1.5,0.3,7,33.43,-5.44,-0.4
1,11,0.3,1.5,0.3,11,33.08,-4.44,-0.31
1,11,0.3,1.5,0.3,15,33.15,-2.83,-0.16
1,11,0.3,1.5,0.3,19,33.15,-1.3,-0.01
1,11,0.3,1.5,0.6,3,33.63,-12.7,-1.04
1,11,0.3,1.5,0.6,7,33.43,-5.44,-0.4
1,11,0.3,1.5,0.6,11,33.08,-4.44,-0.31
1,11,0.3,1.5,0.6,15,33.15,-2.83,-0.16
1,11,0.3,1.5,0.6,19,33.15,-1.3,-0.01
1,11,0.3,1.5,0.9,3,33.63,-12.7,-1.04
1,11,0.3,1.5,0.9,7,33.43,-5.44,-0.4
1,11,0.3,1.5,0.9,11,33.08,-4.44,-0.31
1,11,0.3,1.5,0.9,15,33.15,-2.83,-0.16
1,11,0.3,1.5,0.9,19,33.15,-1.3,-0.01
1,11,0.3,1.5,1.2,3,33.63,-12.7,-1.04
1,11,0.3,1.5,1.2,7,33.43,-5.44,-0.4
1,11,0.3,1.5,1.2,11,33.08,-4.44,-0.31
1,11,0.3,1.5,1.2,15,33.15,-2.83,-0.16
1,11,0.3,1.5,1.2,19,33.15,-1.3,-0.01
1,11,0.3,1.5,1.5,3,33.63,-12.7,-1.04
1,11,0.3,1.5,1.5,7,33.43,-5.44,-0.4
1,11,0.3,1.5,1.5,11,33.08,-4.44,-0.31
1,11,0.3,1.5,1.5,15,33.15,-2.83,-0.16
1,11,0.3,1.5,1.5,19,33.15,-1.3,-0.01
1,11,0.3,1.5,1.8,3,33.63,-12.7,-1.04
1,11,0.3,1.5,1.8,7,33.43,-5.44,-0.4
1,11,0.3,1.5,1.8,11,33.08,-4.44,-0.31
1,11,0.3,1.5,1.8,15,33.15,-2.83,-0.16
1,11,0.3,1.5,1.8,19,33.15,-1.3,-0.01
1,11,0.3,1.5,2.1,3,33.63,-12.7,-1.04
1,11,0.3,1.5,2.1,7,33.43,-5.44,-0.4
1,11,0.3,1.5,2.1,11,33.08,-4.44,-0.31
1,11,0.3,1.5,2.1,15,33.15,-2.83,-0.16
1,11,0.3,1.5,2.1,19,33.15,-1.3,-0.01
1,11,0.3,1.8,0.0,3,27.29,-10.67,-0.73
1,11,0.3,1.8,0.0,7,26.81,-7.62,-0.51
1,11,0.3,1.8,0.0,11,26.74,-6.93,-0.45
1,11,0.3,1.8,0.0,15,26.6,-8.65,-0.59
1,11,0.3,1.8,0.0,19,26.33,-10.49,-0.74
1,11,0.3,1.8,0.3,3,33.49,-10.92,-0.86
1,11,0.3,1.8,0.3,7,33.36,-6.3,-0.47
1,11,0.3,1.8,0.3,11,32.94,-3.93,-0.25
1,11,0.3,1.8,0.3,15,32.94,-3.7,-0.23
1,11,0.3,1.8,0.3,19,33.01,-2.97,-0.16
1,11,0.3,1.8,0.6,3,33.49,-10.92,-0.86
1,11,0.3,1.8,0.6,7,33.36,-6.3,-0.47
1,11,0.3,1.8,0.6,11,32.94,-3.93,-0.25
1,11,0.3,1.8,0.6,15,32.94,-3.7,-0.23
1,11,0.3,1.8,0.6,19,33.01,-2.97,-0.16
1,11,0.3,1.8,0.9,3,33.49,-10.92,-0.86
1,11,0.3,1.8,0.9,7,33.36,-6.3,-0.47
1,11,0.3,1.8,0.9,11,32.94,-3.93,-0.25
1,11,0.3,1.8,0.9,15,32.94,-3.7,-0.23
1,11,0.3,1.8,0.9,19,33.01,-2.97,-0.16
1,11,0.3,1.8,1.2,3,33.49,-10.92,-0.86
1,11,0.3,1.8,1.2,7,33.36,-6.3,-0.47
1,11,0.3,1.8,1.2,11,32.94,-3.93,-0.25
1,11,0.3,1.8,1.2,15,32.94,-3.7,-0.23
1,11,0.3,1.8,1.2,19,33.01,-2.97,-0.16
1,11,0.3,1.8,1.5,3,33.49,-10.92,-0.86
1,11,0.3,1.8,1.5,7,33.36,-6.3,-0.47
1,11,0.3,1.8,1.5,11,32.94,-3.93,-0.25
1,11,0.3,1.8,1.5,15,32.94,-3.7,-0.23
1,11,0.3,1.8,1.5,19,33.01,-2.97,-0.16
1,11,0.3,1.8,1.8,3,33.49,-10.92,-0.86
1,11,0.3,1.8,1.8,7,33.36,-6.3,-0.47
1,11,0.3,1.8,1.8,11,32.94,-3.93,-0.25
1,11,0.3,1.8,1.8,15,32.94,-3.7,-0.23
1,11,0.3,1.8,1.8,19,33.01,-2.97,-0.16
1,11,0.3,1.8,2.1,3,33.49,-10.92,-0.86
1,11,0.3,1.8,2.1,7,33.36,-6.3,-0.47
1,11,0.3,1.8,2.1,11,32.94,-3.93,-0.25
1,11,0.3,1.8,2.1,15,32.94,-3.7,-0.23
1,11,0.3,1.8,2.1,19,33.01,-2.97,-0.16
1,11,0.3,2.1,0.0,3,26.6,-11.86,-0.81
1,11,0.3,2.1,0.0,7,25.93,-13.67,-1.0
1,11,0.3,2.1,0.0,11,25.93,-11.86,-0.84
1,11,0.3,2.1,0.0,15,25.86,-12.25,-0.87
1,11,0.3,2.1,0.0,19,25.66,-11.61,-0.82
1,11,0.3,2.1,0.3,3,33.49,-11.08,-0.86
1,11,0.3,2.1,0.3,7,33.31,-8.04,-0.63
1,11,0.3,2.1,0.3,11,32.83,-6.2,-0.46
1,11,0.3,2.1,0.3,15,32.9,-4.34,-0.29
1,11,0.3,2.1,0.3,19,32.97,-4.52,-0.3
1,11,0.3,2.1,0.6,3,33.49,-11.08,-0.86
1,11,0.3,2.1,0.6,7,33.31,-8.04,-0.63
1,11,0.3,2.1,0.6,11,32.83,-6.2,-0.46
1,11,0.3,2.1,0.6,15,32.9,-4.34,-0.29
1,11,0.3,2.1,0.6,19,32.97,-4.52,-0.3
1,11,0.3,2.1,0.9,3,33.49,-11.08,-0.86
1,11,0.3,2.1,0.9,7,33.31,-8.04,-0.63
1,11,0.3,2.1,0.9,11,32.83,-6.2,-0.46
1,11,0.3,2.1,0.9,15,32.9,-4.34,-0.29
1,11,0.3,2.1,0.9,19,32.97,-4.52,-0.3
1,11,0.3,2.1,1.2,3,33.49,-11.08,-0.86
1,11,0.3,2.1,1.2,7,33.31,-8.04,-0.63
1,11,0.3,2.1,1.2,11,32.83,-6.2,-0.46
1,11,0.3,2.1,1.2,15,32.9,-4.34,-0.29
1,11,0.3,2.1,1.2,19,32.97,-4.52,-0.3
1,11,0.3,2.1,1.5,3,33.49,-11.08,-0.86
1,11,0.3,2.1,1.5,7,33.31,-8.04,-0.63
1,11,0.3,2.1,1.5,11,32.83,-6.2,-0.46
1,11,0.3,2.1,1.5,15,32.9,-4.34,-0.29
1,11,0.3,2.1,1.5,19,32.97,-4.52,-0.3
1,11,0.3,2.1,1.8,3,33.49,-11.08,-0.86
1,11,0.3,2.1,1.8,7,33.31,-8.04,-0.63
1,11,0.3,2.1,1.8,11,32.83,-6.2,-0.46
1,11,0.3,2.1,1.8,15,32.9,-4.34,-0.29
1,11,0.3,2.1,1.8,19,32.97,-4.52,-0.3
1,11,0.3,2.1,2.1,3,33.49,-11.08,-0.86
1,11,0.3,2.1,2.1,7,33.31,-8.04,-0.63
1,11,0.3,2.1,2.1,11,32.83,-6.2,-0.46
1,11,0.3,2.1,2.1,15,32.9,-4.34,-0.29
1,11,0.3,2.1,2.1,19,32.97,-4.52,-0.3
1,11,0.6,0.0,0.0,3,58.24,-14.44,-1.51
1,11,0.6,0.0,0.0,7,57.75,-14.92,-1.61
1,11,0.6,0.0,0.0,11,57.55,-14.97,-1.62
1,11,0.6,0.0,0.0,15,57.27,-15.82,-1.73
1,11,0.6,0.0,0.0,19,57.34,-13.87,-1.48
1,11,0.6,0.0,0.3,3,58.24,-14.44,-1.51
1,11,0.6,0.0,0.3,7,57.75,-14.92,-1.61
1,11,0.6,0.0,0.3,11,57.55,-14.97,-1.62
1,11,0.6,0.0,0.3,15,57.27,-15.82,-1.73
1,11,0.6,0.0,0.3,19,57.34,-13.87,-1.48
1,11,0.6,0.0,0.6,3,58.24,-14.44,-1.51
1,11,0.6,0.0,0.6,7,57.75,-14.92,-1.61
1,11,0.6,0.0,0.6,11,57.55,-14.97,-1.62
1,11,0.6,0.0,0.6,15,57.27,-15.82,-1.73
1,11,0.6,0.0,0.6,19,57.34,-13.87,-1.48
1,11,0.6,0.0,0.9,3,58.24,-14.44,-1.51
1,11,0.6,0.0,0.9,7,57.75,-14.92,-1.61
1,11,0.6,0.0,0.9,11,57.55,-14.97,-1.62
1,11,0.6,0.0,0.9,15,57.27,-15.82,-1.73
1,11,0.6,0.0,0.9,19,57.34,-13.87,-1.48
1,11,0.6,0.0,1.2,3,58.24,-14.44,-1.51
1,11,0.6,0.0,1.2,7,57.75,-14.92,-1.61
1,11,0.6,0.0,1.2,11,57.55,-14.97,-1.62
1,11,0.6,0.0,1.2,15,57.27,-15.82,-1.73
1,11,0.6,0.0,1.2,19,57.34,-13.87,-1.48
1,11,0.6,0.0,1.5,3,58.24,-14.44,-1.51
1,11,0.6,0.0,1.5,7,57.75,-14.92,-1.61
1,11,0.6,0.0,1.5,11,57.55,-14.97,-1.62
1,11,0.6,0.0,1.5,15,57.27,-15.82,-1.73
1,11,0.6,0.0,1.5,19,57.34,-13.87,-1.48
1,11,0.6,0.0,1.8,3,58.24,-14.44,-1.51
1,11,0.6,0.0,1.8,7,57.75,-14.92,-1.61
1,11,0.6,0.0,1.8,11,57.55,-14.97,-1.62
1,11,0.6,0.0,1.8,15,57.27,-15.82,-1.73
1,11,0.6,0.0,1.8,19,57.34,-13.87,-1.48
1,11,0.6,0.0,2.1,3,58.24,-14.44,-1.51
1,11,0.6,0.0,2.1,7,57.75,-14.92,-1.61
1,11,0.6,0.0,2.1,11,57.55,-14.97,-1.62
1,11,0.6,0.0,2.1,15,57.27,-15.82,-1.73
1,11,0.6,0.0,2.1,19,57.34,-13.87,-1.48
1,11,0.6,0.3,0.0,3,47.62,-18.92,-1.85
1,11,0.6,0.3,0.0,7,47.07,-20.79,-2.12
1,11,0.6,0.3,0.0,11,46.93,-21.98,-2.29
1,11,0.6,0.3,0.0,15,46.66,-22.01,-2.3
1,11,0.6,0.3,0.0,19,46.73,-18.68,-1.89
1,11,0.6,0.3,0.3,3,47.48,-18.98,-1.85
1,11,0.6,0.3,0.3,7,46.93,-20.75,-2.12
1,11,0.6,0.3,0.3,11,46.8,-22.13,-2.32
1,11,0.6,0.3,0.3,15,46.45,-22.53,-2.38
1,11,0.6,0.3,0.3,19,46.38,-20.03,-2.06
1,11,0.6,0.3,0.6,3,47.48,-18.98,-1.85
1,11,0.6,0.3,0.6,7,46.93,-20.75,-2.12
1,11,0.6,0.3,0.6,11,46.8,-22.13,-2.32
1,11,0.6,0.3,0.6,15,46.45,-22.53,-2.38
1,11,0.6,0.3,0.6,19,46.38,-20.03,-2.06
1,11,0.6,0.3,0.9,3,47.48,-18.98,-1.85
1,11,0.6,0.3,0.9,7,46.93,-20.75,-2.12
1,11,0.6,0.3,0.9,11,46.8,-22.13,-2.32
1,11,0.6,0.3,0.9,15,46.45,-22.53,-2.38
1,11,0.6,0.3,0.9,19,46.38,-20.03,-2.06
1,11,0.6,0.3,1.2,3,47.48,-18.98,-1.85
1,11,0.6,0.3,1.2,7,46.93,-20.75,-2.12
1,11,0.6,0.3,1.2,11,46.8,-22.13,-2.32
1,11,0.6,0.3,1.2,15,46.45,-22.53,-2.38
1,11,0.6,0.3,1.2,19,46.38,-20.03,-2.06
1,11,0.6,0.3,1.5,3,47.48,-18.98,-1.85
1,11,0.6,0.3,1.5,7,46.93,-20.75,-2.12
1,11,0.6,0.3,1.5,11,46.8,-22.13,-2.32
1,11,0.6,0.3,1.5,15,46.45,-22.53,-2.38
1,11,0.6,0.3,1.5,19,46.38,-20.03,-2.06
1,11,0.6,0.3,1.8,3,47.48,-18.98,-1.85
1,11,0.6,0.3,1.8,7,46.93,-20.75,-2.12
1,11,0.6,0.3,1.8,11,46.8,-22.13,-2.32
1,11,0.6,0.3,1.8,15,46.45,-22.53,-2.38
1,11,0.6,0.3,1.8,19,46.38,-20.03,-2.06
1,11,0.6,0.3,2.1,3,47.48,-18.98,-1.85
1,11,0.6,0.3,2.1,7,46.93,-20.75,-2.12
1,11,0.6,0.3,2.1,11,46.8,-22.13,-2.32
1,11,0.6,0.3,2.1,15,46.45,-22.53,-2.38
1,11,0.6,0.3,2.1,19,46.38,-20.03,-2.06
1,11,0.6,0.6,0.0,3,40.8,-15.78,-1.38
1,11,0.6,0.6,0.0,7,40.04,-17.57,-1.61
1,11,0.6,0.6,0.0,11,39.77,-18.85,-1.75
1,11,0.6,0.6,0.0,15,39.35,-20.11,-1.9
1,11,0.6,0.6,0.0,19,39.35,-18.42,-1.71
1,11,0.6,0.6,0.3,3,40.39,-16.37,-1.44
1,11,0.6,0.6,0.3,7,39.56,-16.89,-1.55
1,11,0.6,0.6,0.3,11,39.21,-18.78,-1.77
1,11,0.6,0.6,0.3,15,38.59,-20.8,-2.0
1,11,0.6,0.6,0.3,19,38.59,-19.12,-1.8
1,11,0.6,0.6,0.6,3,40.39,-16.37,-1.44
1,11,0.6,0.6,0.6,7,39.56,-16.89,-1.55
1,11,0.6,0.6,0.6,11,39.21,-18.78,-1.77
1,11,0.6,0.6,0.6,15,38.59,-20.8,-2.0
1,11,0.6,0.6,0.6,19,38.59,-19.12,-1.8
1,11,0.6,0.6,0.9,3,40.39,-16.37,-1.44
1,11,0.6,0.6,0.9,7,39.56,-16.89,-1.55
1,11,0.6,0.6,0.9,11,39.21,-18.78,-1.77
1,11,0.6,0.6,0.9,15,38.59,-20.8,-2.0
1,11,0.6,0.6,0.9,19,38.59,-19.12,-1.8
1,11,0.6,0.6,1.2,3,40.39,-16.37,-1.44
1,11,0.6,0.6,1.2,7,39.56,-16.89,-1.55
1,11,0.6,0.6,1.2,11,39.21,-18.78,-1.77
1,11,0.6,0.6,1.2,15,38.59,-20.8,-2.0
1,11,0.6,0.6,1.2,19,38.59,-19.12,-1.8
1,11,0.6,0.6,1.5,3,40.39,-16.37,-1.44
1,11,0.6,0.6,1.5,7,39.56,-16.89,-1.55
1,11,0.6,0.6,1.5,11,39.21,-18.78,-1.77
1,11,0.6,0.6,1.5,15,38.59,-20.8,-2.0
1,11,0.6,0.6,1.5,19,38.59,-19.12,-1.8
1,11,0.6,0.6,1.8,3,40.39,-16.37,-1.44
1,11,0.6,0.6,1.8,7,39.56,-16.89,-1.55
1,11,0.6,0.6,1.8,11,39.21,-18.78,-1.77
1,11,0.6,0.6,1.8,15,38.59,-20.8,-2.0
1,11,0.6,0.6,1.8,19,38.59,-19.12,-1.8
1,11,0.6,0.6,2.1,3,40.39,-16.37,-1.44
1,11,0.6,0.6,2.1,7,39.56,-16.89,-1.55
1,11,0.6,0.6,2.1,11,39.21,-18.78,-1.77
1,11,0.6,0.6,2.1,15,38.59,-20.8,-2.0
1,11,0.6,0.6,2.1,19,38.59,-19.12,-1.8
1,11,0.6,0.9,0.0,3,35.49,-10.77,-0.79
1,11,0.6,0.9,0.0,7,35.42,-8.29,-0.59
1,11,0.6,0.9,0.0,11,35.01,-6.89,-0.47
1,11,0.6,0.9,0.0,15,34.46,-7.19,-0.49
1,11,0.6,0.9,0.0,19,34.53,-6.04,-0.39
1,11,0.6,0.9,0.3,3,36.04,-10.31,-0.76
1,11,0.6,0.9,0.3,7,35.56,-8.83,-0.66
1,11,0.6,0.9,0.3,11,35.08,-9.88,-0.77
1,11,0.6,0.9,0.3,15,34.39,-9.05,-0.68
1,11,0.6,0.9,0.3,19,34.25,-8.62,-0.64
1,11,0.6,0.9,0.6,3,36.04,-10.31,-0.76
1,11,0.6,0.9,0.6,7,35.56,-8.83,-0.66
1,11,0.6,0.9,0.6,11,35.08,-9.88,-0.77
1,11,0.6,0.9,0.6,15,34.39,-9.05,-0.68
1,11,0.6,0.9,0.6,19,34.25,-8.62,-0.64
1,11,0.6,0.9,0.9,3,36.04,-10.31,-0.76
1,11,0.6,0.9,0.9,7,35.56,-8.83,-0.66
1,11,0.6,0.9,0.9,11,35.08,-9.88,-0.77
1,11,0.6,0.9,0.9,15,34.39,-9.05,-0.68
1,11,0.6,0.9,0.9,19,34.25,-8.62,-0.64
1,11,0.6,0.9,1.2,3,36.04,-10.31,-0.76
1,11,0.6,0.9,1.2,7,35.56,-8.83,-0.66
1,11,0.6,0.9,1.2,11,35.08,-9.88,-0.77
1,11,0.6,0.9,1.2,15,34.39,-9.05,-0.68
1,11,0.6,0.9,1.2,19,34.25,-8.62,-0.64
1,11,0.6,0.9,1.5,3,36.04,-10.31,-0.76
1,11,0.6,0.9,1.5,7,35.56,-8.83,-0.66
1,11,0.6,0.9,1.5,11,35.08,-9.88,-0.77
1,11,0.6,0.9,1.5,15,34.39,-9.05,-0.68
1,11,0.6,0.9,1.5,19,34.25,-8.62,-0.64
1,11,0.6,0.9,1.8,3,36.04,-10.31,-0.76
1,11,0.6,0.9,1.8,7,35.56,-8.83,-0.66
1,11,0.6,0.9,1.8,11,35.08,-9.88,-0.77
1,11,0.6,0.9,1.8,15,34.39,-9.05,-0.68
1,11,0.6,0.9,1.8,19,34.25,-8.62,-0.64
1,11,0.6,0.9,2.1,3,36.04,-10.31,-0.76
1,11,0.6,0.9,2.1,7,35.56,-8.83,-0.66
1,11,0.6,0.9,2.1,11,35.08,-9.88,-0.77
1,11,0.6,0.9,2.1,15,34.39,-9.05,-0.68
1,11,0.6,0.9,2.1,19,34.25,-8.62,-0.64
1,11,0.6,1.2,0.0,3,32.74,-8.57,-0.55
1,11,0.6,1.2,0.0,7,31.91,-11.59,-0.83
1,11,0.6,1.2,0.0,11,31.98,-7.28,-0.47
1,11,0.6,1.2,0.0,15,31.84,-5.49,-0.32
1,11,0.6,1.2,0.0,19,31.91,-0.98,0.04
1,11,0.6,1.2,0.3,3,34.32,-12.54,-0.93
1,11,0.6,1.2,0.3,7,33.84,-10.33,-0.76
1,11,0.6,1.2,0.3,11,33.56,-8.98,-0.65
1,11,0.6,1.2,0.3,15,32.94,-8.81,-0.63
1,11,0.6,1.2,0.3,19,32.94,-5.47,-0.34
1,11,0.6,1.2,0.6,3,34.32,-12.54,-0.93
1,11,0.6,1.2,0.6,7,33.84,-10.33,-0.76
1,11,0.6,1.2,0.6,11,33.56,-8.98,-0.65
1,11,0.6,1.2,0.6,15,32.94,-8.81,-0.63
1,11,0.6,1.2,0.6,19,32.94,-5.47,-0.34
1,11,0.6,1.2,0.9,3,34.32,-12.54,-0.93
1,11,0.6,1.2,0.9,7,33.84,-10.33,-0.76
1,11,0.6,1.2,0.9,11,33.56,-8.98,-0.65
1,11,0.6,1.2,0.9,15,32.94,-8.81,-0.63
1,11,0.6,1.2,0.9,19,32.94,-5.47,-0.34
1,11,0.6,1.2,1.2,3,34.32,-12.54,-0.93
1,11,0.6,1.2,1.2,7,33.84,-10.33,-0.76
1,11,0.6,1.2,1.2,11,33.56,-8.98,-0.65
1,11,0.6,1.2,1.2,15,32.94,-8.81,-0.63
1,11,0.6,1.2,1.2,19,32.94,-5.47,-0.34
1,11,0.6,1.2,1.5,3,34.32,-12.54,-0.93
1,11,0.6,1.2,1.5,7,33.84,-10.33,-0.76
1,11,0.6,1.2,1.5,11,33.56,-8.98,-0.65
1,11,0.6,1.2,1.5,15,32.94,-8.81,-0.63
1,11,0.6,1.2,1.5,19,32.94,-5.47,-0.34
1,11,0.6,1.2,1.8,3,34.32,-12.54,-0.93
1,11,0.6,1.2,1.8,7,33.84,-10.33,-0.76
1,11,0.6,1.2,1.8,11,33.56,-8.98,-0.65
1,11,0.6,1.2,1.8,15,32.94,-8.81,-0.63
1,11,0.6,1.2,1.8,19,32.94,-5.47,-0.34
1,11,0.6,1.2,2.1,3,34.32,-12.54,-0.93
1,11,0.6,1.2,2.1,7,33.84,-10.33,-0.76
1,11,0.6,1.2,2.1,11,33.56,-8.98,-0.65
1,11,0.6,1.2,2.1,15,32.94,-8.81,-0.63
1,11,0.6,1.2,2.1,19,32.94,-5.47,-0.34
1,11,0.6,1.5,0.0,3,30.74,-10.44,-0.68
1,11,0.6,1.5,0.0,7,30.25,-7.13,-0.42
1,11,0.6,1.5,0.0,11,30.32,-8.7,-0.56
1,11,0.6,1.5,0.0,15,29.91,-9.87,-0.66
1,11,0.6,1.5,0.0,19,29.98,-6.92,-0.42
1,11,0.6,1.5,0.3,3,33.56,-14.93,-1.11
1,11,0.6,1.5,0.3,7,33.01,-9.97,-0.7
1,11,0.6,1.5,0.3,11,32.74,-11.43,-0.84
1,11,0.6,1.5,0.3,15,32.18,-11.68,-0.86
1,11,0.6,1.5,0.3,19,32.39,-9.17,-0.64
1,11,0.6,1.5,0.6,3,33.56,-14.93,-1.11
1,11,0.6,1.5,0.6,7,33.01,-9.97,-0.7
1,11,0.6,1.5,0.6,11,32.74,-11.43,-0.84
1,11,0.6,1.5,0.6,15,32.18,-11.68,-0.86
1,11,0.6,1.5,0.6,19,32.39,-9.17,-0.64
1,11,0.6,1.5,0.9,3,33.56,-14.93,-1.11
1,11,0.6,1.5,0.9,7,33.01,-9.97,-0.7
1,11,0.6,1.5,0.9,11,32.74,-11.43,-0.84
1,11,0.6,1.5,0.9,15,32.18,-11.68,-0.86
1,11,0.6,1.5,0.9,19,32.39,-9.17,-0.64
1,11,0.6,1.5,1.2,3,33.56,-14.93,-1.11
1,11,0.6,1.5,1.2,7,33.01,-9.97,-0.7
1,11,0.6,1.5,1.2,11,32.74,-11.43,-0.84
1,11,0.6,1.5,1.2,15,32.18,-11.68,-0.86
1,11,0.6,1.5,1.2,19,32.39,-9.17,-0.64
1,11,0.6,1.5,1.5,3,33.56,-14.93,-1.11
1,11,0.6,1.5,1.5,7,33.01,-9.97,-0.7
1,11,0.6,1.5,1.5,11,32.74,-11.43,-0.84
1,11,0.6,1.5,1.5,15,32.18,-11.68,-0.86
1,11,0.6,1.5,1.5,19,32.39,-9.17,-0.64
1,11,0.6,1.5,1.8,3,33.56,-14.93,-1.11
1,11,0.6,1.5,1.8,7,33.01,-9.97,-0.7
1,11,0.6,1.5,1.8,11,32.74,-11.43,-0.84
1,11,0.6,1.5,1.8,15,32.18,-11.68,-0.86
1,11,0.6,1.5,1.8,19,32.39,-9.17,-0.64
1,11,0.6,1.5,2.1,3,33.56,-14.93,-1.11
1,11,0.6,1.5,2.1,7,33.01,-9.97,-0.7
1,11,0.6,1.5,2.1,11,32.74,-11.43,-0.84
1,11,0.6,1.5,2.1,15,32.18,-11.68,-0.86
1,11,0.6,1.5,2.1,19,32.39,-9.17,-0.64
1,11,0.6,1.8,0.0,3,29.63,-10.6,-0.67
1,11,0.6,1.8,0.0,7,29.29,-8.81,-0.54
1,11,0.6,1.8,0.0,11,29.15,-8.44,-0.52
1,11,0.6,1.8,0.0,15,28.81,-12.49,-0.84
1,11,0.6,1.8,0.0,19,28.74,-12.68,-0.85
1,11,0.6,1.8,0.3,3,33.15,-12.75,-0.9
1,11,0.6,1.8,0.3,7,32.74,-11.85,-0.85
1,11,0.6,1.8,0.3,11,32.39,-12.81,-0.94
1,11,0.6,1.8,0.3,15,31.77,-14.48,-1.09
1,11,0.6,1.8,0.3,19,31.77,-13.61,-1.01
1,11,0.6,1.8,0.6,3,33.15,-12.75,-0.9
1,11,0.6,1.8,0.6,7,32.74,-11.85,-0.85
1,11,0.6,1.8,0.6,11,32.39,-12.81,-0.94
1,11,0.6,1.8,0.6,15,31.77,-14.48,-1.09
1,11,0.6,1.8,0.6,19,31.77,-13.61,-1.01
1,11,0.6,1.8,0.9,3,33.15,-12.75,-0.9
1,11,0.6,1.8,0.9,7,32.74,-11.85,-0.85
1,11,0.6,1.8,0.9,11,32.39,-12.81,-0.94
1,11,0.6,1.8,0.9,15,31.77,-14.48,-1.09
1,11,0.6,1.8,0.9,19,31.77,-13.61,-1.01
1,11,0.6,1.8,1.2,3,33.15,-12.75,-0.9
1,11,0.6,1.8,1.2,7,32.74,-11.85,-0.85
1,11,0.6,1.8,1.2,11,32.39,-12.81,-0.94
1,11,0.6,1.8,1.2,15,31.77,-14.48,-1.09
1,11,0.6,1.8,1.2,19,31.77,-13.61,-1.01
1,11,0.6,1.8,1.5,3,33.15,-12.75,-0.9
1,11,0.6,1.8,1.5,7,32.74,-11.85,-0.85
1,11,0.6,1.8,1.5,11,32.39,-12.81,-0.94
1,11,0.6,1.8,1.5,15,31.77,-14.48,-1.09
1,11,0.6,1.8,1.5,19,31.77,-13.61,-1.01
1,11,0.6,1.8,1.8,3,33.15,-12.75,-0.9
1,11,0.6,1.8,1.8,7,32.74,-11.85,-0.85
1,11,0.6,1.8,1.8,11,32.39,-12.81,-0.94
1,11,0.6,1.8,1.8,15,31.77,-14.48,-1.09
1,11,0.6,1.8,1.8,19,31.77,-13.61,-1.01
1,11,0.6,1.8,2.1,3,33.15,-12.75,-0.9
1,11,0.6,1.8,2.1,7,32.74,-11.85,-0.85
1,11,0.6,1.8,2.1,11,32.39,-12.81,-0.94
1,11,0.6,1.8,2.1,15,31.77,-14.48,-1.09
1,11,0.6,1.8,2.1,19,31.77,-13.61,-1.01
1,11,0.6,2.1,0.0,3,28.81,-11.83,-0.75
1,11,0.6,2.1,0.0,7,28.41,-14.22,-0.95
1,11,0.6,2.1,0.0,11,28.34,-11.48,-0.73
1,11,0.6,2.1,0.0,15,28.07,-14.9,-1.01
1,11,0.6,2.1,0.0,19,28.07,-12.68,-0.83
1,11,0.6,2.1,0.3,3,33.01,-16.99,-1.25
1,11,0.6,2.1,0.3,7,32.62,-14.43,-1.06
1,11,0.6,2.1,0.3,11,32.14,-16.24,-1.23
1,11,0.6,2.1,0.3,15,31.52,-17.44,-1.33
1,11,0.6,2.1,0.3,19,31.66,-16.2,-1.22
1,11,0.6,2.1,0.6,3,33.01,-16.99,-1.25
1,11,0.6,2.1,0.6,7,32.62,-14.43,-1.06
1,11,0.6,2.1,0.6,11,32.14,-16.24,-1.23
1,11,0.6,2.1,0.6,15,31.52,-17.44,-1.33
1,11,0.6,2.1,0.6,19,31.66,-16.2,-1.22
1,11,0.6,2.1,0.9,3,33.01,-16.99,-1.25
1,11,0.6,2.1,0.9,7,32.62,-14.43,-1.06
1,11,0.6,2.1,0.9,11,32.14,-16.24,-1.23
1,11,0.6,2.1,0.9,15,31.52,-17.44,-1.33
1,11,0.6,2.1,0.9,19,31.66,-16.2,-1.22
1,11,0.6,2.1,1.2,3,33.01,-16.99,-1.25
1,11,0.6,2.1,1.2,7,32.62,-14.43,-1.06
1,11,0.6,2.1,1.2,11,32.14,-16.24,-1.23
1,11,0.6,2.1,1.2,15,31.52,-17.44,-1.33
1,11,0.6,2.1,1.2,19,31.66,-16.2,-1.22
1,11,0.6,2.1,1.5,3,33.01,-16.99,-1.25
1,11,0.6,2.1,1.5,7,32.62,-14.43,-1.06
1,11,0.6,2.1,1.5,11,32.14,-16.24,-1.23
1,11,0.6,2.1,1.5,15,31.52,-17.44,-1.33
1,11,0.6,2.1,1.5,19,31.66,-16.2,-1.22
1,11,0.6,2.1,1.8,3,33.01,-16.99,-1.25
1,11,0.6,2.1,1.8,7,32.62,-14.43,-1.06
1,11,0.6,2.1,1.8,11,32.14,-16.24,-1.23
1,11,0.6,2.1,1.8,15,31.52,-17.44,-1.33
1,11,0.6,2.1,1.8,19,31.66,-16.2,-1.22
1,11,0.6,2.1,2.1,3,33.01,-16.99,-1.25
1,11,0.6,2.1,2.1,7,32.62,-14.43,-1.06
1,11,0.6,2.1,2.1,11,32.14,-16.24,-1.23
1,11,0.6,2.1,2.1,15,31.52,-17.44,-1.33
1,11,0.6,2.1,2.1,19,31.66,-16.2,-1.22
1,11,0.9,0.0,0.0,3,58.99,-15.28,-1.59
1,11,0.9,0.0,0.0,7,58.79,-16.55,-1.75
1,11,0.9,0.0,0.0,11,58.51,-16.73,-1.8
1,11,0.9,0.0,0.0,15,58.51,-16.38,-1.76
1,11,0.9,0.0,0.0,19,58.51,-15.18,-1.61
1,11,0.9,0.0,0.3,3,58.99,-15.28,-1.59
1,11,0.9,0.0,0.3,7,58.79,-16.55,-1.75
1,11,0.9,0.0,0.3,11,58.51,-16.73,-1.8
1,11,0.9,0.0,0.3,15,58.51,-16.38,-1.76
1,11,0.9,0.0,0.3,19,58.51,-15.18,-1.61
1,11,0.9,0.0,0.6,3,58.99,-15.28,-1.59
1,11,0.9,0.0,0.6,7,58.79,-16.55,-1.75
1,11,0.9,0.0,0.6,11,58.51,-16.73,-1.8
1,11,0.9,0.0,0.6,15,58.51,-16.38,-1.76
1,11,0.9,0.0,0.6,19,58.51,-15.18,-1.61
1,11,0.9,0.0,0.9,3,58.99,-15.28,-1.59
1,11,0.9,0.0,0.9,7,58.79,-16.55,-1.75
1,11,0.9,0.0,0.9,11,58.51,-16.73,-1.8
1,11,0.9,0.0,0.9,15,58.51,-16.38,-1.76
1,11,0.9,0.0,0.9,19,58.51,-15.18,-1.61
1,11,0.9,0.0,1.2,3,58.99,-15.28,-1.59
1,11,0.9,0.0,1.2,7,58.79,-16.55,-1.75
1,11,0.9,0.0,1.2,11,58.51,-16.73,-1.8
1,11,0.9,0.0,1.2,15,58.51,-16.38,-1.76
1,11,0.9,0.0,1.2,19,58.51,-15.18,-1.61
1,11,0.9,0.0,1.5,3,58.99,-15.28,-1.59
1,11,0.9,0.0,1.5,7,58.79,-16.55,-1.75
1,11,0.9,0.0,1.5,11,58.51,-16.73,-1.8
1,11,0.9,0.0,1.5,15,58.51,-16.38,-1.76
1,11,0.9,0.0,1.5,19,58.51,-15.18,-1.61
1,11,0.9,0.0,1.8,3,58.99,-15.28,-1.59
1,11,0.9,0.0,1.8,7,58.79,-16.55,-1.75
1,11,0.9,0.0,1.8,11,58.51,-16.73,-1.8
1,11,0.9,0.0,1.8,15,58.51,-16.38,-1.76
1,11,0.9,0.0,1.8,19,58.51,-15.18,-1.61
1,11,0.9,0.0,2.1,3,58.99,-15.28,-1.59
1,11,0.9,0.0,2.1,7,58.79,-16.55,-1.75
1,11,0.9,0.0,2.1,11,58.51,-16.73,-1.8
1,11,0.9,0.0,2.1,15,58.51,-16.38,-1.76
1,11,0.9,0.0,2.1,19,58.51,-15.18,-1.61
1,11,0.9,0.3,0.0,3,48.45,-19.94,-1.93
1,11,0.9,0.3,0.0,7,47.97,-22.81,-2.3
1,11,0.9,0.3,0.0,11,47.83,-24.05,-2.49
1,11,0.9,0.3,0.0,15,47.69,-23.22,-2.39
1,11,0.9,0.3,0.0,19,47.69,-20.42,-2.05
1,11,0.9,0.3,0.3,3,48.38,-20.51,-1.99
1,11,0.9,0.3,0.3,7,47.9,-23.24,-2.35
1,11,0.9,0.3,0.3,11,47.83,-23.85,-2.47
1,11,0.9,0.3,0.3,15,47.62,-23.4,-2.42
1,11,0.9,0.3,0.3,19,47.62,-20.78,-2.09
1,11,0.9,0.3,0.6,3,48.38,-20.51,-1.99
1,11,0.9,0.3,0.6,7,47.9,-23.24,-2.35
1,11,0.9,0.3,0.6,11,47.83,-23.85,-2.47
1,11,0.9,0.3,0.6,15,47.62,-23.4,-2.42
1,11,0.9,0.3,0.6,19,47.62,-20.78,-2.09
1,11,0.9,0.3,0.9,3,48.38,-20.51,-1.99
1,11,0.9,0.3,0.9,7,47.9,-23.24,-2.35
1,11,0.9,0.3,0.9,11,47.83,-23.85,-2.47
1,11,0.9,0.3,0.9,15,47.62,-23.4,-2.42
1,11,0.9,0.3,0.9,19,47.62,-20.78,-2.09
1,11,0.9,0.3,1.2,3,48.38,-20.51,-1.99
1,11,0.9,0.3,1.2,7,47.9,-23.24,-2.35
1,11,0.9,0.3,1.2,11,47.83,-23.85,-2.47
1,11,0.9,0.3,1.2,15,47.62,-23.4,-2.42
1,11,0.9,0.3,1.2,19,47.62,-20.78,-2.09
1,11,0.9,0.3,1.5,3,48.38,-20.51,-1.99
1,11,0.9,0.3,1.5,7,47.9,-23.24,-2.35
1,11,0.9,0.3,1.5,11,47.83,-23.85,-2.47
1,11,0.9,0.3,1.5,15,47.62,-23.4,-2.42
1,11,0.9,0.3,1.5,19,47.62,-20.78,-2.09
1,11,0.9,0.3,1.8,3,48.38,-20.51,-1.99
1,11,0.9,0.3,1.8,7,47.9,-23.24,-2.35
1,11,0.9,0.3,1.8,11,47.83,-23.85,-2.47
1,11,0.9,0.3,1.8,15,47.62,-23.4,-2.42
1,11,0.9,0.3,1.8,19,47.62,-20.78,-2.09
1,11,0.9,0.3,2.1,3,48.38,-20.51,-1.99
1,11,0.9,0.3,2.1,7,47.9,-23.24,-2.35
1,11,0.9,0.3,2.1,11,47.83,-23.85,-2.47
1,11,0.9,0.3,2.1,15,47.62,-23.4,-2.42
1,11,0.9,0.3,2.1,19,47.62,-20.78,-2.09
1,11,0.9,0.6,0.0,3,41.7,-15.92,-1.37
1,11,0.9,0.6,0.0,7,41.01,-18.46,-1.65
1,11,0.9,0.6,0.0,11,40.59,-20.39,-1.88
1,11,0.9,0.6,0.0,15,40.25,-21.02,-1.95
1,11,0.9,0.6,0.0,19,40.11,-20.18,-1.86
1,11,0.9,0.6,0.3,3,41.49,-17.49,-1.53
1,11,0.9,0.6,0.3,7,40.8,-19.85,-1.81
1,11,0.9,0.6,0.3,11,40.52,-20.72,-1.92
1,11,0.9,0.6,0.3,15,40.18,-21.2,-1.97
1,11,0.9,0.6,0.3,19,40.04,-20.52,-1.9
1,11,0.9,0.6,0.6,3,41.49,-17.49,-1.53
1,11,0.9,0.6,0.6,7,40.8,-19.85,-1.81
1,11,0.9,0.6,0.6,11,40.52,-20.72,-1.92
1,11,0.9,0.6,0.6,15,40.18,-21.2,-1.97
1,11,0.9,0.6,0.6,19,40.04,-20.52,-1.9
1,11,0.9,0.6,0.9,3,41.49,-17.49,-1.53
1,11,0.9,0.6,0.9,7,40.8,-19.85,-1.81
1,11,0.9,0.6,0.9,11,40.52,-20.72,-1.92
1,11,0.9,0.6,0.9,15,40.18,-21.2,-1.97
1,11,0.9,0.6,0.9,19,40.04,-20.52,-1.9
1,11,0.9,0.6,1.2,3,41.49,-17.49,-1.53
1,11,0.9,0.6,1.2,7,40.8,-19.85,-1.81
1,11,0.9,0.6,1.2,11,40.52,-20.72,-1.92
1,11,0.9,0.6,1.2,15,40.18,-21.2,-1.97
1,11,0.9,0.6,1.2,19,40.04,-20.52,-1.9
1,11,0.9,0.6,1.5,3,41.49,-17.49,-1.53
1,11,0.9,0.6,1.5,7,40.8,-19.85,-1.81
1,11,0.9,0.6,1.5,11,40.52,-20.72,-1.92
1,11,0.9,0.6,1.5,15,40.18,-21.2,-1.97
1,11,0.9,0.6,1.5,19,40.04,-20.52,-1.9
1,11,0.9,0.6,1.8,3,41.49,-17.49,-1.53
1,11,0.9,0.6,1.8,7,40.8,-19.85,-1.81
1,11,0.9,0.6,1.8,11,40.52,-20.72,-1.92
1,11,0.9,0.6,1.8,15,40.18,-21.2,-1.97
1,11,0.9,0.6,1.8,19,40.04,-20.52,-1.9
1,11,0.9,0.6,2.1,3,41.49,-17.49,-1.53
1,11,0.9,0.6,2.1,7,40.8,-19.85,-1.81
1,11,0.9,0.6,2.1,11,40.52,-20.72,-1.92
1,11,0.9,0.6,2.1,15,40.18,-21.2,-1.97
1,11,0.9,0.6,2.1,19,40.04,-20.52,-1.9
1,11,0.9,0.9,0.0,3,36.25,-10.59,-0.76
1,11,0.9,0.9,0.0,7,36.18,-9.75,-0.7
1,11,0.9,0.9,0.0,11,35.63,-9.75,-0.71
1,11,0.9,0.9,0.0,15,35.22,-8.47,-0.59
1,11,0.9,0.9,0.0,19,35.15,-8.28,-0.57
1,11,0.9,0.9,0.3,3,35.91,-12.47,-0.93
1,11,0.9,0.9,0.3,7,35.84,-11.91,-0.9
1,11,0.9,0.9,0.3,11,35.49,-10.96,-0.82
1,11,0.9,0.9,0.3,15,35.08,-9.37,-0.67
1,11,0.9,0.9,0.3,19,35.01,-9.23,-0.66
1,11,0.9,0.9,0.6,3,35.91,-12.47,-0.93
1,11,0.9,0.9,0.6,7,35.84,-11.91,-0.9
1,11,0.9,0.9,0.6,11,35.49,-10.96,-0.82
1,11,0.9,0.9,0.6,15,35.08,-9.37,-0.67
1,11,0.9,0.9,0.6,19,35.01,-9.23,-0.66
1,11,0.9,0.9,0.9,3,35.91,-12.47,-0.93
1,11,0.9,0.9,0.9,7,35.84,-11.91,-0.9
1,11,0.9,0.9,0.9,11,35.49,-10.96,-0.82
1,11,0.9,0.9,0.9,15,35.08,-9.37,-0.67
1,11,0.9,0.9,0.9,19,35.01,-9.23,-0.66
1,11,0.9,0.9,1.2,3,35.91,-12.47,-0.93
1,11,0.9,0.9,1.2,7,35.84,-11.91,-0.9
1,11,0.9,0.9,1.2,11,35.49,-10.96,-0.82
1,11,0.9,0.9,1.2,15,35.08,-9.37,-0.67
1,11,0.9,0.9,1.2,19,35.01,-9.23,-0.66
1,11,0.9,0.9,1.5,3,35.91,-12.47,-0.93
1,11,0.9,0.9,1.5,7,35.84,-11.91,-0.9
1,11,0.9,0.9,1.5,11,35.49,-10.96,-0.82
1,11,0.9,0.9,1.5,15,35.08,-9.37,-0.67
1,11,0.9,0.9,1.5,19,35.01,-9.23,-0.66
1,11,0.9,0.9,1.8,3,35.91,-12.47,-0.93
1,11,0.9,0.9,1.8,7,35.84,-11.91,-0.9
1,11,0.9,0.9,1.8,11,35.49,-10.96,-0.82
1,11,0.9,0.9,1.8,15,35.08,-9.37,-0.67
1,11,0.9,0.9,1.8,19,35.01,-9.23,-0.66
1,11,0.9,0.9,2.1,3,35.91,-12.47,-0.93
1,11,0.9,0.9,2.1,7,35.84,-11.91,-0.9
1,11,0.9,0.9,2.1,11,35.49,-10.96,-0.82
1,11,0.9,0.9,2.1,15,35.08,-9.37,-0.67
1,11,0.9,0.9,2.1,19,35.01,-9.23,-0.66
1,11,0.9,1.2,0.0,3,33.43,-8.26,-0.52
1,11,0.9,1.2,0.0,7,32.6,-12.5,-0.89
1,11,0.9,1.2,0.0,11,32.53,-10.03,-0.69
1,11,0.9,1.2,0.0,15,32.53,-6.75,-0.42
1,11,0.9,1.2,0.0,19,32.53,-3.37,-0.14
1,11,0.9,1.2,0.3,3,33.15,-11.66,-0.81
1,11,0.9,1.2,0.3,7,32.8,-14.45,-1.07
1,11,0.9,1.2,0.3,11,32.94,-9.67,-0.66
1,11,0.9,1.2,0.3,15,32.87,-7.22,-0.46
1,11,0.9,1.2,0.3,19,32.67,-4.9,-0.27
1,11,0.9,1.2,0.6,3,33.15,-11.66,-0.81
1,11,0.9,1.2,0.6,7,32.8,-14.45,-1.07
1,11,0.9,1.2,0.6,11,32.94,-9.67,-0.66
1,11,0.9,1.2,0.6,15,32.87,-7.22,-0.46
1,11,0.9,1.2,0.6,19,32.67,-4.9,-0.27
1,11,0.9,1.2,0.9,3,33.15,-11.66,-0.81
1,11,0.9,1.2,0.9,7,32.8,-14.45,-1.07
1,11,0.9,1.2,0.9,11,32.94,-9.67,-0.66
1,11,0.9,1.2,0.9,15,32.87,-7.22,-0.46
1,11,0.9,1.2,0.9,19,32.67,-4.9,-0.27
1,11,0.9,1.2,1.2,3,33.15,-11.66,-0.81
1,11,0.9,1.2,1.2,7,32.8,-14.45,-1.07
1,11,0.9,1.2,1.2,11,32.94,-9.67,-0.66
1,11,0.9,1.2,1.2,15,32.87,-7.22,-0.46
1,11,0.9,1.2,1.2,19,32.67,-4.9,-0.27
1,11,0.9,1.2,1.5,3,33.15,-11.66,-0.81
1,11,0.9,1.2,1.5,7,32.8,-14.45,-1.07
1,11,0.9,1.2,1.5,11,32.94,-9.67,-0.66
1,11,0.9,1.2,1.5,15,32.87,-7.22,-0.46
1,11,0.9,1.2,1.5,19,32.67,-4.9,-0.27
1,11,0.9,1.2,1.8,3,33.15,-11.66,-0.81
1,11,0.9,1.2,1.8,7,32.8,-14.45,-1.07
1,11,0.9,1.2,1.8,11,32.94,-9.67,-0.66
1,11,0.9,1.2,1.8,15,32.87,-7.22,-0.46
1,11,0.9,1.2,1.8,19,32.67,-4.9,-0.27
1,11,0.9,1.2,2.1,3,33.15,-11.66,-0.81
1,11,0.9,1.2,2.1,7,32.8,-14.45,-1.07
1,11,0.9,1.2,2.1,11,32.94,-9.67,-0.66
1,11,0.9,1.2,2.1,15,32.87,-7.22,-0.46
1,11,0.9,1.2,2.1,19,32.67,-4.9,-0.27
1,11,0.9,1.5,0.0,3,31.36,-10.07,-0.64
1,11,0.9,1.5,0.0,7,30.94,-8.42,-0.51
1,11,0.9,1.5,0.0,11,30.88,-11.89,-0.81
1,11,0.9,1.5,0.0,15,30.6,-10.65,-0.71
1,11,0.9,1.5,0.0,19,30.6,-8.38,-0.52
1,11,0.9,1.5,0.3,3,31.91,-12.0,-0.81
1,11,0.9,1.5,0.3,7,31.63,-12.88,-0.89
1,11,0.9,1.5,0.3,11,31.84,-10.74,-0.72
1,11,0.9,1.5,0.3,15,31.7,-9.13,-0.59
1,11,0.9,1.5,0.3,19,31.43,-7.14,-0.43
1,11,0.9,1.5,0.6,3,31.91,-12.0,-0.81
1,11,0.9,1.5,0.6,7,31.63,-12.88,-0.89
1,11,0.9,1.5,0.6,11,31.84,-10.74,-0.72
1,11,0.9,1.5,0.6,15,31.7,-9.13,-0.59
1,11,0.9,1.5,0.6,19,31.43,-7.14,-0.43
1,11,0.9,1.5,0.9,3,31.91,-12.0,-0.81
1,11,0.9,1.5,0.9,7,31.63,-12.88,-0.89
1,11,0.9,1.5,0.9,11,31.84,-10.74,-0.72
1,11,0.9,1.5,0.9,15,31.7,-9.13,-0.59
1,11,0.9,1.5,0.9,19,31.43,-7.14,-0.43
1,11,0.9,1.5,1.2,3,31.91,-12.0,-0.81
1,11,0.9,1.5,1.2,7,31.63,-12.88,-0.89
1,11,0.9,1.5,1.2,11,31.84,-10.74,-0.72
1,11,0.9,1.5,1.2,15,31.7,-9.13,-0.59
1,11,0.9,1.5,1.2,19,31.43,-7.14,-0.43
1,11,0.9,1.5,1.5,3,31.91,-12.0,-0.81
1,11,0.9,1.5,1.5,7,31.63,-12.88,-0.89
1,11,0.9,1.5,1.5,11,31.84,-10.74,-0.72
1,11,0.9,1.5,1.5,15,31.7,-9.13,-0.59
1,11,0.9,1.5,1.5,19,31.43,-7.14,-0.43
1,11,0.9,1.5,1.8,3,31.91,-12.0,-0.81
1,11,0.9,1.5,1.8,7,31.63,-12.88,-0.89
1,11,0.9,1.5,1.8,11,31.84,-10.74,-0.72
1,11,0.9,1.5,1.8,15,31.7,-9.13,-0.59
1,11,0.9,1.5,1.8,19,31.43,-7.14,-0.43
1,11,0.9,1.5,2.1,3,31.91,-12.0,-0.81
1,11,0.9,1.5,2.1,7,31.63,-12.88,-0.89
1,11,0.9,1.5,2.1,11,31.84,-10.74,-0.72
1,11,0.9,1.5,2.1,15,31.7,-9.13,-0.59
1,11,0.9,1.5,2.1,19,31.43,-7.14,-0.43
1,11,0.9,1.8,0.0,3,30.25,-9.52,-0.57
1,11,0.9,1.8,0.0,7,29.98,-9.63,-0.59
1,11,0.9,1.8,0.0,11,29.77,-10.89,-0.7
1,11,0.9,1.8,0.0,15,29.57,-12.93,-0.85
1,11,0.9,1.8,0.0,19,29.43,-13.8,-0.93
1,11,0.9,1.8,0.3,3,31.22,-10.59,-0.67
1,11,0.9,1.8,0.3,7,31.22,-13.06,-0.89
1,11,0.9,1.8,0.3,11,31.29,-9.64,-0.61
1,11,0.9,1.8,0.3,15,31.15,-10.33,-0.67
1,11,0.9,1.8,0.3,19,30.74,-11.95,-0.8
1,11,0.9,1.8,0.6,3,31.22,-10.59,-0.67
1,11,0.9,1.8,0.6,7,31.22,-13.06,-0.89
1,11,0.9,1.8,0.6,11,31.29,-9.64,-0.61
1,11,0.9,1.8,0.6,15,31.15,-10.33,-0.67
1,11,0.9,1.8,0.6,19,30.74,-11.95,-0.8
1,11,0.9,1.8,0.9,3,31.22,-10.59,-0.67
1,11,0.9,1.8,0.9,7,31.22,-13.06,-0.89
1,11,0.9,1.8,0.9,11,31.29,-9.64,-0.61
1,11,0.9,1.8,0.9,15,31.15,-10.33,-0.67
1,11,0.9,1.8,0.9,19,30.74,-11.95,-0.8
1,11,0.9,1.8,1.2,3,31.22,-10.59,-0.67
1,11,0.9,1.8,1.2,7,31.22,-13.06,-0.89
1,11,0.9,1.8,1.2,11,31.29,-9.64,-0.61
1,11,0.9,1.8,1.2,15,31.15,-10.33,-0.67
1,11,0.9,1.8,1.2,19,30.74,-11.95,-0.8
1,11,0.9,1.8,1.5,3,31.22,-10.59,-0.67
1,11,0.9,1.8,1.5,7,31.22,-13.06,-0.89
1,11,0.9,1.8,1.5,11,31.29,-9.64,-0.61
1,11,0.9,1.8,1.5,15,31.15,-10.33,-0.67
1,11,0.9,1.8,1.5,19,30.74,-11.95,-0.8
1,11,0.9,1.8,1.8,3,31.22,-10.59,-0.67
1,11,0.9,1.8,1.8,7,31.22,-13.06,-0.89
1,11,0.9,1.8,1.8,11,31.29,-9.64,-0.61
1,11,0.9,1.8,1.8,15,31.15,-10.33,-0.67
1,11,0.9,1.8,1.8,19,30.74,-11.95,-0.8
1,11,0.9,1.8,2.1,3,31.22,-10.59,-0.67
1,11,0.9,1.8,2.1,7,31.22,-13.06,-0.89
1,11,0.9,1.8,2.1,11,31.29,-9.64,-0.61
1,11,0.9,1.8,2.1,15,31.15,-10.33,-0.67
1,11,0.9,1.8,2.1,19,30.74,-11.95,-0.8
1,11,0.9,2.1,0.0,3,29.43,-10.2,-0.61
1,11,0.9,2.1,0.0,7,29.1,-15.56,-1.04
1,11,0.9,2.1,0.0,11,28.97,-14.23,-0.94
1,11,0.9,2.1,0.0,15,28.83,-15.49,-1.04
1,11,0.9,2.1,0.0,19,28.76,-13.73,-0.89
1,11,0.9,2.1,0.3,3,30.88,-13.32,-0.87
1,11,0.9,2.1,0.3,7,30.83,-15.14,-1.04
1,11,0.9,2.1,0.3,11,30.9,-12.92,-0.86
1,11,0.9,2.1,0.3,15,30.83,-12.82,-0.85
1,11,0.9,2.1,0.3,19,30.48,-12.58,-0.83
1,11,0.9,2.1,0.6,3,30.88,-13.32,-0.87
1,11,0.9,2.1,0.6,7,30.83,-15.14,-1.04
1,11,0.9,2.1,0.6,11,30.9,-12.92,-0.86
1,11,0.9,2.1,0.6,15,30.83,-12.82,-0.85
1,11,0.9,2.1,0.6,19,30.48,-12.58,-0.83
1,11,0.9,2.1,0.9,3,30.88,-13.32,-0.87
1,11,0.9,2.1,0.9,7,30.83,-15.14,-1.04
1,11,0.9,2.1,0.9,11,30.9,-12.92,-0.86
1,11,0.9,2.1,0.9,15,30.83,-12.82,-0.85
1,11,0.9,2.1,0.9,19,30.48,-12.58,-0.83
1,11,0.9,2.1,1.2,3,30.88,-13.32,-0.87
1,11,0.9,2.1,1.2,7,30.83,-15.14,-1.04
1,11,0.9,2.1,1.2,11,30.9,-12.92,-0.86
1,11,0.9,2.1,1.2,15,30.83,-12.82,-0.85
1,11,0.9,2.1,1.2,19,30.48,-12.58,-0.83
1,11,0.9,2.1,1.5,3,30.88,-13.32,-0.87
1,11,0.9,2.1,1.5,7,30.83,-15.14,-1.04
1,11,0.9,2.1,1.5,11,30.9,-12.92,-0.86
1,11,0.9,2.1,1.5,15,30.83,-12.82,-0.85
1,11,0.9,2.1,1.5,19,30.48,-12.58,-0.83
1,11,0.9,2.1,1.8,3,30.88,-13.32,-0.87
1,11,0.9,2.1,1.8,7,30.83,-15.14,-1.04
1,11,0.9,2.1,1.8,11,30.9,-12.92,-0.86
1,11,0.9,2.1,1.8,15,30.83,-12.82,-0.85
1,11,0.9,2.1,1.8,19,30.48,-12.58,-0.83
1,11,0.9,2.1,2.1,3,30.88,-13.32,-0.87
1,11,0.9,2.1,2.1,7,30.83,-15.14,-1.04
1,11,0.9,2.1,2.1,11,30.9,-12.92,-0.86
1,11,0.9,2.1,2.1,15,30.83,-12.82,-0.85
1,11,0.9,2.1,2.1,19,30.48,-12.58,-0.83
1,11,1.2,0.0,0.0,3,59.2,-12.93,-1.3
1,11,1.2,0.0,0.0,7,59.06,-15.14,-1.57
1,11,1.2,0.0,0.0,11,59.06,-14.64,-1.52
1,11,1.2,0.0,0.0,15,59.06,-15.0,-1.56
1,11,1.2,0.0,0.0,19,59.06,-13.75,-1.41
1,11,1.2,0.0,0.3,3,59.2,-12.93,-1.3
1,11,1.2,0.0,0.3,7,59.06,-15.14,-1.57
1,11,1.2,0.0,0.3,11,59.06,-14.64,-1.52
1,11,1.2,0.0,0.3,15,59.06,-15.0,-1.56
1,11,1.2,0.0,0.3,19,59.06,-13.75,-1.41
1,11,1.2,0.0,0.6,3,59.2,-12.93,-1.3
1,11,1.2,0.0,0.6,7,59.06,-15.14,-1.57
1,11,1.2,0.0,0.6,11,59.06,-14.64,-1.52
1,11,1.2,0.0,0.6,15,59.06,-15.0,-1.56
1,11,1.2,0.0,0.6,19,59.06,-13.75,-1.41
1,11,1.2,0.0,0.9,3,59.2,-12.93,-1.3
1,11,1.2,0.0,0.9,7,59.06,-15.14,-1.57
1,11,1.2,0.0,0.9,11,59.06,-14.64,-1.52
1,11,1.2,0.0,0.9,15,59.06,-15.0,-1.56
1,11,1.2,0.0,0.9,19,59.06,-13.75,-1.41
1,11,1.2,0.0,1.2,3,59.2,-12.93,-1.3
1,11,1.2,0.0,1.2,7,59.06,-15.14,-1.57
1,11,1.2,0.0,1.2,11,59.06,-14.64,-1.52
1,11,1.2,0.0,1.2,15,59.06,-15.0,-1.56
1,11,1.2,0.0,1.2,19,59.06,-13.75,-1.41
1,11,1.2,0.0,1.5,3,59.2,-12.93,-1.3
1,11,1.2,0.0,1.5,7,59.06,-15.14,-1.57
1,11,1.2,0.0,1.5,11,59.06,-14.64,-1.52
1,11,1.2,0.0,1.5,15,59.06,-15.0,-1.56
1,11,1.2,0.0,1.5,19,59.06,-13.75,-1.41
1,11,1.2,0.0,1.8,3,59.2,-12.93,-1.3
1,11,1.2,0.0,1.8,7,59.06,-15.14,-1.57
1,11,1.2,0.0,1.8,11,59.06,-14.64,-1.52
1,11,1.2,0.0,1.8,15,59.06,-15.0,-1.56
1,11,1.2,0.0,1.8,19,59.06,-13.75,-1.41
1,11,1.2,0.0,2.1,3,59.2,-12.93,-1.3
1,11,1.2,0.0,2.1,7,59.06,-15.14,-1.57
1,11,1.2,0.0,2.1,11,59.06,-14.64,-1.52
1,11,1.2,0.0,2.1,15,59.06,-15.0,-1.56
1,11,1.2,0.0,2.1,19,59.06,-13.75,-1.41
1,11,1.2,0.3,0.0,3,48.59,-17.78,-1.67
1,11,1.2,0.3,0.0,7,48.24,-21.59,-2.14
1,11,1.2,0.3,0.0,11,48.24,-22.6,-2.28
1,11,1.2,0.3,0.0,15,48.1,-22.48,-2.26
1,11,1.2,0.3,0.0,19,48.1,-19.63,-1.92
1,11,1.2,0.3,0.3,3,48.59,-17.78,-1.67
1,11,1.2,0.3,0.3,7,48.24,-21.59,-2.14
1,11,1.2,0.3,0.3,11,48.24,-22.6,-2.28
1,11,1.2,0.3,0.3,15,48.1,-22.41,-2.26
1,11,1.2,0.3,0.3,19,48.1,-19.63,-1.92
1,11,1.2,0.3,0.6,3,48.59,-17.78,-1.67
1,11,1.2,0.3,0.6,7,48.24,-21.59,-2.14
1,11,1.2,0.3,0.6,11,48.24,-22.6,-2.28
1,11,1.2,0.3,0.6,15,48.1,-22.41,-2.26
1,11,1.2,0.3,0.6,19,48.1,-19.63,-1.92
1,11,1.2,0.3,0.9,3,48.59,-17.78,-1.67
1,11,1.2,0.3,0.9,7,48.24,-21.59,-2.14
1,11,1.2,0.3,0.9,11,48.24,-22.6,-2.28
1,11,1.2,0.3,0.9,15,48.1,-22.41,-2.26
1,11,1.2,0.3,0.9,19,48.1,-19.63,-1.92
1,11,1.2,0.3,1.2,3,48.59,-17.78,-1.67
1,11,1.2,0.3,1.2,7,48.24,-21.59,-2.14
1,11,1.2,0.3,1.2,11,48.24,-22.6,-2.28
1,11,1.2,0.3,1.2,15,48.1,-22.41,-2.26
1,11,1.2,0.3,1.2,19,48.1,-19.63,-1.92
1,11,1.2,0.3,1.5,3,48.59,-17.78,-1.67
1,11,1.2,0.3,1.5,7,48.24,-21.59,-2.14
1,11,1.2,0.3,1.5,11,48.24,-22.6,-2.28
1,11,1.2,0.3,1.5,15,48.1,-22.41,-2.26
1,11,1.2,0.3,1.5,19,48.1,-19.63,-1.92
1,11,1.2,0.3,1.8,3,48.59,-17.78,-1.67
1,11,1.2,0.3,1.8,7,48.24,-21.59,-2.14
1,11,1.2,0.3,1.8,11,48.24,-22.6,-2.28
1,11,1.2,0.3,1.8,15,48.1,-22.41,-2.26
1,11,1.2,0.3,1.8,19,48.1,-19.63,-1.92
1,11,1.2,0.3,2.1,3,48.59,-17.78,-1.67
1,11,1.2,0.3,2.1,7,48.24,-21.59,-2.14
1,11,1.2,0.3,2.1,11,48.24,-22.6,-2.28
1,11,1.2,0.3,2.1,15,48.1,-22.41,-2.26
1,11,1.2,0.3,2.1,19,48.1,-19.63,-1.92
1,11,1.2,0.6,0.0,3,41.83,-13.29,-1.1
1,11,1.2,0.6,0.0,7,41.28,-17.16,-1.51
1,11,1.2,0.6,0.0,11,41.01,-18.87,-1.69
1,11,1.2,0.6,0.0,15,40.66,-20.36,-1.85
1,11,1.2,0.6,0.0,19,40.52,-19.6,-1.77
1,11,1.2,0.6,0.3,3,41.83,-13.29,-1.1
1,11,1.2,0.6,0.3,7,41.28,-17.16,-1.51
1,11,1.2,0.6,0.3,11,41.01,-18.87,-1.69
1,11,1.2,0.6,0.3,15,40.66,-20.19,-1.83
1,11,1.2,0.6,0.3,19,40.52,-19.39,-1.75
1,11,1.2,0.6,0.6,3,41.83,-13.29,-1.1
1,11,1.2,0.6,0.6,7,41.28,-17.16,-1.51
1,11,1.2,0.6,0.6,11,41.01,-18.87,-1.69
1,11,1.2,0.6,0.6,15,40.66,-20.19,-1.83
1,11,1.2,0.6,0.6,19,40.52,-19.39,-1.75
1,11,1.2,0.6,0.9,3,41.83,-13.29,-1.1
1,11,1.2,0.6,0.9,7,41.28,-17.16,-1.51
1,11,1.2,0.6,0.9,11,41.01,-18.87,-1.69
1,11,1.2,0.6,0.9,15,40.66,-20.19,-1.83
1,11,1.2,0.6,0.9,19,40.52,-19.39,-1.75
1,11,1.2,0.6,1.2,3,41.83,-13.29,-1.1
1,11,1.2,0.6,1.2,7,41.28,-17.16,-1.51
1,11,1.2,0.6,1.2,11,41.01,-18.87,-1.69
1,11,1.2,0.6,1.2,15,40.66,-20.19,-1.83
1,11,1.2,0.6,1.2,19,40.52,-19.39,-1.75
1,11,1.2,0.6,1.5,3,41.83,-13.29,-1.1
1,11,1.2,0.6,1.5,7,41.28,-17.16,-1.51
1,11,1.2,0.6,1.5,11,41.01,-18.87,-1.69
1,11,1.2,0.6,1.5,15,40.66,-20.19,-1.83
1,11,1.2,0.6,1.5,19,40.52,-19.39,-1.75
1,11,1.2,0.6,1.8,3,41.83,-13.29,-1.1
1,11,1.2,0.6,1.8,7,41.28,-17.16,-1.51
1,11,1.2,0.6,1.8,11,41.01,-18.87,-1.69
1,11,1.2,0.6,1.8,15,40.66,-20.19,-1.83
1,11,1.2,0.6,1.8,19,40.52,-19.39,-1.75
1,11,1.2,0.6,2.1,3,41.83,-13.29,-1.1
1,11,1.2,0.6,2.1,7,41.28,-17.16,-1.51
1,11,1.2,0.6,2.1,11,41.01,-18.87,-1.69
1,11,1.2,0.6,2.1,15,40.66,-20.19,-1.83
1,11,1.2,0.6,2.1,19,40.52,-19.39,-1.75
1,11,1.2,0.9,0.0,3,36.39,-7.64,-0.5
1,11,1.2,0.9,0.0,7,36.46,-7.98,-0.54
1,11,1.2,0.9,0.0,11,36.04,-7.69,-0.52
1,11,1.2,0.9,0.0,15,35.63,-7.37,-0.49
1,11,1.2,0.9,0.0,19,35.49,-7.87,-0.53
1,11,1.2,0.9,0.3,3,36.39,-7.42,-0.48
1,11,1.2,0.9,0.3,7,36.46,-8.0,-0.55
1,11,1.2,0.9,0.3,11,36.04,-7.69,-0.52
1,11,1.2,0.9,0.3,15,35.63,-7.03,-0.46
1,11,1.2,0.9,0.3,19,35.49,-7.49,-0.5
1,11,1.2,0.9,0.6,3,36.39,-7.42,-0.48
1,11,1.2,0.9,0.6,7,36.46,-8.0,-0.55
1,11,1.2,0.9,0.6,11,36.04,-7.69,-0.52
1,11,1.2,0.9,0.6,15,35.63,-7.03,-0.46
1,11,1.2,0.9,0.6,19,35.49,-7.49,-0.5
1,11,1.2,0.9,0.9,3,36.39,-7.42,-0.48
1,11,1.2,0.9,0.9,7,36.46,-8.0,-0.55
1,11,1.2,0.9,0.9,11,36.04,-7.69,-0.52
1,11,1.2,0.9,0.9,15,35.63,-7.03,-0.46
1,11,1.2,0.9,0.9,19,35.49,-7.49,-0.5
1,11,1.2,0.9,1.2,3,36.39,-7.42,-0.48
1,11,1.2,0.9,1.2,7,36.46,-8.0,-0.55
1,11,1.2,0.9,1.2,11,36.04,-7.69,-0.52
1,11,1.2,0.9,1.2,15,35.63,-7.03,-0.46
1,11,1.2,0.9,1.2,19,35.49,-7.49,-0.5
1,11,1.2,0.9,1.5,3,36.39,-7.42,-0.48
1,11,1.2,0.9,1.5,7,36.46,-8.0,-0.55
1,11,1.2,0.9,1.5,11,36.04,-7.69,-0.52
1,11,1.2,0.9,1.5,15,35.63,-7.03,-0.46
1,11,1.2,0.9,1.5,19,35.49,-7.49,-0.5
1,11,1.2,0.9,1.8,3,36.39,-7.42,-0.48
1,11,1.2,0.9,1.8,7,36.46,-8.0,-0.55
1,11,1.2,0.9,1.8,11,36.04,-7.69,-0.52
1,11,1.2,0.9,1.8,15,35.63,-7.03,-0.46
1,11,1.2,0.9,1.8,19,35.49,-7.49,-0.5
1,11,1.2,0.9,2.1,3,36.39,-7.42,-0.48
1,11,1.2,0.9,2.1,7,36.46,-8.0,-0.55
1,11,1.2,0.9,2.1,11,36.04,-7.69,-0.52
1,11,1.2,0.9,2.1,15,35.63,-7.03,-0.46
1,11,1.2,0.9,2.1,19,35.49,-7.49,-0.5
1,11,1.2,1.2,0.0,3,33.56,-5.54,-0.3
1,11,1.2,1.2,0.0,7,32.8,-11.26,-0.78
1,11,1.2,1.2,0.0,11,32.87,-7.83,-0.5
1,11,1.2,1.2,0.0,15,32.87,-5.98,-0.35
1,11,1.2,1.2,0.0,19,32.87,-2.67,-0.08
1,11,1.2,1.2,0.3,3,33.49,-5.98,-0.33
1,11,1.2,1.2,0.3,7,32.74,-11.48,-0.8
1,11,1.2,1.2,0.3,11,32.87,-7.23,-0.45
1,11,1.2,1.2,0.3,15,32.87,-5.54,-0.31
1,11,1.2,1.2,0.3,19,32.87,-2.04,-0.03
1,11,1.2,1.2,0.6,3,33.49,-5.98,-0.33
1,11,1.2,1.2,0.6,7,32.74,-11.48,-0.8
1,11,1.2,1.2,0.6,11,32.87,-7.23,-0.45
1,11,1.2,1.2,0.6,15,32.87,-5.54,-0.31
1,11,1.2,1.2,0.6,19,32.87,-2.04,-0.03
1,11,1.2,1.2,0.9,3,33.49,-5.98,-0.33
1,11,1.2,1.2,0.9,7,32.74,-11.48,-0.8
1,11,1.2,1.2,0.9,11,32.87,-7.23,-0.45
1,11,1.2,1.2,0.9,15,32.87,-5.54,-0.31
1,11,1.2,1.2,0.9,19,32.87,-2.04,-0.03
1,11,1.2,1.2,1.2,3,33.49,-5.98,-0.33
1,11,1.2,1.2,1.2,7,32.74,-11.48,-0.8
1,11,1.2,1.2,1.2,11,32.87,-7.23,-0.45
1,11,1.2,1.2,1.2,15,32.87,-5.54,-0.31
1,11,1.2,1.2,1.2,19,32.87,-2.04,-0.03
1,11,1.2,1.2,1.5,3,33.49,-5.98,-0.33
1,11,1.2,1.2,1.5,7,32.74,-11.48,-0.8
1,11,1.2,1.2,1.5,11,32.87,-7.23,-0.45
1,11,1.2,1.2,1.5,15,32.87,-5.54,-0.31
1,11,1.2,1.2,1.5,19,32.87,-2.04,-0.03
1,11,1.2,1.2,1.8,3,33.49,-5.98,-0.33
1,11,1.2,1.2,1.8,7,32.74,-11.48,-0.8
1,11,1.2,1.2,1.8,11,32.87,-7.23,-0.45
1,11,1.2,1.2,1.8,15,32.87,-5.54,-0.31
1,11,1.2,1.2,1.8,19,32.87,-2.04,-0.03
1,11,1.2,1.2,2.1,3,33.49,-5.98,-0.33
1,11,1.2,1.2,2.1,7,32.74,-11.48,-0.8
1,11,1.2,1.2,2.1,11,32.87,-7.23,-0.45
1,11,1.2,1.2,2.1,15,32.87,-5.54,-0.31
1,11,1.2,1.2,2.1,19,32.87,-2.04,-0.03
1,11,1.2,1.5,0.0,3,31.5,-7.41,-0.42
1,11,1.2,1.5,0.0,7,31.15,-6.64,-0.37
1,11,1.2,1.5,0.0,11,31.22,-9.28,-0.59
1,11,1.2,1.5,0.0,15,30.94,-9.27,-0.59
1,11,1.2,1.5,0.0,19,30.94,-7.07,-0.41
1,11,1.2,1.5,0.3,3,31.56,-7.9,-0.46
1,11,1.2,1.5,0.3,7,31.15,-6.86,-0.39
1,11,1.2,1.5,0.3,11,31.5,-8.44,-0.52
1,11,1.2,1.5,0.3,15,31.29,-8.09,-0.49
1,11,1.2,1.5,0.3,19,31.15,-5.59,-0.29
1,11,1.2,1.5,0.6,3,31.56,-7.9,-0.46
1,11,1.2,1.5,0.6,7,31.15,-6.86,-0.39
1,11,1.2,1.5,0.6,11,31.5,-8.44,-0.52
1,11,1.2,1.5,0.6,15,31.29,-8.09,-0.49
1,11,1.2,1.5,0.6,19,31.15,-5.59,-0.29
1,11,1.2,1.5,0.9,3,31.56,-7.9,-0.46
1,11,1.2,1.5,0.9,7,31.15,-6.86,-0.39
1,11,1.2,1.5,0.9,11,31.5,-8.44,-0.52
1,11,1.2,1.5,0.9,15,31.29,-8.09,-0.49
1,11,1.2,1.5,0.9,19,31.15,-5.59,-0.29
1,11,1.2,1.5,1.2,3,31.56,-7.9,-0.46
1,11,1.2,1.5,1.2,7,31.15,-6.86,-0.39
1,11,1.2,1.5,1.2,11,31.5,-8.44,-0.52
1,11,1.2,1.5,1.2,15,31.29,-8.09,-0.49
1,11,1.2,1.5,1.2,19,31.15,-5.59,-0.29
1,11,1.2,1.5,1.5,3,31.56,-7.9,-0.46
1,11,1.2,1.5,1.5,7,31.15,-6.86,-0.39
1,11,1.2,1.5,1.5,11,31.5,-8.44,-0.52
1,11,1.2,1.5,1.5,15,31.29,-8.09,-0.49
1,11,1.2,1.5,1.5,19,31.15,-5.59,-0.29
1,11,1.2,1.5,1.8,3,31.56,-7.9,-0.46
1,11,1.2,1.5,1.8,7,31.15,-6.86,-0.39
1,11,1.2,1.5,1.8,11,31.5,-8.44,-0.52
1,11,1.2,1.5,1.8,15,31.29,-8.09,-0.49
1,11,1.2,1.5,1.8,19,31.15,-5.59,-0.29
1,11,1.2,1.5,2.1,3,31.56,-7.9,-0.46
1,11,1.2,1.5,2.1,7,31.15,-6.86,-0.39
1,11,1.2,1.5,2.1,11,31.5,-8.44,-0.52
1,11,1.2,1.5,2.1,15,31.29,-8.09,-0.49
1,11,1.2,1.5,2.1,19,31.15,-5.59,-0.29
1,11,1.2,1.8,0.0,3,30.39,-6.74,-0.36
1,11,1.2,1.8,0.0,7,30.19,-7.52,-0.42
1,11,1.2,1.8,0.0,11,30.12,-7.9,-0.45
1,11,1.2,1.8,0.0,15,29.91,-10.94,-0.68
1,11,1.2,1.8,0.0,19,29.77,-11.94,-0.76
1,11,1.2,1.8,0.3,3,30.74,-6.5,-0.34
1,11,1.2,1.8,0.3,7,30.39,-7.01,-0.39
1,11,1.2,1.8,0.3,11,30.6,-6.95,-0.38
1,11,1.2,1.8,0.3,15,30.39,-9.68,-0.59
1,11,1.2,1.8,0.3,19,30.19,-9.85,-0.6
1,11,1.2,1.8,0.6,3,30.74,-6.5,-0.34
1,11,1.2,1.8,0.6,7,30.39,-7.01,-0.39
1,11,1.2,1.8,0.6,11,30.6,-6.95,-0.38
1,11,1.2,1.8,0.6,15,30.39,-9.68,-0.59
1,11,1.2,1.8,0.6,19,30.19,-9.85,-0.6
1,11,1.2,1.8,0.9,3,30.74,-6.5,-0.34
1,11,1.2,1.8,0.9,7,30.39,-7.01,-0.39
1,11,1.2,1.8,0.9,11,30.6,-6.95,-0.38
1,11,1.2,1.8,0.9,15,30.39,-9.68,-0.59
1,11,1.2,1.8,0.9,19,30.19,-9.85,-0.6
1,11,1.2,1.8,1.2,3,30.74,-6.5,-0.34
1,11,1.2,1.8,1.2,7,30.39,-7.01,-0.39
1,11,1.2,1.8,1.2,11,30.6,-6.95,-0.38
1,11,1.2,1.8,1.2,15,30.39,-9.68,-0.59
1,11,1.2,1.8,1.2,19,30.19,-9.85,-0.6
1,11,1.2,1.8,1.5,3,30.74,-6.5,-0.34
1,11,1.2,1.8,1.5,7,30.39,-7.01,-0.39
1,11,1.2,1.8,1.5,11,30.6,-6.95,-0.38
1,11,1.2,1.8,1.5,15,30.39,-9.68,-0.59
1,11,1.2,1.8,1.5,19,30.19,-9.85,-0.6
1,11,1.2,1.8,1.8,3,30.74,-6.5,-0.34
1,11,1.2,1.8,1.8,7,30.39,-7.01,-0.39
1,11,1.2,1.8,1.8,11,30.6,-6.95,-0.38
1,11,1.2,1.8,1.8,15,30.39,-9.68,-0.59
1,11,1.2,1.8,1.8,19,30.19,-9.85,-0.6
1,11,1.2,1.8,2.1,3,30.74,-6.5,-0.34
1,11,1.2,1.8,2.1,7,30.39,-7.01,-0.39
1,11,1.2,1.8,2.1,11,30.6,-6.95,-0.38
1,11,1.2,1.8,2.1,15,30.39,-9.68,-0.59
1,11,1.2,1.8,2.1,19,30.19,-9.85,-0.6
1,11,1.2,2.1,0.0,3,29.57,-8.06,-0.44
1,11,1.2,2.1,0.0,7,29.31,-13.47,-0.87
1,11,1.2,2.1,0.0,11,29.31,-11.27,-0.69
1,11,1.2,2.1,0.0,15,29.17,-13.48,-0.86
1,11,1.2,2.1,0.0,19,29.1,-11.78,-0.73
1,11,1.2,2.1,0.3,3,30.39,-8.75,-0.49
1,11,1.2,2.1,0.3,7,29.93,-9.54,-0.57
1,11,1.2,2.1,0.3,11,30.14,-7.88,-0.44
1,11,1.2,2.1,0.3,15,30.0,-11.12,-0.68
1,11,1.2,2.1,0.3,19,29.79,-10.32,-0.62
1,11,1.2,2.1,0.6,3,30.39,-8.75,-0.49
1,11,1.2,2.1,0.6,7,29.93,-9.54,-0.57
1,11,1.2,2.1,0.6,11,30.14,-7.88,-0.44
1,11,1.2,2.1,0.6,15,30.0,-11.12,-0.68
1,11,1.2,2.1,0.6,19,29.79,-10.32,-0.62
1,11,1.2,2.1,0.9,3,30.39,-8.75,-0.49
1,11,1.2,2.1,0.9,7,29.93,-9.54,-0.57
1,11,1.2,2.1,0.9,11,30.14,-7.88,-0.44
1,11,1.2,2.1,0.9,15,30.0,-11.12,-0.68
1,11,1.2,2.1,0.9,19,29.79,-10.32,-0.62
1,11,1.2,2.1,1.2,3,30.39,-8.75,-0.49
1,11,1.2,2.1,1.2,7,29.93,-9.54,-0.57
1,11,1.2,2.1,1.2,11,30.14,-7.88,-0.44
1,11,1.2,2.1,1.2,15,30.0,-11.12,-0.68
1,11,1.2,2.1,1.2,19,29.79,-10.32,-0.62
1,11,1.2,2.1,1.5,3,30.39,-8.75,-0.49
1,11,1.2,2.1,1.5,7,29.93,-9.54,-0.57
1,11,1.2,2.1,1.5,11,30.14,-7.88,-0.44
1,11,1.2,2.1,1.5,15,30.0,-11.12,-0.68
1,11,1.2,2.1,1.5,19,29.79,-10.32,-0.62
1,11,1.2,2.1,1.8,3,30.39,-8.75,-0.49
1,11,1.2,2.1,1.8,7,29.93,-9.54,-0.57
1,11,1.2,2.1,1.8,11,30.14,-7.88,-0.44
1,11,1.2,2.1,1.8,15,30.0,-11.12,-0.68
1,11,1.2,2.1,1.8,19,29.79,-10.32,-0.62
1,11,1.2,2.1,2.1,3,30.39,-8.75,-0.49
1,11,1.2,2.1,2.1,7,29.93,-9.54,-0.57
1,11,1.2,2.1,2.1,11,30.14,-7.88,-0.44
1,11,1.2,2.1,2.1,15,30.0,-11.12,-0.68
1,11,1.2,2.1,2.1,19,29.79,-10.32,-0.62
1,11,1.5,0.0,0.0,3,59.2,-12.93,-1.3
1,11,1.5,0.0,0.0,7,59.13,-14.99,-1.55
1,11,1.5,0.0,0.0,11,59.06,-15.07,-1.56
1,11,1.5,0.0,0.0,15,59.06,-14.89,-1.54
1,11,1.5,0.0,0.0,19,59.06,-13.66,-1.39
1,11,1.5,0.0,0.3,3,59.2,-12.93,-1.3
1,11,1.5,0.0,0.3,7,59.13,-14.99,-1.55
1,11,1.5,0.0,0.3,11,59.06,-15.07,-1.56
1,11,1.5,0.0,0.3,15,59.06,-14.89,-1.54
1,11,1.5,0.0,0.3,19,59.06,-13.66,-1.39
1,11,1.5,0.0,0.6,3,59.2,-12.93,-1.3
1,11,1.5,0.0,0.6,7,59.13,-14.99,-1.55
1,11,1.5,0.0,0.6,11,59.06,-15.07,-1.56
1,11,1.5,0.0,0.6,15,59.06,-14.89,-1.54
1,11,1.5,0.0,0.6,19,59.06,-13.66,-1.39
1,11,1.5,0.0,0.9,3,59.2,-12.93,-1.3
1,11,1.5,0.0,0.9,7,59.13,-14.99,-1.55
1,11,1.5,0.0,0.9,11,59.06,-15.07,-1.56
1,11,1.5,0.0,0.9,15,59.06,-14.89,-1.54
1,11,1.5,0.0,0.9,19,59.06,-13.66,-1.39
1,11,1.5,0.0,1.2,3,59.2,-12.93,-1.3
1,11,1.5,0.0,1.2,7,59.13,-14.99,-1.55
1,11,1.5,0.0,1.2,11,59.06,-15.07,-1.56
1,11,1.5,0.0,1.2,15,59.06,-14.89,-1.54
1,11,1.5,0.0,1.2,19,59.06,-13.66,-1.39
1,11,1.5,0.0,1.5,3,59.2,-12.93,-1.3
1,11,1.5,0.0,1.5,7,59.13,-14.99,-1.55
1,11,1.5,0.0,1.5,11,59.06,-15.07,-1.56
1,11,1.5,0.0,1.5,15,59.06,-14.89,-1.54
1,11,1.5,0.0,1.5,19,59.06,-13.66,-1.39
1,11,1.5,0.0,1.8,3,59.2,-12.93,-1.3
1,11,1.5,0.0,1.8,7,59.13,-14.99,-1.55
1,11,1.5,0.0,1.8,11,59.06,-15.07,-1.56
1,11,1.5,0.0,1.8,15,59.06,-14.89,-1.54
1,11,1.5,0.0,1.8,19,59.06,-13.66,-1.39
1,11,1.5,0.0,2.1,3,59.2,-12.93,-1.3
1,11,1.5,0.0,2.1,7,59.13,-14.99,-1.55
1,11,1.5,0.0,2.1,11,59.06,-15.07,-1.56
1,11,1.5,0.0,2.1,15,59.06,-14.89,-1.54
1,11,1.5,0.0,2.1,19,59.06,-13.66,-1.39
1,11,1.5,0.3,0.0,3,48.59,-17.78,-1.67
1,11,1.5,0.3,0.0,7,48.31,-21.45,-2.12
1,11,1.5,0.3,0.0,11,48.24,-23.07,-2.33
1,11,1.5,0.3,0.0,15,48.1,-22.45,-2.25
1,11,1.5,0.3,0.0,19,48.1,-19.62,-1.92
1,11,1.5,0.3,0.3,3,48.59,-17.78,-1.67
1,11,1.5,0.3,0.3,7,48.31,-21.45,-2.12
1,11,1.5,0.3,0.3,11,48.24,-23.07,-2.33
1,11,1.5,0.3,0.3,15,48.1,-22.37,-2.24
1,11,1.5,0.3,0.3,19,48.1,-19.54,-1.91
1,11,1.5,0.3,0.6,3,48.59,-17.78,-1.67
1,11,1.5,0.3,0.6,7,48.31,-21.45,-2.12
1,11,1.5,0.3,0.6,11,48.24,-23.07,-2.33
1,11,1.5,0.3,0.6,15,48.1,-22.37,-2.24
1,11,1.5,0.3,0.6,19,48.1,-19.54,-1.91
1,11,1.5,0.3,0.9,3,48.59,-17.78,-1.67
1,11,1.5,0.3,0.9,7,48.31,-21.45,-2.12
1,11,1.5,0.3,0.9,11,48.24,-23.07,-2.33
1,11,1.5,0.3,0.9,15,48.1,-22.37,-2.24
1,11,1.5,0.3,0.9,19,48.1,-19.54,-1.91
1,11,1.5,0.3,1.2,3,48.59,-17.78,-1.67
1,11,1.5,0.3,1.2,7,48.31,-21.45,-2.12
1,11,1.5,0.3,1.2,11,48.24,-23.07,-2.33
1,11,1.5,0.3,1.2,15,48.1,-22.37,-2.24
1,11,1.5,0.3,1.2,19,48.1,-19.54,-1.91
1,11,1.5,0.3,1.5,3,48.59,-17.78,-1.67
1,11,1.5,0.3,1.5,7,48.31,-21.45,-2.12
1,11,1.5,0.3,1.5,11,48.24,-23.07,-2.33
1,11,1.5,0.3,1.5,15,48.1,-22.37,-2.24
1,11,1.5,0.3,1.5,19,48.1,-19.54,-1.91
1,11,1.5,0.3,1.8,3,48.59,-17.78,-1.67
1,11,1.5,0.3,1.8,7,48.31,-21.45,-2.12
1,11,1.5,0.3,1.8,11,48.24,-23.07,-2.33
1,11,1.5,0.3,1.8,15,48.1,-22.37,-2.24
1,11,1.5,0.3,1.8,19,48.1,-19.54,-1.91
1,11,1.5,0.3,2.1,3,48.59,-17.78,-1.67
1,11,1.5,0.3,2.1,7,48.31,-21.45,-2.12
1,11,1.5,0.3,2.1,11,48.24,-23.07,-2.33
1,11,1.5,0.3,2.1,15,48.1,-22.37,-2.24
1,11,1.5,0.3,2.1,19,48.1,-19.54,-1.91
1,11,1.5,0.6,0.0,3,41.83,-13.29,-1.1
1,11,1.5,0.6,0.0,7,41.35,-17.02,-1.49
1,11,1.5,0.6,0.0,11,41.01,-19.36,-1.74
1,11,1.5,0.6,0.0,15,40.66,-20.33,-1.84
1,11,1.5,0.6,0.0,19,40.52,-19.59,-1.76
1,11,1.5,0.6,0.3,3,41.83,-13.29,-1.1
1,11,1.5,0.6,0.3,7,41.35,-17.02,-1.49
1,11,1.5,0.6,0.3,11,41.01,-19.36,-1.74
1,11,1.5,0.6,0.3,15,40.66,-20.25,-1.83
1,11,1.5,0.6,0.3,19,40.52,-19.51,-1.76
1,11,1.5,0.6,0.6,3,41.83,-13.29,-1.1
1,11,1.5,0.6,0.6,7,41.35,-17.02,-1.49
1,11,1.5,0.6,0.6,11,41.01,-19.36,-1.74
1,11,1.5,0.6,0.6,15,40.66,-20.25,-1.83
1,11,1.5,0.6,0.6,19,40.52,-19.51,-1.76
1,11,1.5,0.6,0.9,3,41.83,-13.29,-1.1
1,11,1.5,0.6,0.9,7,41.35,-17.02,-1.49
1,11,1.5,0.6,0.9,11,41.01,-19.36,-1.74
1,11,1.5,0.6,0.9,15,40.66,-20.25,-1.83
1,11,1.5,0.6,0.9,19,40.52,-19.51,-1.76
1,11,1.5,0.6,1.2,3,41.83,-13.29,-1.1
1,11,1.5,0.6,1.2,7,41.35,-17.02,-1.49
1,11,1.5,0.6,1.2,11,41.01,-19.36,-1.74
1,11,1.5,0.6,1.2,15,40.66,-20.25,-1.83
1,11,1.5,0.6,1.2,19,40.52,-19.51,-1.76
1,11,1.5,0.6,1.5,3,41.83,-13.29,-1.1
1,11,1.5,0.6,1.5,7,41.35,-17.02,-1.49
1,11,1.5,0.6,1.5,11,41.01,-19.36,-1.74
1,11,1.5,0.6,1.5,15,40.66,-20.25,-1.83
1,11,1.5,0.6,1.5,19,40.52,-19.51,-1.76
1,11,1.5,0.6,1.8,3,41.83,-13.29,-1.1
1,11,1.5,0.6,1.8,7,41.35,-17.02,-1.49
1,11,1.5,0.6,1.8,11,41.01,-19.36,-1.74
1,11,1.5,0.6,1.8,15,40.66,-20.25,-1.83
1,11,1.5,0.6,1.8,19,40.52,-19.51,-1.76
1,11,1.5,0.6,2.1,3,41.83,-13.29,-1.1
1,11,1.5,0.6,2.1,7,41.35,-17.02,-1.49
1,11,1.5,0.6,2.1,11,41.01,-19.36,-1.74
1,11,1.5,0.6,2.1,15,40.66,-20.25,-1.83
1,11,1.5,0.6,2.1,19,40.52,-19.51,-1.76
1,11,1.5,0.9,0.0,3,36.39,-7.64,-0.5
1,11,1.5,0.9,0.0,7,36.53,-7.44,-0.5
1,11,1.5,0.9,0.0,11,36.04,-8.25,-0.57
1,11,1.5,0.9,0.0,15,35.63,-7.33,-0.48
1,11,1.5,0.9,0.0,19,35.49,-7.86,-0.53
1,11,1.5,0.9,0.3,3,36.39,-7.64,-0.5
1,11,1.5,0.9,0.3,7,36.53,-7.44,-0.5
1,11,1.5,0.9,0.3,11,36.04,-8.25,-0.57
1,11,1.5,0.9,0.3,15,35.63,-7.24,-0.47
1,11,1.5,0.9,0.3,19,35.49,-7.77,-0.52
1,11,1.5,0.9,0.6,3,36.39,-7.64,-0.5
1,11,1.5,0.9,0.6,7,36.53,-7.44,-0.5
1,11,1.5,0.9,0.6,11,36.04,-8.25,-0.57
1,11,1.5,0.9,0.6,15,35.63,-7.24,-0.47
1,11,1.5,0.9,0.6,19,35.49,-7.77,-0.52
1,11,1.5,0.9,0.9,3,36.39,-7.64,-0.5
1,11,1.5,0.9,0.9,7,36.53,-7.44,-0.5
1,11,1.5,0.9,0.9,11,36.04,-8.25,-0.57
1,11,1.5,0.9,0.9,15,35.63,-7.24,-0.47
1,11,1.5,0.9,0.9,19,35.49,-7.77,-0.52
1,11,1.5,0.9,1.2,3,36.39,-7.64,-0.5
1,11,1.5,0.9,1.2,7,36.53,-7.44,-0.5
1,11,1.5,0.9,1.2,11,36.04,-8.25,-0.57
1,11,1.5,0.9,1.2,15,35.63,-7.24,-0.47
1,11,1.5,0.9,1.2,19,35.49,-7.77,-0.52
1,11,1.5,0.9,1.5,3,36.39,-7.64,-0.5
1,11,1.5,0.9,1.5,7,36.53,-7.44,-0.5
1,11,1.5,0.9,1.5,11,36.04,-8.25,-0.57
1,11,1.5,0.9,1.5,15,35.63,-7.24,-0.47
1,11,1.5,0.9,1.5,19,35.49,-7.77,-0.52
1,11,1.5,0.9,1.8,3,36.39,-7.64,-0.5
1,11,1.5,0.9,1.8,7,36.53,-7.44,-0.5
1,11,1.5,0.9,1.8,11,36.04,-8.25,-0.57
1,11,1.5,0.9,1.8,15,35.63,-7.24,-0.47
1,11,1.5,0.9,1.8,19,35.49,-7.77,-0.52
1,11,1.5,0.9,2.1,3,36.39,-7.64,-0.5
1,11,1.5,0.9,2.1,7,36.53,-7.44,-0.5
1,11,1.5,0.9,2.1,11,36.04,-8.25,-0.57
1,11,1.5,0.9,2.1,15,35.63,-7.24,-0.47
1,11,1.5,0.9,2.1,19,35.49,-7.77,-0.52
1,11,1.5,1.2,0.0,3,33.56,-5.54,-0.3
1,11,1.5,1.2,0.0,7,32.87,-10.74,-0.73
1,11,1.5,1.2,0.0,11,32.87,-8.39,-0.54
1,11,1.5,1.2,0.0,15,32.87,-5.94,-0.34
1,11,1.5,1.2,0.0,19,32.87,-2.67,-0.08
1,11,1.5,1.2,0.3,3,33.56,-5.54,-0.3
1,11,1.5,1.2,0.3,7,32.87,-10.74,-0.73
1,11,1.5,1.2,0.3,11,32.87,-8.41,-0.54
1,11,1.5,1.2,0.3,15,32.87,-5.87,-0.34
1,11,1.5,1.2,0.3,19,32.87,-2.57,-0.07
1,11,1.5,1.2,0.6,3,33.56,-5.54,-0.3
1,11,1.5,1.2,0.6,7,32.87,-10.74,-0.73
1,11,1.5,1.2,0.6,11,32.87,-8.41,-0.54
1,11,1.5,1.2,0.6,15,32.87,-5.87,-0.34
1,11,1.5,1.2,0.6,19,32.87,-2.57,-0.07
1,11,1.5,1.2,0.9,3,33.56,-5.54,-0.3
1,11,1.5,1.2,0.9,7,32.87,-10.74,-0.73
1,11,1.5,1.2,0.9,11,32.87,-8.41,-0.54
1,11,1.5,1.2,0.9,15,32.87,-5.87,-0.34
1,11,1.5,1.2,0.9,19,32.87,-2.57,-0.07
1,11,1.5,1.2,1.2,3,33.56,-5.54,-0.3
1,11,1.5,1.2,1.2,7,32.87,-10.74,-0.73
1,11,1.5,1.2,1.2,11,32.87,-8.41,-0.54
1,11,1.5,1.2,1.2,15,32.87,-5.87,-0.34
1,11,1.5,1.2,1.2,19,32.87,-2.57,-0.07
1,11,1.5,1.2,1.5,3,33.56,-5.54,-0.3
1,11,1.5,1.2,1.5,7,32.87,-10.74,-0.73
1,11,1.5,1.2,1.5,11,32.87,-8.41,-0.54
1,11,1.5,1.2,1.5,15,32.87,-5.87,-0.34
1,11,1.5,1.2,1.5,19,32.87,-2.57,-0.07
1,11,1.5,1.2,1.8,3,33.56,-5.54,-0.3
1,11,1.5,1.2,1.8,7,32.87,-10.74,-0.73
1,11,1.5,1.2,1.8,11,32.87,-8.41,-0.54
1,11,1.5,1.2,1.8,15,32.87,-5.87,-0.34
1,11,1.5,1.2,1.8,19,32.87,-2.57,-0.07
1,11,1.5,1.2,2.1,3,33.56,-5.54,-0.3
1,11,1.5,1.2,2.1,7,32.87,-10.74,-0.73
1,11,1.5,1.2,2.1,11,32.87,-8.41,-0.54
1,11,1.5,1.2,2.1,15,32.87,-5.87,-0.34
1,11,1.5,1.2,2.1,19,32.87,-2.57,-0.07
1,11,1.5,1.5,0.0,3,31.5,-7.41,-0.42
1,11,1.5,1.5,0.0,7,31.22,-6.09,-0.33
1,11,1.5,1.5,0.0,11,31.22,-9.83,-0.63
1,11,1.5,1.5,0.0,15,30.94,-9.23,-0.58
1,11,1.5,1.5,0.0,19,30.94,-7.06,-0.41
1,11,1.5,1.5,0.3,3,31.5,-7.34,-0.42
1,11,1.5,1.5,0.3,7,31.15,-6.69,-0.37
1,11,1.5,1.5,0.3,11,31.22,-9.8,-0.63
1,11,1.5,1.5,0.3,15,30.94,-8.86,-0.55
1,11,1.5,1.5,0.3,19,30.94,-6.69,-0.38
1,11,1.5,1.5,0.6,3,31.5,-7.34,-0.42
1,11,1.5,1.5,0.6,7,31.15,-6.69,-0.37
1,11,1.5,1.5,0.6,11,31.22,-9.8,-0.63
1,11,1.5,1.5,0.6,15,30.94,-8.86,-0.55
1,11,1.5,1.5,0.6,19,30.94,-6.69,-0.38
1,11,1.5,1.5,0.9,3,31.5,-7.34,-0.42
1,11,1.5,1.5,0.9,7,31.15,-6.69,-0.37
1,11,1.5,1.5,0.9,11,31.22,-9.8,-0.63
1,11,1.5,1.5,0.9,15,30.94,-8.86,-0.55
1,11,1.5,1.5,0.9,19,30.94,-6.69,-0.38
1,11,1.5,1.5,1.2,3,31.5,-7.34,-0.42
1,11,1.5,1.5,1.2,7,31.15,-6.69,-0.37
1,11,1.5,1.5,1.2,11,31.22,-9.8,-0.63
1,11,1.5,1.5,1.2,15,30.94,-8.86,-0.55
1,11,1.5,1.5,1.2,19,30.94,-6.69,-0.38
1,11,1.5,1.5,1.5,3,31.5,-7.34,-0.42
1,11,1.5,1.5,1.5,7,31.15,-6.69,-0.37
1,11,1.5,1.5,1.5,11,31.22,-9.8,-0.63
1,11,1.5,1.5,1.5,15,30.94,-8.86,-0.55
1,11,1.5,1.5,1.5,19,30.94,-6.69,-0.38
1,11,1.5,1.5,1.8,3,31.5,-7.34,-0.42
1,11,1.5,1.5,1.8,7,31.15,-6.69,-0.37
1,11,1.5,1.5,1.8,11,31.22,-9.8,-0.63
1,11,1.5,1.5,1.8,15,30.94,-8.86,-0.55
1,11,1.5,1.5,1.8,19,30.94,-6.69,-0.38
1,11,1.5,1.5,2.1,3,31.5,-7.34,-0.42
1,11,1.5,1.5,2.1,7,31.15,-6.69,-0.37
1,11,1.5,1.5,2.1,11,31.22,-9.8,-0.63
1,11,1.5,1.5,2.1,15,30.94,-8.86,-0.55
1,11,1.5,1.5,2.1,19,30.94,-6.69,-0.38
1,11,1.5,1.8,0.0,3,30.39,-6.74,-0.36
1,11,1.5,1.8,0.0,7,30.25,-6.98,-0.38
1,11,1.5,1.8,0.0,11,30.12,-8.45,-0.49
1,11,1.5,1.8,0.0,15,29.91,-10.91,-0.68
1,11,1.5,1.8,0.0,19,29.77,-11.93,-0.76
1,11,1.5,1.8,0.3,3,30.46,-6.38,-0.33
1,11,1.5,1.8,0.3,7,30.25,-7.29,-0.41
1,11,1.5,1.8,0.3,11,30.12,-8.43,-0.49
1,11,1.5,1.8,0.3,15,29.84,-11.16,-0.7
1,11,1.5,1.8,0.3,19,29.7,-11.62,-0.74
1,11,1.5,1.8,0.6,3,30.46,-6.38,-0.33
1,11,1.5,1.8,0.6,7,30.25,-7.29,-0.41
1,11,1.5,1.8,0.6,11,30.12,-8.43,-0.49
1,11,1.5,1.8,0.6,15,29.84,-11.16,-0.7
1,11,1.5,1.8,0.6,19,29.7,-11.62,-0.74
1,11,1.5,1.8,0.9,3,30.46,-6.38,-0.33
1,11,1.5,1.8,0.9,7,30.25,-7.29,-0.41
1,11,1.5,1.8,0.9,11,30.12,-8.43,-0.49
1,11,1.5,1.8,0.9,15,29.84,-11.16,-0.7
1,11,1.5,1.8,0.9,19,29.7,-11.62,-0.74
1,11,1.5,1.8,1.2,3,30.46,-6.38,-0.33
1,11,1.5,1.8,1.2,7,30.25,-7.29,-0.41
1,11,1.5,1.8,1.2,11,30.12,-8.43,-0.49
1,11,1.5,1.8,1.2,15,29.84,-11.16,-0.7
1,11,1.5,1.8,1.2,19,29.7,-11.62,-0.74
1,11,1.5,1.8,1.5,3,30.46,-6.38,-0.33
1,11,1.5,1.8,1.5,7,30.25,-7.29,-0.41
1,11,1.5,1.8,1.5,11,30.12,-8.43,-0.49
1,11,1.5,1.8,1.5,15,29.84,-11.16,-0.7
1,11,1.5,1.8,1.5,19,29.7,-11.62,-0.74
1,11,1.5,1.8,1.8,3,30.46,-6.38,-0.33
1,11,1.5,1.8,1.8,7,30.25,-7.29,-0.41
1,11,1.5,1.8,1.8,11,30.12,-8.43,-0.49
1,11,1.5,1.8,1.8,15,29.84,-11.16,-0.7
1,11,1.5,1.8,1.8,19,29.7,-11.62,-0.74
1,11,1.5,1.8,2.1,3,30.46,-6.38,-0.33
1,11,1.5,1.8,2.1,7,30.25,-7.29,-0.41
1,11,1.5,1.8,2.1,11,30.12,-8.43,-0.49
1,11,1.5,1.8,2.1,15,29.84,-11.16,-0.7
1,11,1.5,1.8,2.1,19,29.7,-11.62,-0.74
1,11,1.5,2.1,0.0,3,29.57,-8.06,-0.44
1,11,1.5,2.1,0.0,7,29.38,-12.97,-0.82
1,11,1.5,2.1,0.0,11,29.31,-11.81,-0.73
1,11,1.5,2.1,0.0,15,29.17,-13.45,-0.86
1,11,1.5,2.1,0.0,19,29.1,-11.78,-0.73
1,11,1.5,2.1,0.3,3,29.77,-8.37,-0.46
1,11,1.5,2.1,0.3,7,29.66,-12.1,-0.76
1,11,1.5,2.1,0.3,11,29.52,-10.74,-0.65
1,11,1.5,2.1,0.3,15,29.38,-12.51,-0.79
1,11,1.5,2.1,0.3,19,29.31,-11.07,-0.67
1,11,1.5,2.1,0.6,3,29.77,-8.37,-0.46
1,11,1.5,2.1,0.6,7,29.66,-12.1,-0.76
1,11,1.5,2.1,0.6,11,29.52,-10.74,-0.65
1,11,1.5,2.1,0.6,15,29.38,-12.51,-0.79
1,11,1.5,2.1,0.6,19,29.31,-11.07,-0.67
1,11,1.5,2.1,0.9,3,29.77,-8.37,-0.46
1,11,1.5,2.1,0.9,7,29.66,-12.1,-0.76
1,11,1.5,2.1,0.9,11,29.52,-10.74,-0.65
1,11,1.5,2.1,0.9,15,29.38,-12.51,-0.79
1,11,1.5,2.1,0.9,19,29.31,-11.07,-0.67
1,11,1.5,2.1,1.2,3,29.77,-8.37,-0.46
1,11,1.5,2.1,1.2,7,29.66,-12.1,-0.76
1,11,1.5,2.1,1.2,11,29.52,-10.74,-0.65
1,11,1.5,2.1,1.2,15,29.38,-12.51,-0.79
1,11,1.5,2.1,1.2,19,29.31,-11.07,-0.67
1,11,1.5,2.1,1.5,3,29.77,-8.37,-0.46
1,11,1.5,2.1,1.5,7,29.66,-12.1,-0.76
1,11,1.5,2.1,1.5,11,29.52,-10.74,-0.65
1,11,1.5,2.1,1.5,15,29.38,-12.51,-0.79
1,11,1.5,2.1,1.5,19,29.31,-11.07,-0.67
1,11,1.5,2.1,1.8,3,29.77,-8.37,-0.46
1,11,1.5,2.1,1.8,7,29.66,-12.1,-0.76
1,11,1.5,2.1,1.8,11,29.52,-10.74,-0.65
1,11,1.5,2.1,1.8,15,29.38,-12.51,-0.79
1,11,1.5,2.1,1.8,19,29.31,-11.07,-0.67
1,11,1.5,2.1,2.1,3,29.77,-8.37,-0.46
1,11,1.5,2.1,2.1,7,29.66,-12.1,-0.76
1,11,1.5,2.1,2.1,11,29.52,-10.74,-0.65
1,11,1.5,2.1,2.1,15,29.38,-12.51,-0.79
1,11,1.5,2.1,2.1,19,29.31,-11.07,-0.67
1,11,1.8,0.0,0.0,3,59.2,-12.93,-1.3
1,11,1.8,0.0,0.0,7,59.2,-12.93,-1.3
1,11,1.8,0.0,0.0,11,59.13,-14.91,-1.54
1,11,1.8,0.0,0.0,15,59.13,-14.59,-1.5
1,11,1.8,0.0,0.0,19,59.13,-13.43,-1.36
1,11,1.8,0.0,0.3,3,59.2,-12.93,-1.3
1,11,1.8,0.0,0.3,7,59.2,-12.93,-1.3
1,11,1.8,0.0,0.3,11,59.13,-14.91,-1.54
1,11,1.8,0.0,0.3,15,59.13,-14.59,-1.5
1,11,1.8,0.0,0.3,19,59.13,-13.43,-1.36
1,11,1.8,0.0,0.6,3,59.2,-12.93,-1.3
1,11,1.8,0.0,0.6,7,59.2,-12.93,-1.3
1,11,1.8,0.0,0.6,11,59.13,-14.91,-1.54
1,11,1.8,0.0,0.6,15,59.13,-14.59,-1.5
1,11,1.8,0.0,0.6,19,59.13,-13.43,-1.36
1,11,1.8,0.0,0.9,3,59.2,-12.93,-1.3
1,11,1.8,0.0,0.9,7,59.2,-12.93,-1.3
1,11,1.8,0.0,0.9,11,59.13,-14.91,-1.54
1,11,1.8,0.0,0.9,15,59.13,-14.59,-1.5
1,11,1.8,0.0,0.9,19,59.13,-13.43,-1.36
1,11,1.8,0.0,1.2,3,59.2,-12.93,-1.3
1,11,1.8,0.0,1.2,7,59.2,-12.93,-1.3
1,11,1.8,0.0,1.2,11,59.13,-14.91,-1.54
1,11,1.8,0.0,1.2,15,59.13,-14.59,-1.5
1,11,1.8,0.0,1.2,19,59.13,-13.43,-1.36
1,11,1.8,0.0,1.5,3,59.2,-12.93,-1.3
1,11,1.8,0.0,1.5,7,59.2,-12.93,-1.3
1,11,1.8,0.0,1.5,11,59.13,-14.91,-1.54
1,11,1.8,0.0,1.5,15,59.13,-14.59,-1.5
1,11,1.8,0.0,1.5,19,59.13,-13.43,-1.36
1,11,1.8,0.0,1.8,3,59.2,-12.93,-1.3
1,11,1.8,0.0,1.8,7,59.2,-12.93,-1.3
1,11,1.8,0.0,1.8,11,59.13,-14.91,-1.54
1,11,1.8,0.0,1.8,15,59.13,-14.59,-1.5
1,11,1.8,0.0,1.8,19,59.13,-13.43,-1.36
1,11,1.8,0.0,2.1,3,59.2,-12.93,-1.3
1,11,1.8,0.0,2.1,7,59.2,-12.93,-1.3
1,11,1.8,0.0,2.1,11,59.13,-14.91,-1.54
1,11,1.8,0.0,2.1,15,59.13,-14.59,-1.5
1,11,1.8,0.0,2.1,19,59.13,-13.43,-1.36
1,11,1.8,0.3,0.0,3,48.59,-17.78,-1.67
1,11,1.8,0.3,0.0,7,48.38,-19.55,-1.89
1,11,1.8,0.3,0.0,11,48.31,-22.92,-2.31
1,11,1.8,0.3,0.0,15,48.17,-22.18,-2.22
1,11,1.8,0.3,0.0,19,48.17,-19.41,-1.89
1,11,1.8,0.3,0.3,3,48.59,-17.78,-1.67
1,11,1.8,0.3,0.3,7,48.38,-19.55,-1.89
1,11,1.8,0.3,0.3,11,48.31,-22.92,-2.31
1,11,1.8,0.3,0.3,15,48.17,-22.18,-2.22
1,11,1.8,0.3,0.3,19,48.17,-19.41,-1.89
1,11,1.8,0.3,0.6,3,48.59,-17.78,-1.67
1,11,1.8,0.3,0.6,7,48.38,-19.55,-1.89
1,11,1.8,0.3,0.6,11,48.31,-22.92,-2.31
1,11,1.8,0.3,0.6,15,48.17,-22.18,-2.22
1,11,1.8,0.3,0.6,19,48.17,-19.41,-1.89
1,11,1.8,0.3,0.9,3,48.59,-17.78,-1.67
1,11,1.8,0.3,0.9,7,48.38,-19.55,-1.89
1,11,1.8,0.3,0.9,11,48.31,-22.92,-2.31
1,11,1.8,0.3,0.9,15,48.17,-22.18,-2.22
1,11,1.8,0.3,0.9,19,48.17,-19.41,-1.89
1,11,1.8,0.3,1.2,3,48.59,-17.78,-1.67
1,11,1.8,0.3,1.2,7,48.38,-19.55,-1.89
1,11,1.8,0.3,1.2,11,48.31,-22.92,-2.31
1,11,1.8,0.3,1.2,15,48.17,-22.18,-2.22
1,11,1.8,0.3,1.2,19,48.17,-19.41,-1.89
1,11,1.8,0.3,1.5,3,48.59,-17.78,-1.67
1,11,1.8,0.3,1.5,7,48.38,-19.55,-1.89
1,11,1.8,0.3,1.5,11,48.31,-22.92,-2.31
1,11,1.8,0.3,1.5,15,48.17,-22.18,-2.22
1,11,1.8,0.3,1.5,19,48.17,-19.41,-1.89
1,11,1.8,0.3,1.8,3,48.59,-17.78,-1.67
1,11,1.8,0.3,1.8,7,48.38,-19.55,-1.89
1,11,1.8,0.3,1.8,11,48.31,-22.92,-2.31
1,11,1.8,0.3,1.8,15,48.17,-22.18,-2.22
1,11,1.8,0.3,1.8,19,48.17,-19.41,-1.89
1,11,1.8,0.3,2.1,3,48.59,-17.78,-1.67
1,11,1.8,0.3,2.1,7,48.38,-19.55,-1.89
1,11,1.8,0.3,2.1,11,48.31,-22.92,-2.31
1,11,1.8,0.3,2.1,15,48.17,-22.18,-2.22
1,11,1.8,0.3,2.1,19,48.17,-19.41,-1.89
1,11,1.8,0.6,0.0,3,41.83,-13.29,-1.1
1,11,1.8,0.6,0.0,7,41.42,-15.01,-1.28
1,11,1.8,0.6,0.0,11,41.08,-19.21,-1.72
1,11,1.8,0.6,0.0,15,40.73,-20.06,-1.81
1,11,1.8,0.6,0.0,19,40.59,-19.38,-1.74
1,11,1.8,0.6,0.3,3,41.83,-13.29,-1.1
1,11,1.8,0.6,0.3,7,41.42,-15.01,-1.28
1,11,1.8,0.6,0.3,11,41.08,-19.21,-1.72
1,11,1.8,0.6,0.3,15,40.73,-20.06,-1.81
1,11,1.8,0.6,0.3,19,40.59,-19.38,-1.74
1,11,1.8,0.6,0.6,3,41.83,-13.29,-1.1
1,11,1.8,0.6,0.6,7,41.42,-15.01,-1.28
1,11,1.8,0.6,0.6,11,41.08,-19.21,-1.72
1,11,1.8,0.6,0.6,15,40.73,-20.06,-1.81
1,11,1.8,0.6,0.6,19,40.59,-19.38,-1.74
1,11,1.8,0.6,0.9,3,41.83,-13.29,-1.1
1,11,1.8,0.6,0.9,7,41.42,-15.01,-1.28
1,11,1.8,0.6,0.9,11,41.08,-19.21,-1.72
1,11,1.8,0.6,0.9,15,40.73,-20.06,-1.81
1,11,1.8,0.6,0.9,19,40.59,-19.38,-1.74
1,11,1.8,0.6,1.2,3,41.83,-13.29,-1.1
1,11,1.8,0.6,1.2,7,41.42,-15.01,-1.28
1,11,1.8,0.6,1.2,11,41.08,-19.21,-1.72
1,11,1.8,0.6,1.2,15,40.73,-20.06,-1.81
1,11,1.8,0.6,1.2,19,40.59,-19.38,-1.74
1,11,1.8,0.6,1.5,3,41.83,-13.29,-1.1
1,11,1.8,0.6,1.5,7,41.42,-15.01,-1.28
1,11,1.8,0.6,1.5,11,41.08,-19.21,-1.72
1,11,1.8,0.6,1.5,15,40.73,-20.06,-1.81
1,11,1.8,0.6,1.5,19,40.59,-19.38,-1.74
1,11,1.8,0.6,1.8,3,41.83,-13.29,-1.1
1,11,1.8,0.6,1.8,7,41.42,-15.01,-1.28
1,11,1.8,0.6,1.8,11,41.08,-19.21,-1.72
1,11,1.8,0.6,1.8,15,40.73,-20.06,-1.81
1,11,1.8,0.6,1.8,19,40.59,-19.38,-1.74
1,11,1.8,0.6,2.1,3,41.83,-13.29,-1.1
1,11,1.8,0.6,2.1,7,41.42,-15.01,-1.28
1,11,1.8,0.6,2.1,11,41.08,-19.21,-1.72
1,11,1.8,0.6,2.1,15,40.73,-20.06,-1.81
1,11,1.8,0.6,2.1,19,40.59,-19.38,-1.74
1,11,1.8,0.9,0.0,3,36.39,-7.64,-0.5
1,11,1.8,0.9,0.0,7,36.6,-5.19,-0.3
1,11,1.8,0.9,0.0,11,36.11,-7.7,-0.52
1,11,1.8,0.9,0.0,15,35.7,-6.63,-0.42
1,11,1.8,0.9,0.0,19,35.56,-7.24,-0.47
1,11,1.8,0.9,0.3,3,36.39,-7.64,-0.5
1,11,1.8,0.9,0.3,7,36.6,-5.19,-0.3
1,11,1.8,0.9,0.3,11,36.11,-7.7,-0.52
1,11,1.8,0.9,0.3,15,35.7,-6.63,-0.42
1,11,1.8,0.9,0.3,19,35.56,-7.24,-0.47
1,11,1.8,0.9,0.6,3,36.39,-7.64,-0.5
1,11,1.8,0.9,0.6,7,36.6,-5.19,-0.3
1,11,1.8,0.9,0.6,11,36.11,-7.7,-0.52
1,11,1.8,0.9,0.6,15,35.7,-6.63,-0.42
1,11,1.8,0.9,0.6,19,35.56,-7.24,-0.47
1,11,1.8,0.9,0.9,3,36.39,-7.64,-0.5
1,11,1.8,0.9,0.9,7,36.6,-5.19,-0.3
1,11,1.8,0.9,0.9,11,36.11,-7.7,-0.52
1,11,1.8,0.9,0.9,15,35.7,-6.63,-0.42
1,11,1.8,0.9,0.9,19,35.56,-7.24,-0.47
1,11,1.8,0.9,1.2,3,36.39,-7.64,-0.5
1,11,1.8,0.9,1.2,7,36.6,-5.19,-0.3
1,11,1.8,0.9,1.2,11,36.11,-7.7,-0.52
1,11,1.8,0.9,1.2,15,35.7,-6.63,-0.42
1,11,1.8,0.9,1.2,19,35.56,-7.24,-0.47
1,11,1.8,0.9,1.5,3,36.39,-7.64,-0.5
1,11,1.8,0.9,1.5,7,36.6,-5.19,-0.3
1,11,1.8,0.9,1.5,11,36.11,-7.7,-0.52
1,11,1.8,0.9,1.5,15,35.7,-6.63,-0.42
1,11,1.8,0.9,1.5,19,35.56,-7.24,-0.47
1,11,1.8,0.9,1.8,3,36.39,-7.64,-0.5
1,11,1.8,0.9,1.8,7,36.6,-5.19,-0.3
1,11,1.8,0.9,1.8,11,36.11,-7.7,-0.52
1,11,1.8,0.9,1.8,15,35.7,-6.63,-0.42
1,11,1.8,0.9,1.8,19,35.56,-7.24,-0.47
1,11,1.8,0.9,2.1,3,36.39,-7.64,-0.5
1,11,1.8,0.9,2.1,7,36.6,-5.19,-0.3
1,11,1.8,0.9,2.1,11,36.11,-7.7,-0.52
1,11,1.8,0.9,2.1,15,35.7,-6.63,-0.42
1,11,1.8,0.9,2.1,19,35.56,-7.24,-0.47
1,11,1.8,1.2,0.0,3,33.56,-5.54,-0.3
1,11,1.8,1.2,0.0,7,32.94,-8.57,-0.55
1,11,1.8,1.2,0.0,11,32.94,-7.84,-0.49
1,11,1.8,1.2,0.0,15,32.94,-5.23,-0.28
1,11,1.8,1.2,0.0,19,32.94,-2.01,-0.03
1,11,1.8,1.2,0.3,3,33.56,-5.54,-0.3
1,11,1.8,1.2,0.3,7,32.94,-8.57,-0.55
1,11,1.8,1.2,0.3,11,32.94,-7.84,-0.49
1,11,1.8,1.2,0.3,15,32.94,-5.23,-0.28
1,11,1.8,1.2,0.3,19,32.94,-2.01,-0.03
1,11,1.8,1.2,0.6,3,33.56,-5.54,-0.3
1,11,1.8,1.2,0.6,7,32.94,-8.57,-0.55
1,11,1.8,1.2,0.6,11,32.94,-7.84,-0.49
1,11,1.8,1.2,0.6,15,32.94,-5.23,-0.28
1,11,1.8,1.2,0.6,19,32.94,-2.01,-0.03
1,11,1.8,1.2,0.9,3,33.56,-5.54,-0.3
1,11,1.8,1.2,0.9,7,32.94,-8.57,-0.55
1,11,1.8,1.2,0.9,11,32.94,-7.84,-0.49
1,11,1.8,1.2,0.9,15,32.94,-5.23,-0.28
1,11,1.8,1.2,0.9,19,32.94,-2.01,-0.03
1,11,1.8,1.2,1.2,3,33.56,-5.54,-0.3
1,11,1.8,1.2,1.2,7,32.94,-8.57,-0.55
1,11,1.8,1.2,1.2,11,32.94,-7.84,-0.49
1,11,1.8,1.2,1.2,15,32.94,-5.23,-0.28
1,11,1.8,1.2,1.2,19,32.94,-2.01,-0.03
1,11,1.8,1.2,1.5,3,33.56,-5.54,-0.3
1,11,1.8,1.2,1.5,7,32.94,-8.57,-0.55
1,11,1.8,1.2,1.5,11,32.94,-7.84,-0.49
1,11,1.8,1.2,1.5,15,32.94,-5.23,-0.28
1,11,1.8,1.2,1.5,19,32.94,-2.01,-0.03
1,11,1.8,1.2,1.8,3,33.56,-5.54,-0.3
1,11,1.8,1.2,1.8,7,32.94,-8.57,-0.55
1,11,1.8,1.2,1.8,11,32.94,-7.84,-0.49
1,11,1.8,1.2,1.8,15,32.94,-5.23,-0.28
1,11,1.8,1.2,1.8,19,32.94,-2.01,-0.03
1,11,1.8,1.2,2.1,3,33.56,-5.54,-0.3
1,11,1.8,1.2,2.1,7,32.94,-8.57,-0.55
1,11,1.8,1.2,2.1,11,32.94,-7.84,-0.49
1,11,1.8,1.2,2.1,15,32.94,-5.23,-0.28
1,11,1.8,1.2,2.1,19,32.94,-2.01,-0.03
1,11,1.8,1.5,0.0,3,31.5,-7.41,-0.42
1,11,1.8,1.5,0.0,7,31.29,-3.64,-0.14
1,11,1.8,1.5,0.0,11,31.29,-9.28,-0.58
1,11,1.8,1.5,0.0,15,31.01,-8.55,-0.53
1,11,1.8,1.5,0.0,19,31.01,-6.43,-0.36
1,11,1.8,1.5,0.3,3,31.5,-7.41,-0.42
1,11,1.8,1.5,0.3,7,31.22,-4.32,-0.19
1,11,1.8,1.5,0.3,11,31.29,-9.23,-0.58
1,11,1.8,1.5,0.3,15,31.01,-8.54,-0.53
1,11,1.8,1.5,0.3,19,31.01,-6.46,-0.36
1,11,1.8,1.5,0.6,3,31.5,-7.41,-0.42
1,11,1.8,1.5,0.6,7,31.22,-4.32,-0.19
1,11,1.8,1.5,0.6,11,31.29,-9.23,-0.58
1,11,1.8,1.5,0.6,15,31.01,-8.54,-0.53
1,11,1.8,1.5,0.6,19,31.01,-6.46,-0.36
1,11,1.8,1.5,0.9,3,31.5,-7.41,-0.42
1,11,1.8,1.5,0.9,7,31.22,-4.32,-0.19
1,11,1.8,1.5,0.9,11,31.29,-9.23,-0.58
1,11,1.8,1.5,0.9,15,31.01,-8.54,-0.53
1,11,1.8,1.5,0.9,19,31.01,-6.46,-0.36
1,11,1.8,1.5,1.2,3,31.5,-7.41,-0.42
1,11,1.8,1.5,1.2,7,31.22,-4.32,-0.19
1,11,1.8,1.5,1.2,11,31.29,-9.23,-0.58
1,11,1.8,1.5,1.2,15,31.01,-8.54,-0.53
1,11,1.8,1.5,1.2,19,31.01,-6.46,-0.36
1,11,1.8,1.5,1.5,3,31.5,-7.41,-0.42
1,11,1.8,1.5,1.5,7,31.22,-4.32,-0.19
1,11,1.8,1.5,1.5,11,31.29,-9.23,-0.58
1,11,1.8,1.5,1.5,15,31.01,-8.54,-0.53
1,11,1.8,1.5,1.5,19,31.01,-6.46,-0.36
1,11,1.8,1.5,1.8,3,31.5,-7.41,-0.42
1,11,1.8,1.5,1.8,7,31.22,-4.32,-0.19
1,11,1.8,1.5,1.8,11,31.29,-9.23,-0.58
1,11,1.8,1.5,1.8,15,31.01,-8.54,-0.53
1,11,1.8,1.5,1.8,19,31.01,-6.46,-0.36
1,11,1.8,1.5,2.1,3,31.5,-7.41,-0.42
1,11,1.8,1.5,2.1,7,31.22,-4.32,-0.19
1,11,1.8,1.5,2.1,11,31.29,-9.23,-0.58
1,11,1.8,1.5,2.1,15,31.01,-8.54,-0.53
1,11,1.8,1.5,2.1,19,31.01,-6.46,-0.36
1,11,1.8,1.8,0.0,3,30.39,-6.74,-0.36
1,11,1.8,1.8,0.0,7,30.32,-4.87,-0.22
1,11,1.8,1.8,0.0,11,30.19,-7.9,-0.45
1,11,1.8,1.8,0.0,15,29.98,-10.24,-0.62
1,11,1.8,1.8,0.0,19,29.84,-11.34,-0.71
1,11,1.8,1.8,0.3,3,30.39,-6.74,-0.36
1,11,1.8,1.8,0.3,7,30.25,-5.53,-0.27
1,11,1.8,1.8,0.3,11,30.12,-8.49,-0.5
1,11,1.8,1.8,0.3,15,29.91,-10.54,-0.65
1,11,1.8,1.8,0.3,19,29.77,-11.66,-0.74
1,11,1.8,1.8,0.6,3,30.39,-6.74,-0.36
1,11,1.8,1.8,0.6,7,30.25,-5.53,-0.27
1,11,1.8,1.8,0.6,11,30.12,-8.49,-0.5
1,11,1.8,1.8,0.6,15,29.91,-10.54,-0.65
1,11,1.8,1.8,0.6,19,29.77,-11.66,-0.74
1,11,1.8,1.8,0.9,3,30.39,-6.74,-0.36
1,11,1.8,1.8,0.9,7,30.25,-5.53,-0.27
1,11,1.8,1.8,0.9,11,30.12,-8.49,-0.5
1,11,1.8,1.8,0.9,15,29.91,-10.54,-0.65
1,11,1.8,1.8,0.9,19,29.77,-11.66,-0.74
1,11,1.8,1.8,1.2,3,30.39,-6.74,-0.36
1,11,1.8,1.8,1.2,7,30.25,-5.53,-0.27
1,11,1.8,1.8,1.2,11,30.12,-8.49,-0.5
1,11,1.8,1.8,1.2,15,29.91,-10.54,-0.65
1,11,1.8,1.8,1.2,19,29.77,-11.66,-0.74
1,11,1.8,1.8,1.5,3,30.39,-6.74,-0.36
1,11,1.8,1.8,1.5,7,30.25,-5.53,-0.27
1,11,1.8,1.8,1.5,11,30.12,-8.49,-0.5
1,11,1.8,1.8,1.5,15,29.91,-10.54,-0.65
1,11,1.8,1.8,1.5,19,29.77,-11.66,-0.74
1,11,1.8,1.8,1.8,3,30.39,-6.74,-0.36
1,11,1.8,1.8,1.8,7,30.25,-5.53,-0.27
1,11,1.8,1.8,1.8,11,30.12,-8.49,-0.5
1,11,1.8,1.8,1.8,15,29.91,-10.54,-0.65
1,11,1.8,1.8,1.8,19,29.77,-11.66,-0.74
1,11,1.8,1.8,2.1,3,30.39,-6.74,-0.36
1,11,1.8,1.8,2.1,7,30.25,-5.53,-0.27
1,11,1.8,1.8,2.1,11,30.12,-8.49,-0.5
1,11,1.8,1.8,2.1,15,29.91,-10.54,-0.65
1,11,1.8,1.8,2.1,19,29.77,-11.66,-0.74
1,11,1.8,2.1,0.0,3,29.57,-8.06,-0.44
1,11,1.8,2.1,0.0,7,29.45,-10.99,-0.67
1,11,1.8,2.1,0.0,11,29.38,-11.27,-0.69
1,11,1.8,2.1,0.0,15,29.24,-12.8,-0.8
1,11,1.8,2.1,0.0,19,29.17,-11.18,-0.68
1,11,1.8,2.1,0.3,3,29.63,-7.73,-0.42
1,11,1.8,2.1,0.3,7,29.52,-11.16,-0.68
1,11,1.8,2.1,0.3,11,29.38,-11.53,-0.71
1,11,1.8,2.1,0.3,15,29.31,-12.51,-0.78
1,11,1.8,2.1,0.3,19,29.24,-10.91,-0.66
1,11,1.8,2.1,0.6,3,29.63,-7.73,-0.42
1,11,1.8,2.1,0.6,7,29.52,-11.16,-0.68
1,11,1.8,2.1,0.6,11,29.38,-11.53,-0.71
1,11,1.8,2.1,0.6,15,29.31,-12.51,-0.78
1,11,1.8,2.1,0.6,19,29.24,-10.91,-0.66
1,11,1.8,2.1,0.9,3,29.63,-7.73,-0.42
1,11,1.8,2.1,0.9,7,29.52,-11.16,-0.68
1,11,1.8,2.1,0.9,11,29.38,-11.53,-0.71
1,11,1.8,2.1,0.9,15,29.31,-12.51,-0.78
1,11,1.8,2.1,0.9,19,29.24,-10.91,-0.66
1,11,1.8,2.1,1.2,3,29.63,-7.73,-0.42
1,11,1.8,2.1,1.2,7,29.52,-11.16,-0.68
1,11,1.8,2.1,1.2,11,29.38,-11.53,-0.71
1,11,1.8,2.1,1.2,15,29.31,-12.51,-0.78
1,11,1.8,2.1,1.2,19,29.24,-10.91,-0.66
1,11,1.8,2.1,1.5,3,29.63,-7.73,-0.42
1,11,1.8,2.1,1.5,7,29.52,-11.16,-0.68
1,11,1.8,2.1,1.5,11,29.38,-11.53,-0.71
1,11,1.8,2.1,1.5,15,29.31,-12.51,-0.78
1,11,1.8,2.1,1.5,19,29.24,-10.91,-0.66
1,11,1.8,2.1,1.8,3,29.63,-7.73,-0.42
1,11,1.8,2.1,1.8,7,29.52,-11.16,-0.68
1,11,1.8,2.1,1.8,11,29.38,-11.53,-0.71
1,11,1.8,2.1,1.8,15,29.31,-12.51,-0.78
1,11,1.8,2.1,1.8,19,29.24,-10.91,-0.66
1,11,1.8,2.1,2.1,3,29.63,-7.73,-0.42
1,11,1.8,2.1,2.1,7,29.52,-11.16,-0.68
1,11,1.8,2.1,2.1,11,29.38,-11.53,-0.71
1,11,1.8,2.1,2.1,15,29.31,-12.51,-0.78
1,11,1.8,2.1,2.1,19,29.24,-10.91,-0.66
1,11,2.1,0.0,0.0,3,59.2,-12.93,-1.3
1,11,2.1,0.0,0.0,7,59.2,-12.93,-1.3
1,11,2.1,0.0,0.0,11,59.2,-12.93,-1.3
1,11,2.1,0.0,0.0,15,59.13,-14.91,-1.54
1,11,2.1,0.0,0.0,19,59.13,-13.75,-1.4
1,11,2.1,0.0,0.3,3,59.2,-12.93,-1.3
1,11,2.1,0.0,0.3,7,59.2,-12.93,-1.3
1,11,2.1,0.0,0.3,11,59.2,-12.93,-1.3
1,11,2.1,0.0,0.3,15,59.13,-14.91,-1.54
1,11,2.1,0.0,0.3,19,59.13,-13.75,-1.4
1,11,2.1,0.0,0.6,3,59.2,-12.93,-1.3
1,11,2.1,0.0,0.6,7,59.2,-12.93,-1.3
1,11,2.1,0.0,0.6,11,59.2,-12.93,-1.3
1,11,2.1,0.0,0.6,15,59.13,-14.91,-1.54
1,11,2.1,0.0,0.6,19,59.13,-13.75,-1.4
1,11,2.1,0.0,0.9,3,59.2,-12.93,-1.3
1,11,2.1,0.0,0.9,7,59.2,-12.93,-1.3
1,11,2.1,0.0,0.9,11,59.2,-12.93,-1.3
1,11,2.1,0.0,0.9,15,59.13,-14.91,-1.54
1,11,2.1,0.0,0.9,19,59.13,-13.75,-1.4
1,11,2.1,0.0,1.2,3,59.2,-12.93,-1.3
1,11,2.1,0.0,1.2,7,59.2,-12.93,-1.3
1,11,2.1,0.0,1.2,11,59.2,-12.93,-1.3
1,11,2.1,0.0,1.2,15,59.13,-14.91,-1.54
1,11,2.1,0.0,1.2,19,59.13,-13.75,-1.4
1,11,2.1,0.0,1.5,3,59.2,-12.93,-1.3
1,11,2.1,0.0,1.5,7,59.2,-12.93,-1.3
1,11,2.1,0.0,1.5,11,59.2,-12.93,-1.3
1,11,2.1,0.0,1.5,15,59.13,-14.91,-1.54
1,11,2.1,0.0,1.5,19,59.13,-13.75,-1.4
1,11,2.1,0.0,1.8,3,59.2,-12.93,-1.3
1,11,2.1,0.0,1.8,7,59.2,-12.93,-1.3
1,11,2.1,0.0,1.8,11,59.2,-12.93,-1.3
1,11,2.1,0.0,1.8,15,59.13,-14.91,-1.54
1,11,2.1,0.0,1.8,19,59.13,-13.75,-1.4
1,11,2.1,0.0,2.1,3,59.2,-12.93,-1.3
1,11,2.1,0.0,2.1,7,59.2,-12.93,-1.3
1,11,2.1,0.0,2.1,11,59.2,-12.93,-1.3
1,11,2.1,0.0,2.1,15,59.13,-14.91,-1.54
1,11,2.1,0.0,2.1,19,59.13,-13.75,-1.4
1,11,2.1,0.3,0.0,3,48.59,-17.78,-1.67
1,11,2.1,0.3,0.0,7,48.38,-19.55,-1.89
1,11,2.1,0.3,0.0,11,48.38,-21.13,-2.08
1,11,2.1,0.3,0.0,15,48.17,-22.47,-2.25
1,11,2.1,0.3,0.0,19,48.17,-19.71,-1.92
1,11,2.1,0.3,0.3,3,48.59,-17.78,-1.67
1,11,2.1,0.3,0.3,7,48.38,-19.55,-1.89
1,11,2.1,0.3,0.3,11,48.38,-21.13,-2.08
1,11,2.1,0.3,0.3,15,48.17,-22.47,-2.25
1,11,2.1,0.3,0.3,19,48.17,-19.71,-1.92
1,11,2.1,0.3,0.6,3,48.59,-17.78,-1.67
1,11,2.1,0.3,0.6,7,48.38,-19.55,-1.89
1,11,2.1,0.3,0.6,11,48.38,-21.13,-2.08
1,11,2.1,0.3,0.6,15,48.17,-22.47,-2.25
1,11,2.1,0.3,0.6,19,48.17,-19.71,-1.92
1,11,2.1,0.3,0.9,3,48.59,-17.78,-1.67
1,11,2.1,0.3,0.9,7,48.38,-19.55,-1.89
1,11,2.1,0.3,0.9,11,48.38,-21.13,-2.08
1,11,2.1,0.3,0.9,15,48.17,-22.47,-2.25
1,11,2.1,0.3,0.9,19,48.17,-19.71,-1.92
1,11,2.1,0.3,1.2,3,48.59,-17.78,-1.67
1,11,2.1,0.3,1.2,7,48.38,-19.55,-1.89
1,11,2.1,0.3,1.2,11,48.38,-21.13,-2.08
1,11,2.1,0.3,1.2,15,48.17,-22.47,-2.25
1,11,2.1,0.3,1.2,19,48.17,-19.71,-1.92
1,11,2.1,0.3,1.5,3,48.59,-17.78,-1.67
1,11,2.1,0.3,1.5,7,48.38,-19.55,-1.89
1,11,2.1,0.3,1.5,11,48.38,-21.13,-2.08
1,11,2.1,0.3,1.5,15,48.17,-22.47,-2.25
1,11,2.1,0.3,1.5,19,48.17,-19.71,-1.92
1,11,2.1,0.3,1.8,3,48.59,-17.78,-1.67
1,11,2.1,0.3,1.8,7,48.38,-19.55,-1.89
1,11,2.1,0.3,1.8,11,48.38,-21.13,-2.08
1,11,2.1,0.3,1.8,15,48.17,-22.47,-2.25
1,11,2.1,0.3,1.8,19,48.17,-19.71,-1.92
1,11,2.1,0.3,2.1,3,48.59,-17.78,-1.67
1,11,2.1,0.3,2.1,7,48.38,-19.55,-1.89
1,11,2.1,0.3,2.1,11,48.38,-21.13,-2.08
1,11,2.1,0.3,2.1,15,48.17,-22.47,-2.25
1,11,2.1,0.3,2.1,19,48.17,-19.71,-1.92
1,11,2.1,0.6,0.0,3,41.83,-13.29,-1.1
1,11,2.1,0.6,0.0,7,41.42,-15.01,-1.28
1,11,2.1,0.6,0.0,11,41.14,-17.33,-1.52
1,11,2.1,0.6,0.0,15,40.73,-20.35,-1.84
1,11,2.1,0.6,0.0,19,40.59,-19.68,-1.77
1,11,2.1,0.6,0.3,3,41.83,-13.29,-1.1
1,11,2.1,0.6,0.3,7,41.42,-15.01,-1.28
1,11,2.1,0.6,0.3,11,41.14,-17.33,-1.52
1,11,2.1,0.6,0.3,15,40.73,-20.35,-1.84
1,11,2.1,0.6,0.3,19,40.59,-19.68,-1.77
1,11,2.1,0.6,0.6,3,41.83,-13.29,-1.1
1,11,2.1,0.6,0.6,7,41.42,-15.01,-1.28
1,11,2.1,0.6,0.6,11,41.14,-17.33,-1.52
1,11,2.1,0.6,0.6,15,40.73,-20.35,-1.84
1,11,2.1,0.6,0.6,19,40.59,-19.68,-1.77
1,11,2.1,0.6,0.9,3,41.83,-13.29,-1.1
1,11,2.1,0.6,0.9,7,41.42,-15.01,-1.28
1,11,2.1,0.6,0.9,11,41.14,-17.33,-1.52
1,11,2.1,0.6,0.9,15,40.73,-20.35,-1.84
1,11,2.1,0.6,0.9,19,40.59,-19.68,-1.77
1,11,2.1,0.6,1.2,3,41.83,-13.29,-1.1
1,11,2.1,0.6,1.2,7,41.42,-15.01,-1.28
1,11,2.1,0.6,1.2,11,41.14,-17.33,-1.52
1,11,2.1,0.6,1.2,15,40.73,-20.35,-1.84
1,11,2.1,0.6,1.2,19,40.59,-19.68,-1.77
1,11,2.1,0.6,1.5,3,41.83,-13.29,-1.1
1,11,2.1,0.6,1.5,7,41.42,-15.01,-1.28
1,11,2.1,0.6,1.5,11,41.14,-17.33,-1.52
1,11,2.1,0.6,1.5,15,40.73,-20.35,-1.84
1,11,2.1,0.6,1.5,19,40.59,-19.68,-1.77
1,11,2.1,0.6,1.8,3,41.83,-13.29,-1.1
1,11,2.1,0.6,1.8,7,41.42,-15.01,-1.28
1,11,2.1,0.6,1.8,11,41.14,-17.33,-1.52
1,11,2.1,0.6,1.8,15,40.73,-20.35,-1.84
1,11,2.1,0.6,1.8,19,40.59,-19.68,-1.77
1,11,2.1,0.6,2.1,3,41.83,-13.29,-1.1
1,11,2.1,0.6,2.1,7,41.42,-15.01,-1.28
1,11,2.1,0.6,2.1,11,41.14,-17.33,-1.52
1,11,2.1,0.6,2.1,15,40.73,-20.35,-1.84
1,11,2.1,0.6,2.1,19,40.59,-19.68,-1.77
1,11,2.1,0.9,0.0,3,36.39,-7.64,-0.5
1,11,2.1,0.9,0.0,7,36.6,-5.19,-0.3
1,11,2.1,0.9,0.0,11,36.18,-5.55,-0.33
1,11,2.1,0.9,0.0,15,35.7,-6.98,-0.45
1,11,2.1,0.9,0.0,19,35.56,-7.58,-0.5
1,11,2.1,0.9,0.3,3,36.39,-7.64,-0.5
1,11,2.1,0.9,0.3,7,36.6,-5.19,-0.3
1,11,2.1,0.9,0.3,11,36.18,-5.55,-0.33
1,11,2.1,0.9,0.3,15,35.7,-6.98,-0.45
1,11,2.1,0.9,0.3,19,35.56,-7.58,-0.5
1,11,2.1,0.9,0.6,3,36.39,-7.64,-0.5
1,11,2.1,0.9,0.6,7,36.6,-5.19,-0.3
1,11,2.1,0.9,0.6,11,36.18,-5.55,-0.33
1,11,2.1,0.9,0.6,15,35.7,-6.98,-0.45
1,11,2.1,0.9,0.6,19,35.56,-7.58,-0.5
1,11,2.1,0.9,0.9,3,36.39,-7.64,-0.5
1,11,2.1,0.9,0.9,7,36.6,-5.19,-0.3
1,11,2.1,0.9,0.9,11,36.18,-5.55,-0.33
1,11,2.1,0.9,0.9,15,35.7,-6.98,-0.45
1,11,2.1,0.9,0.9,19,35.56,-7.58,-0.5
1,11,2.1,0.9,1.2,3,36.39,-7.64,-0.5
1,11,2.1,0.9,1.2,7,36.6,-5.19,-0.3
1,11,2.1,0.9,1.2,11,36.18,-5.55,-0.33
1,11,2.1,0.9,1.2,15,35.7,-6.98,-0.45
1,11,2.1,0.9,1.2,19,35.56,-7.58,-0.5
1,11,2.1,0.9,1.5,3,36.39,-7.64,-0.5
1,11,2.1,0.9,1.5,7,36.6,-5.19,-0.3
1,11,2.1,0.9,1.5,11,36.18,-5.55,-0.33
1,11,2.1,0.9,1.5,15,35.7,-6.98,-0.45
1,11,2.1,0.9,1.5,19,35.56,-7.58,-0.5
1,11,2.1,0.9,1.8,3,36.39,-7.64,-0.5
1,11,2.1,0.9,1.8,7,36.6,-5.19,-0.3
1,11,2.1,0.9,1.8,11,36.18,-5.55,-0.33
1,11,2.1,0.9,1.8,15,35.7,-6.98,-0.45
1,11,2.1,0.9,1.8,19,35.56,-7.58,-0.5
1,11,2.1,0.9,2.1,3,36.39,-7.64,-0.5
1,11,2.1,0.9,2.1,7,36.6,-5.19,-0.3
1,11,2.1,0.9,2.1,11,36.18,-5.55,-0.33
1,11,2.1,0.9,2.1,15,35.7,-6.98,-0.45
1,11,2.1,0.9,2.1,19,35.56,-7.58,-0.5
1,11,2.1,1.2,0.0,3,33.56,-5.54,-0.3
1,11,2.1,1.2,0.0,7,32.94,-8.57,-0.55
1,11,2.1,1.2,0.0,11,33.01,-5.69,-0.32
1,11,2.1,1.2,0.0,15,32.94,-5.58,-0.31
1,11,2.1,1.2,0.0,19,32.94,-2.37,-0.06
1,11,2.1,1.2,0.3,3,33.56,-5.54,-0.3
1,11,2.1,1.2,0.3,7,32.94,-8.57,-0.55
1,11,2.1,1.2,0.3,11,33.01,-5.69,-0.32
1,11,2.1,1.2,0.3,15,32.94,-5.58,-0.31
1,11,2.1,1.2,0.3,19,32.94,-2.37,-0.06
1,11,2.1,1.2,0.6,3,33.56,-5.54,-0.3
1,11,2.1,1.2,0.6,7,32.94,-8.57,-0.55
1,11,2.1,1.2,0.6,11,33.01,-5.69,-0.32
1,11,2.1,1.2,0.6,15,32.94,-5.58,-0.31
1,11,2.1,1.2,0.6,19,32.94,-2.37,-0.06
1,11,2.1,1.2,0.9,3,33.56,-5.54,-0.3
1,11,2.1,1.2,0.9,7,32.94,-8.57,-0.55
1,11,2.1,1.2,0.9,11,33.01,-5.69,-0.32
1,11,2.1,1.2,0.9,15,32.94,-5.58,-0.31
1,11,2.1,1.2,0.9,19,32.94,-2.37,-0.06
1,11,2.1,1.2,1.2,3,33.56,-5.54,-0.3
1,11,2.1,1.2,1.2,7,32.94,-8.57,-0.55
1,11,2.1,1.2,1.2,11,33.01,-5.69,-0.32
1,11,2.1,1.2,1.2,15,32.94,-5.58,-0.31
1,11,2.1,1.2,1.2,19,32.94,-2.37,-0.06
1,11,2.1,1.2,1.5,3,33.56,-5.54,-0.3
1,11,2.1,1.2,1.5,7,32.94,-8.57,-0.55
1,11,2.1,1.2,1.5,11,33.01,-5.69,-0.32
1,11,2.1,1.2,1.5,15,32.94,-5.58,-0.31
1,11,2.1,1.2,1.5,19,32.94,-2.37,-0.06
1,11,2.1,1.2,1.8,3,33.56,-5.54,-0.3
1,11,2.1,1.2,1.8,7,32.94,-8.57,-0.55
1,11,2.1,1.2,1.8,11,33.01,-5.69,-0.32
1,11,2.1,1.2,1.8,15,32.94,-5.58,-0.31
1,11,2.1,1.2,1.8,19,32.94,-2.37,-0.06
1,11,2.1,1.2,2.1,3,33.56,-5.54,-0.3
1,11,2.1,1.2,2.1,7,32.94,-8.57,-0.55
1,11,2.1,1.2,2.1,11,33.01,-5.69,-0.32
1,11,2.1,1.2,2.1,15,32.94,-5.58,-0.31
1,11,2.1,1.2,2.1,19,32.94,-2.37,-0.06
1,11,2.1,1.5,0.0,3,31.5,-7.41,-0.42
1,11,2.1,1.5,0.0,7,31.29,-3.64,-0.14
1,11,2.1,1.5,0.0,11,31.36,-7.17,-0.41
1,11,2.1,1.5,0.0,15,31.01,-8.88,-0.55
1,11,2.1,1.5,0.0,19,31.01,-6.78,-0.38
1,11,2.1,1.5,0.3,3,31.5,-7.41,-0.42
1,11,2.1,1.5,0.3,7,31.29,-3.64,-0.14
1,11,2.1,1.5,0.3,11,31.36,-7.13,-0.41
1,11,2.1,1.5,0.3,15,31.01,-8.88,-0.55
1,11,2.1,1.5,0.3,19,31.01,-6.78,-0.38
1,11,2.1,1.5,0.6,3,31.5,-7.41,-0.42
1,11,2.1,1.5,0.6,7,31.29,-3.64,-0.14
1,11,2.1,1.5,0.6,11,31.36,-7.13,-0.41
1,11,2.1,1.5,0.6,15,31.01,-8.88,-0.55
1,11,2.1,1.5,0.6,19,31.01,-6.78,-0.38
1,11,2.1,1.5,0.9,3,31.5,-7.41,-0.42
1,11,2.1,1.5,0.9,7,31.29,-3.64,-0.14
1,11,2.1,1.5,0.9,11,31.36,-7.13,-0.41
1,11,2.1,1.5,0.9,15,31.01,-8.88,-0.55
1,11,2.1,1.5,0.9,19,31.01,-6.78,-0.38
1,11,2.1,1.5,1.2,3,31.5,-7.41,-0.42
1,11,2.1,1.5,1.2,7,31.29,-3.64,-0.14
1,11,2.1,1.5,1.2,11,31.36,-7.13,-0.41
1,11,2.1,1.5,1.2,15,31.01,-8.88,-0.55
1,11,2.1,1.5,1.2,19,31.01,-6.78,-0.38
1,11,2.1,1.5,1.5,3,31.5,-7.41,-0.42
1,11,2.1,1.5,1.5,7,31.29,-3.64,-0.14
1,11,2.1,1.5,1.5,11,31.36,-7.13,-0.41
1,11,2.1,1.5,1.5,15,31.01,-8.88,-0.55
1,11,2.1,1.5,1.5,19,31.01,-6.78,-0.38
1,11,2.1,1.5,1.8,3,31.5,-7.41,-0.42
1,11,2.1,1.5,1.8,7,31.29,-3.64,-0.14
1,11,2.1,1.5,1.8,11,31.36,-7.13,-0.41
1,11,2.1,1.5,1.8,15,31.01,-8.88,-0.55
1,11,2.1,1.5,1.8,19,31.01,-6.78,-0.38
1,11,2.1,1.5,2.1,3,31.5,-7.41,-0.42
1,11,2.1,1.5,2.1,7,31.29,-3.64,-0.14
1,11,2.1,1.5,2.1,11,31.36,-7.13,-0.41
1,11,2.1,1.5,2.1,15,31.01,-8.88,-0.55
1,11,2.1,1.5,2.1,19,31.01,-6.78,-0.38
1,11,2.1,1.8,0.0,3,30.39,-6.74,-0.36
1,11,2.1,1.8,0.0,7,30.32,-4.87,-0.22
1,11,2.1,1.8,0.0,11,30.25,-5.69,-0.28
1,11,2.1,1.8,0.0,15,29.98,-10.57,-0.65
1,11,2.1,1.8,0.0,19,29.84,-11.66,-0.74
1,11,2.1,1.8,0.3,3,30.39,-6.74,-0.36
1,11,2.1,1.8,0.3,7,30.32,-4.87,-0.22
1,11,2.1,1.8,0.3,11,30.19,-6.3,-0.33
1,11,2.1,1.8,0.3,15,29.91,-11.15,-0.7
1,11,2.1,1.8,0.3,19,29.77,-12.24,-0.78
1,11,2.1,1.8,0.6,3,30.39,-6.74,-0.36
1,11,2.1,1.8,0.6,7,30.32,-4.87,-0.22
1,11,2.1,1.8,0.6,11,30.19,-6.3,-0.33
1,11,2.1,1.8,0.6,15,29.91,-11.15,-0.7
1,11,2.1,1.8,0.6,19,29.77,-12.24,-0.78
1,11,2.1,1.8,0.9,3,30.39,-6.74,-0.36
1,11,2.1,1.8,0.9,7,30.32,-4.87,-0.22
1,11,2.1,1.8,0.9,11,30.19,-6.3,-0.33
1,11,2.1,1.8,0.9,15,29.91,-11.15,-0.7
1,11,2.1,1.8,0.9,19,29.77,-12.24,-0.78
1,11,2.1,1.8,1.2,3,30.39,-6.74,-0.36
1,11,2.1,1.8,1.2,7,30.32,-4.87,-0.22
1,11,2.1,1.8,1.2,11,30.19,-6.3,-0.33
1,11,2.1,1.8,1.2,15,29.91,-11.15,-0.7
1,11,2.1,1.8,1.2,19,29.77,-12.24,-0.78
1,11,2.1,1.8,1.5,3,30.39,-6.74,-0.36
1,11,2.1,1.8,1.5,7,30.32,-4.87,-0.22
1,11,2.1,1.8,1.5,11,30.19,-6.3,-0.33
1,11,2.1,1.8,1.5,15,29.91,-11.15,-0.7
1,11,2.1,1.8,1.5,19,29.77,-12.24,-0.78
1,11,2.1,1.8,1.8,3,30.39,-6.74,-0.36
1,11,2.1,1.8,1.8,7,30.32,-4.87,-0.22
1,11,2.1,1.8,1.8,11,30.19,-6.3,-0.33
1,11,2.1,1.8,1.8,15,29.91,-11.15,-0.7
1,11,2.1,1.8,1.8,19,29.77,-12.24,-0.78
1,11,2.1,1.8,2.1,3,30.39,-6.74,-0.36
1,11,2.1,1.8,2.1,7,30.32,-4.87,-0.22
1,11,2.1,1.8,2.1,11,30.19,-6.3,-0.33
1,11,2.1,1.8,2.1,15,29.91,-11.15,-0.7
1,11,2.1,1.8,2.1,19,29.77,-12.24,-0.78
1,11,2.1,2.1,0.0,3,29.57,-8.06,-0.44
1,11,2.1,2.1,0.0,7,29.45,-10.99,-0.67
1,11,2.1,2.1,0.0,11,29.45,-9.34,-0.54
1,11,2.1,2.1,0.0,15,29.24,-13.12,-0.83
1,11,2.1,2.1,0.0,19,29.17,-11.51,-0.7
1,11,2.1,2.1,0.3,3,29.57,-8.06,-0.44
1,11,2.1,2.1,0.3,7,29.45,-10.93,-0.66
1,11,2.1,2.1,0.3,11,29.38,-9.93,-0.58
1,11,2.1,2.1,0.3,15,29.17,-13.68,-0.88
1,11,2.1,2.1,0.3,19,29.1,-12.08,-0.75
1,11,2.1,2.1,0.6,3,29.57,-8.06,-0.44
1,11,2.1,2.1,0.6,7,29.45,-10.93,-0.66
1,11,2.1,2.1,0.6,11,29.38,-9.93,-0.58
1,11,2.1,2.1,0.6,15,29.17,-13.68,-0.88
1,11,2.1,2.1,0.6,19,29.1,-12.08,-0.75
1,11,2.1,2.1,0.9,3,29.57,-8.06,-0.44
1,11,2.1,2.1,0.9,7,29.45,-10.93,-0.66
1,11,2.1,2.1,0.9,11,29.38,-9.93,-0.58
1,11,2.1,2.1,0.9,15,29.17,-13.68,-0.88
1,11,2.1,2.1,0.9,19,29.1,-12.08,-0.75
1,11,2.1,2.1,1.2,3,29.57,-8.06,-0.44
1,11,2.1,2.1,1.2,7,29.45,-10.93,-0.66
1,11,2.1,2.1,1.2,11,29.38,-9.93,-0.58
1,11,2.1,2.1,1.2,15,29.17,-13.68,-0.88
1,11,2.1,2.1,1.2,19,29.1,-12.08,-0.75
1,11,2.1,2.1,1.5,3,29.57,-8.06,-0.44
1,11,2.1,2.1,1.5,7,29.45,-10.93,-0.66
1,11,2.1,2.1,1.5,11,29.38,-9.93,-0.58
1,11,2.1,2.1,1.5,15,29.17,-13.68,-0.88
1,11,2.1,2.1,1.5,19,29.1,-12.08,-0.75
1,11,2.1,2.1,1.8,3,29.57,-8.06,-0.44
1,11,2.1,2.1,1.8,7,29.45,-10.93,-0.66
1,11,2.1,2.1,1.8,11,29.38,-9.93,-0.58
1,11,2.1,2.1,1.8,15,29.17,-13.68,-0.88
1,11,2.1,2.1,1.8,19,29.1,-12.08,-0.75
1,11,2.1,2.1,2.1,3,29.57,-8.06,-0.44
1,11,2.1,2.1,2.1,7,29.45,-10.93,-0.66
1,11,2.1,2.1,2.1,11,29.38,-9.93,-0.58
1,11,2.1,2.1,2.1,15,29.17,-13.68,-0.88
1,11,2.1,2.1,2.1,19,29.1,-12.08,-0.75
1,14,0.0,0.0,0.0,3,44.86,-14.99,-2.23
1,14,0.0,0.0,0.0,7,44.86,-14.99,-2.23
1,14,0.0,0.0,0.0,11,44.86,-14.99,-2.23
1,14,0.0,0.0,0.0,15,44.86,-14.99,-2.23
1,14,0.0,0.0,0.0,19,44.86,-13.93,-2.05
1,14,0.0,0.0,0.3,3,44.86,-14.99,-2.23
1,14,0.0,0.0,0.3,7,44.86,-14.99,-2.23
1,14,0.0,0.0,0.3,11,44.86,-14.99,-2.23
1,14,0.0,0.0,0.3,15,44.86,-14.99,-2.23
1,14,0.0,0.0,0.3,19,44.86,-13.93,-2.05
1,14,0.0,0.0,0.6,3,44.86,-14.99,-2.23
1,14,0.0,0.0,0.6,7,44.86,-14.99,-2.23
1,14,0.0,0.0,0.6,11,44.86,-14.99,-2.23
1,14,0.0,0.0,0.6,15,44.86,-14.99,-2.23
1,14,0.0,0.0,0.6,19,44.86,-13.93,-2.05
1,14,0.0,0.0,0.9,3,44.86,-14.99,-2.23
1,14,0.0,0.0,0.9,7,44.86,-14.99,-2.23
1,14,0.0,0.0,0.9,11,44.86,-14.99,-2.23
1,14,0.0,0.0,0.9,15,44.86,-14.99,-2.23
1,14,0.0,0.0,0.9,19,44.86,-13.93,-2.05
1,14,0.0,0.0,1.2,3,44.86,-14.99,-2.23
1,14,0.0,0.0,1.2,7,44.86,-14.99,-2.23
1,14,0.0,0.0,1.2,11,44.86,-14.99,-2.23
1,14,0.0,0.0,1.2,15,44.86,-14.99,-2.23
1,14,0.0,0.0,1.2,19,44.86,-13.93,-2.05
1,14,0.0,0.0,1.5,3,44.86,-14.99,-2.23
1,14,0.0,0.0,1.5,7,44.86,-14.99,-2.23
1,14,0.0,0.0,1.5,11,44.86,-14.99,-2.23
1,14,0.0,0.0,1.5,15,44.86,-14.99,-2.23
1,14,0.0,0.0,1.5,19,44.86,-13.93,-2.05
1,14,0.0,0.0,1.8,3,44.86,-14.99,-2.23
1,14,0.0,0.0,1.8,7,44.86,-14.99,-2.23
1,14,0.0,0.0,1.8,11,44.86,-14.99,-2.23
1,14,0.0,0.0,1.8,15,44.86,-14.99,-2.23
1,14,0.0,0.0,1.8,19,44.86,-13.93,-2.05
1,14,0.0,0.0,2.1,3,44.86,-14.99,-2.23
1,14,0.0,0.0,2.1,7,44.86,-14.99,-2.23
1,14,0.0,0.0,2.1,11,44.86,-14.99,-2.23
1,14,0.0,0.0,2.1,15,44.86,-14.99,-2.23
1,14,0.0,0.0,2.1,19,44.86,-13.93,-2.05
1,14,0.0,0.3,0.0,3,35.19,-16.13,-2.15
1,14,0.0,0.3,0.0,7,34.96,-17.45,-2.38
1,14,0.0,0.3,0.0,11,34.8,-18.0,-2.48
1,14,0.0,0.3,0.0,15,34.73,-16.93,-2.31
1,14,0.0,0.3,0.0,19,34.8,-15.59,-2.09
1,14,0.0,0.3,0.3,3,36.58,-15.08,-2.0
1,14,0.0,0.3,0.3,7,36.27,-16.46,-2.24
1,14,0.0,0.3,0.3,11,36.12,-17.32,-2.39
1,14,0.0,0.3,0.3,15,36.04,-16.79,-2.3
1,14,0.0,0.3,0.3,19,36.04,-15.92,-2.15
1,14,0.0,0.3,0.6,3,36.58,-15.08,-2.0
1,14,0.0,0.3,0.6,7,36.27,-16.46,-2.24
1,14,0.0,0.3,0.6,11,36.12,-17.32,-2.39
1,14,0.0,0.3,0.6,15,36.04,-16.79,-2.3
1,14,0.0,0.3,0.6,19,36.04,-15.92,-2.15
1,14,0.0,0.3,0.9,3,36.58,-15.08,-2.0
1,14,0.0,0.3,0.9,7,36.27,-16.46,-2.24
1,14,0.0,0.3,0.9,11,36.12,-17.32,-2.39
1,14,0.0,0.3,0.9,15,36.04,-16.79,-2.3
1,14,0.0,0.3,0.9,19,36.04,-15.92,-2.15
1,14,0.0,0.3,1.2,3,36.58,-15.08,-2.0
1,14,0.0,0.3,1.2,7,36.27,-16.46,-2.24
1,14,0.0,0.3,1.2,11,36.12,-17.32,-2.39
1,14,0.0,0.3,1.2,15,36.04,-16.79,-2.3
1,14,0.0,0.3,1.2,19,36.04,-15.92,-2.15
1,14,0.0,0.3,1.5,3,36.58,-15.08,-2.0
1,14,0.0,0.3,1.5,7,36.27,-16.46,-2.24
1,14,0.0,0.3,1.5,11,36.12,-17.32,-2.39
1,14,0.0,0.3,1.5,15,36.04,-16.79,-2.3
1,14,0.0,0.3,1.5,19,36.04,-15.92,-2.15
1,14,0.0,0.3,1.8,3,36.58,-15.08,-2.0
1,14,0.0,0.3,1.8,7,36.27,-16.46,-2.24
1,14,0.0,0.3,1.8,11,36.12,-17.32,-2.39
1,14,0.0,0.3,1.8,15,36.04,-16.79,-2.3
1,14,0.0,0.3,1.8,19,36.04,-15.92,-2.15
1,14,0.0,0.3,2.1,3,36.58,-15.08,-2.0
1,14,0.0,0.3,2.1,7,36.27,-16.46,-2.24
1,14,0.0,0.3,2.1,11,36.12,-17.32,-2.39
1,14,0.0,0.3,2.1,15,36.04,-16.79,-2.3
1,14,0.0,0.3,2.1,19,36.04,-15.92,-2.15
1,14,0.0,0.6,0.0,3,29.54,-11.55,-1.37
1,14,0.0,0.6,0.0,7,29.23,-13.39,-1.63
1,14,0.0,0.6,0.0,11,29.08,-14.11,-1.72
1,14,0.0,0.6,0.0,15,28.77,-14.85,-1.82
1,14,0.0,0.6,0.0,19,28.77,-13.98,-1.69
1,14,0.0,0.6,0.3,3,33.33,-10.49,-1.27
1,14,0.0,0.6,0.3,7,33.18,-11.34,-1.4
1,14,0.0,0.6,0.3,11,32.95,-12.14,-1.52
1,14,0.0,0.6,0.3,15,32.79,-12.41,-1.55
1,14,0.0,0.6,0.3,19,32.87,-11.36,-1.4
1,14,0.0,0.6,0.6,3,33.33,-10.49,-1.27
1,14,0.0,0.6,0.6,7,33.18,-11.34,-1.4
1,14,0.0,0.6,0.6,11,32.95,-12.14,-1.52
1,14,0.0,0.6,0.6,15,32.79,-12.41,-1.55
1,14,0.0,0.6,0.6,19,32.87,-11.36,-1.4
1,14,0.0,0.6,0.9,3,33.33,-10.49,-1.27
1,14,0.0,0.6,0.9,7,33.18,-11.34,-1.4
1,14,0.0,0.6,0.9,11,32.95,-12.14,-1.52
1,14,0.0,0.6,0.9,15,32.79,-12.41,-1.55
1,14,0.0,0.6,0.9,19,32.87,-11.36,-1.4
1,14,0.0,0.6,1.2,3,33.33,-10.49,-1.27
1,14,0.0,0.6,1.2,7,33.18,-11.34,-1.4
1,14,0.0,0.6,1.2,11,32.95,-12.14,-1.52
1,14,0.0,0.6,1.2,15,32.79,-12.41,-1.55
1,14,0.0,0.6,1.2,19,32.87,-11.36,-1.4
1,14,0.0,0.6,1.5,3,33.33,-10.49,-1.27
1,14,0.0,0.6,1.5,7,33.18,-11.34,-1.4
1,14,0.0,0.6,1.5,11,32.95,-12.14,-1.52
1,14,0.0,0.6,1.5,15,32.79,-12.41,-1.55
1,14,0.0,0.6,1.5,19,32.87,-11.36,-1.4
1,14,0.0,0.6,1.8,3,33.33,-10.49,-1.27
1,14,0.0,0.6,1.8,7,33.18,-11.34,-1.4
1,14,0.0,0.6,1.8,11,32.95,-12.14,-1.52
1,14,0.0,0.6,1.8,15,32.79,-12.41,-1.55
1,14,0.0,0.6,1.8,19,32.87,-11.36,-1.4
1,14,0.0,0.6,2.1,3,33.33,-10.49,-1.27
1,14,0.0,0.6,2.1,7,33.18,-11.34,-1.4
1,14,0.0,0.6,2.1,11,32.95,-12.14,-1.52
1,14,0.0,0.6,2.1,15,32.79,-12.41,-1.55
1,14,0.0,0.6,2.1,19,32.87,-11.36,-1.4
1,14,0.0,0.9,0.0,3,25.14,-14.84,-1.63
1,14,0.0,0.9,0.0,7,25.52,-10.46,-1.12
1,14,0.0,0.9,0.0,11,25.06,-10.02,-1.07
1,14,0.0,0.9,0.0,15,24.52,-10.5,-1.11
1,14,0.0,0.9,0.0,19,24.21,-9.79,-1.02
1,14,0.0,0.9,0.3,3,32.17,-11.01,-1.26
1,14,0.0,0.9,0.3,7,31.94,-9.63,-1.1
1,14,0.0,0.9,0.3,11,31.63,-8.38,-0.94
1,14,0.0,0.9,0.3,15,31.55,-7.52,-0.82
1,14,0.0,0.9,0.3,19,31.32,-8.03,-0.88
1,14,0.0,0.9,0.6,3,32.17,-11.01,-1.26
1,14,0.0,0.9,0.6,7,31.94,-9.63,-1.1
1,14,0.0,0.9,0.6,11,31.63,-8.38,-0.94
1,14,0.0,0.9,0.6,15,31.55,-7.52,-0.82
1,14,0.0,0.9,0.6,19,31.32,-8.03,-0.88
1,14,0.0,0.9,0.9,3,32.17,-11.01,-1.26
1,14,0.0,0.9,0.9,7,31.94,-9.63,-1.1
1,14,0.0,0.9,0.9,11,31.63,-8.38,-0.94
1,14,0.0,0.9,0.9,15,31.55,-7.52,-0.82
1,14,0.0,0.9,0.9,19,31.32,-8.03,-0.88
1,14,0.0,0.9,1.2,3,32.17,-11.01,-1.26
1,14,0.0,0.9,1.2,7,31.94,-9.63,-1.1
1,14,0.0,0.9,1.2,11,31.63,-8.38,-0.94
1,14,0.0,0.9,1.2,15,31.55,-7.52,-0.82
1,14,0.0,0.9,1.2,19,31.32,-8.03,-0.88
1,14,0.0,0.9,1.5,3,32.17,-11.01,-1.26
1,14,0.0,0.9,1.5,7,31.94,-9.63,-1.1
1,14,0.0,0.9,1.5,11,31.63,-8.38,-0.94
1,14,0.0,0.9,1.5,15,31.55,-7.52,-0.82
1,14,0.0,0.9,1.5,19,31.32,-8.03,-0.88
1,14,0.0,0.9,1.8,3,32.17,-11.01,-1.26
1,14,0.0,0.9,1.8,7,31.94,-9.63,-1.1
1,14,0.0,0.9,1.8,11,31.63,-8.38,-0.94
1,14,0.0,0.9,1.8,15,31.55,-7.52,-0.82
1,14,0.0,0.9,1.8,19,31.32,-8.03,-0.88
1,14,0.0,0.9,2.1,3,32.17,-11.01,-1.26
1,14,0.0,0.9,2.1,7,31.94,-9.63,-1.1
1,14,0.0,0.9,2.1,11,31.63,-8.38,-0.94
1,14,0.0,0.9,2.1,15,31.55,-7.52,-0.82
1,14,0.0,0.9,2.1,19,31.32,-8.03,-0.88
1,14,0.0,1.2,0.0,3,22.74,-12.72,-1.28
1,14,0.0,1.2,0.0,7,22.74,-10.12,-1.0
1,14,0.0,1.2,0.0,11,22.58,-11.63,-1.18
1,14,0.0,1.2,0.0,15,22.66,-10.63,-1.07
1,14,0.0,1.2,0.0,19,22.35,-7.11,-0.66
1,14,0.0,1.2,0.3,3,31.09,-14.0,-1.61
1,14,0.0,1.2,0.3,7,31.09,-11.47,-1.3
1,14,0.0,1.2,0.3,11,31.01,-13.06,-1.51
1,14,0.0,1.2,0.3,15,31.09,-11.48,-1.31
1,14,0.0,1.2,0.3,19,31.09,-7.55,-0.8
1,14,0.0,1.2,0.6,3,31.09,-14.0,-1.61
1,14,0.0,1.2,0.6,7,31.09,-11.47,-1.3
1,14,0.0,1.2,0.6,11,31.01,-13.06,-1.51
1,14,0.0,1.2,0.6,15,31.09,-11.48,-1.31
1,14,0.0,1.2,0.6,19,31.09,-7.55,-0.8
1,14,0.0,1.2,0.9,3,31.09,-14.0,-1.61
1,14,0.0,1.2,0.9,7,31.09,-11.47,-1.3
1,14,0.0,1.2,0.9,11,31.01,-13.06,-1.51
1,14,0.0,1.2,0.9,15,31.09,-11.48,-1.31
1,14,0.0,1.2,0.9,19,31.09,-7.55,-0.8
1,14,0.0,1.2,1.2,3,31.09,-14.0,-1.61
1,14,0.0,1.2,1.2,7,31.09,-11.47,-1.3
1,14,0.0,1.2,1.2,11,31.01,-13.06,-1.51
1,14,0.0,1.2,1.2,15,31.09,-11.48,-1.31
1,14,0.0,1.2,1.2,19,31.09,-7.55,-0.8
1,14,0.0,1.2,1.5,3,31.09,-14.0,-1.61
1,14,0.0,1.2,1.5,7,31.09,-11.47,-1.3
1,14,0.0,1.2,1.5,11,31.01,-13.06,-1.51
1,14,0.0,1.2,1.5,15,31.09,-11.48,-1.31
1,14,0.0,1.2,1.5,19,31.09,-7.55,-0.8
1,14,0.0,1.2,1.8,3,31.09,-14.0,-1.61
1,14,0.0,1.2,1.8,7,31.09,-11.47,-1.3
1,14,0.0,1.2,1.8,11,31.01,-13.06,-1.51
1,14,0.0,1.2,1.8,15,31.09,-11.48,-1.31
1,14,0.0,1.2,1.8,19,31.09,-7.55,-0.8
1,14,0.0,1.2,2.1,3,31.09,-14.0,-1.61
1,14,0.0,1.2,2.1,7,31.09,-11.47,-1.3
1,14,0.0,1.2,2.1,11,31.01,-13.06,-1.51
1,14,0.0,1.2,2.1,15,31.09,-11.48,-1.31
1,14,0.0,1.2,2.1,19,31.09,-7.55,-0.8
1,14,0.0,1.5,0.0,3,20.8,-14.34,-1.4
1,14,0.0,1.5,0.0,7,20.34,-13.7,-1.33
1,14,0.0,1.5,0.0,11,20.34,-12.94,-1.25
1,14,0.0,1.5,0.0,15,20.42,-10.65,-1.01
1,14,0.0,1.5,0.0,19,20.34,-8.58,-0.78
1,14,0.0,1.5,0.3,3,30.78,-14.28,-1.63
1,14,0.0,1.5,0.3,7,30.78,-12.59,-1.4
1,14,0.0,1.5,0.3,11,30.86,-9.99,-1.08
1,14,0.0,1.5,0.3,15,30.94,-9.69,-1.05
1,14,0.0,1.5,0.3,19,30.94,-7.78,-0.81
1,14,0.0,1.5,0.6,3,30.78,-14.28,-1.63
1,14,0.0,1.5,0.6,7,30.78,-12.59,-1.4
1,14,0.0,1.5,0.6,11,30.86,-9.99,-1.08
1,14,0.0,1.5,0.6,15,30.94,-9.69,-1.05
1,14,0.0,1.5,0.6,19,30.94,-7.78,-0.81
1,14,0.0,1.5,0.9,3,30.78,-14.28,-1.63
1,14,0.0,1.5,0.9,7,30.78,-12.59,-1.4
1,14,0.0,1.5,0.9,11,30.86,-9.99,-1.08
1,14,0.0,1.5,0.9,15,30.94,-9.69,-1.05
1,14,0.0,1.5,0.9,19,30.94,-7.78,-0.81
1,14,0.0,1.5,1.2,3,30.78,-14.28,-1.63
1,14,0.0,1.5,1.2,7,30.78,-12.59,-1.4
1,14,0.0,1.5,1.2,11,30.86,-9.99,-1.08
1,14,0.0,1.5,1.2,15,30.94,-9.69,-1.05
1,14,0.0,1.5,1.2,19,30.94,-7.78,-0.81
1,14,0.0,1.5,1.5,3,30.78,-14.28,-1.63
1,14,0.0,1.5,1.5,7,30.78,-12.59,-1.4
1,14,0.0,1.5,1.5,11,30.86,-9.99,-1.08
1,14,0.0,1.5,1.5,15,30.94,-9.69,-1.05
1,14,0.0,1.5,1.5,19,30.94,-7.78,-0.81
1,14,0.0,1.5,1.8,3,30.78,-14.28,-1.63
1,14,0.0,1.5,1.8,7,30.78,-12.59,-1.4
1,14,0.0,1.5,1.8,11,30.86,-9.99,-1.08
1,14,0.0,1.5,1.8,15,30.94,-9.69,-1.05
1,14,0.0,1.5,1.8,19,30.94,-7.78,-0.81
1,14,0.0,1.5,2.1,3,30.78,-14.28,-1.63
1,14,0.0,1.5,2.1,7,30.78,-12.59,-1.4
1,14,0.0,1.5,2.1,11,30.86,-9.99,-1.08
1,14,0.0,1.5,2.1,15,30.94,-9.69,-1.05
1,14,0.0,1.5,2.1,19,30.94,-7.78,-0.81
1,14,0.0,1.8,0.0,3,19.8,-8.53,-0.74
1,14,0.0,1.8,0.0,7,19.49,-8.1,-0.69
1,14,0.0,1.8,0.0,11,19.26,-10.36,-0.92
1,14,0.0,1.8,0.0,15,19.18,-12.58,-1.16
1,14,0.0,1.8,0.0,19,19.26,-11.83,-1.09
1,14,0.0,1.8,0.3,3,30.78,-11.77,-1.28
1,14,0.0,1.8,0.3,7,30.78,-12.58,-1.38
1,14,0.0,1.8,0.3,11,30.78,-11.78,-1.28
1,14,0.0,1.8,0.3,15,30.78,-10.4,-1.11
1,14,0.0,1.8,0.3,19,30.78,-8.64,-0.9
1,14,0.0,1.8,0.6,3,30.78,-11.77,-1.28
1,14,0.0,1.8,0.6,7,30.78,-12.58,-1.38
1,14,0.0,1.8,0.6,11,30.78,-11.78,-1.28
1,14,0.0,1.8,0.6,15,30.78,-10.4,-1.11
1,14,0.0,1.8,0.6,19,30.78,-8.64,-0.9
1,14,0.0,1.8,0.9,3,30.78,-11.77,-1.28
1,14,0.0,1.8,0.9,7,30.78,-12.58,-1.38
1,14,0.0,1.8,0.9,11,30.78,-11.78,-1.28
1,14,0.0,1.8,0.9,15,30.78,-10.4,-1.11
1,14,0.0,1.8,0.9,19,30.78,-8.64,-0.9
1,14,0.0,1.8,1.2,3,30.78,-11.77,-1.28
1,14,0.0,1.8,1.2,7,30.78,-12.58,-1.38
1,14,0.0,1.8,1.2,11,30.78,-11.78,-1.28
1,14,0.0,1.8,1.2,15,30.78,-10.4,-1.11
1,14,0.0,1.8,1.2,19,30.78,-8.64,-0.9
1,14,0.0,1.8,1.5,3,30.78,-11.77,-1.28
1,14,0.0,1.8,1.5,7,30.78,-12.58,-1.38
1,14,0.0,1.8,1.5,11,30.78,-11.78,-1.28
1,14,0.0,1.8,1.5,15,30.78,-10.4,-1.11
1,14,0.0,1.8,1.5,19,30.78,-8.64,-0.9
1,14,0.0,1.8,1.8,3,30.78,-11.77,-1.28
1,14,0.0,1.8,1.8,7,30.78,-12.58,-1.38
1,14,0.0,1.8,1.8,11,30.78,-11.78,-1.28
1,14,0.0,1.8,1.8,15,30.78,-10.4,-1.11
1,14,0.0,1.8,1.8,19,30.78,-8.64,-0.9
1,14,0.0,1.8,2.1,3,30.78,-11.77,-1.28
1,14,0.0,1.8,2.1,7,30.78,-12.58,-1.38
1,14,0.0,1.8,2.1,11,30.78,-11.78,-1.28
1,14,0.0,1.8,2.1,15,30.78,-10.4,-1.11
1,14,0.0,1.8,2.1,19,30.78,-8.64,-0.9
1,14,0.0,2.1,0.0,3,18.95,-9.58,-0.82
1,14,0.0,2.1,0.0,7,18.73,-9.39,-0.8
1,14,0.0,2.1,0.0,11,18.81,-9.81,-0.85
1,14,0.0,2.1,0.0,15,18.65,-11.48,-1.02
1,14,0.0,2.1,0.0,19,18.58,-10.27,-0.88
1,14,0.0,2.1,0.3,3,30.78,-10.57,-1.12
1,14,0.0,2.1,0.3,7,30.73,-12.17,-1.32
1,14,0.0,2.1,0.3,11,30.73,-11.93,-1.29
1,14,0.0,2.1,0.3,15,30.73,-11.65,-1.26
1,14,0.0,2.1,0.3,19,30.73,-10.96,-1.17
1,14,0.0,2.1,0.6,3,30.78,-10.57,-1.12
1,14,0.0,2.1,0.6,7,30.73,-12.17,-1.32
1,14,0.0,2.1,0.6,11,30.73,-11.93,-1.29
1,14,0.0,2.1,0.6,15,30.73,-11.65,-1.26
1,14,0.0,2.1,0.6,19,30.73,-10.96,-1.17
1,14,0.0,2.1,0.9,3,30.78,-10.57,-1.12
1,14,0.0,2.1,0.9,7,30.73,-12.17,-1.32
1,14,0.0,2.1,0.9,11,30.73,-11.93,-1.29
1,14,0.0,2.1,0.9,15,30.73,-11.65,-1.26
1,14,0.0,2.1,0.9,19,30.73,-10.96,-1.17
1,14,0.0,2.1,1.2,3,30.78,-10.57,-1.12
1,14,0.0,2.1,1.2,7,30.73,-12.17,-1.32
1,14,0.0,2.1,1.2,11,30.73,-11.93,-1.29
1,14,0.0,2.1,1.2,15,30.73,-11.65,-1.26
1,14,0.0,2.1,1.2,19,30.73,-10.96,-1.17
1,14,0.0,2.1,1.5,3,30.78,-10.57,-1.12
1,14,0.0,2.1,1.5,7,30.73,-12.17,-1.32
1,14,0.0,2.1,1.5,11,30.73,-11.93,-1.29
1,14,0.0,2.1,1.5,15,30.73,-11.65,-1.26
1,14,0.0,2.1,1.5,19,30.73,-10.96,-1.17
1,14,0.0,2.1,1.8,3,30.78,-10.57,-1.12
1,14,0.0,2.1,1.8,7,30.73,-12.17,-1.32
1,14,0.0,2.1,1.8,11,30.73,-11.93,-1.29
1,14,0.0,2.1,1.8,15,30.73,-11.65,-1.26
1,14,0.0,2.1,1.8,19,30.73,-10.96,-1.17
1,14,0.0,2.1,2.1,3,30.78,-10.57,-1.12
1,14,0.0,2.1,2.1,7,30.73,-12.17,-1.32
1,14,0.0,2.1,2.1,11,30.73,-11.93,-1.29
1,14,0.0,2.1,2.1,15,30.73,-11.65,-1.26
1,14,0.0,2.1,2.1,19,30.73,-10.96,-1.17
1,14,0.3,0.0,0.0,3,52.59,-19.34,-2.46
1,14,0.3,0.0,0.0,7,51.89,-16.37,-2.24
1,14,0.3,0.0,0.0,11,52.13,-14.21,-1.92
1,14,0.3,0.0,0.0,15,52.13,-14.54,-1.97
1,14,0.3,0.0,0.0,19,52.05,-13.48,-1.8
1,14,0.3,0.0,0.3,3,52.59,-19.34,-2.46
1,14,0.3,0.0,0.3,7,51.89,-16.37,-2.24
1,14,0.3,0.0,0.3,11,52.13,-14.21,-1.92
1,14,0.3,0.0,0.3,15,52.13,-14.54,-1.97
1,14,0.3,0.0,0.3,19,52.05,-13.48,-1.8
1,14,0.3,0.0,0.6,3,52.59,-19.34,-2.46
1,14,0.3,0.0,0.6,7,51.89,-16.37,-2.24
1,14,0.3,0.0,0.6,11,52.13,-14.21,-1.92
1,14,0.3,0.0,0.6,15,52.13,-14.54,-1.97
1,14,0.3,0.0,0.6,19,52.05,-13.48,-1.8
1,14,0.3,0.0,0.9,3,52.59,-19.34,-2.46
1,14,0.3,0.0,0.9,7,51.89,-16.37,-2.24
1,14,0.3,0.0,0.9,11,52.13,-14.21,-1.92
1,14,0.3,0.0,0.9,15,52.13,-14.54,-1.97
1,14,0.3,0.0,0.9,19,52.05,-13.48,-1.8
1,14,0.3,0.0,1.2,3,52.59,-19.34,-2.46
1,14,0.3,0.0,1.2,7,51.89,-16.37,-2.24
1,14,0.3,0.0,1.2,11,52.13,-14.21,-1.92
1,14,0.3,0.0,1.2,15,52.13,-14.54,-1.97
1,14,0.3,0.0,1.2,19,52.05,-13.48,-1.8
1,14,0.3,0.0,1.5,3,52.59,-19.34,-2.46
1,14,0.3,0.0,1.5,7,51.89,-16.37,-2.24
1,14,0.3,0.0,1.5,11,52.13,-14.21,-1.92
1,14,0.3,0.0,1.5,15,52.13,-14.54,-1.97
1,14,0.3,0.0,1.5,19,52.05,-13.48,-1.8
1,14,0.3,0.0,1.8,3,52.59,-19.34,-2.46
1,14,0.3,0.0,1.8,7,51.89,-16.37,-2.24
1,14,0.3,0.0,1.8,11,52.13,-14.21,-1.92
1,14,0.3,0.0,1.8,15,52.13,-14.54,-1.97
1,14,0.3,0.0,1.8,19,52.05,-13.48,-1.8
1,14,0.3,0.0,2.1,3,52.59,-19.34,-2.46
1,14,0.3,0.0,2.1,7,51.89,-16.37,-2.24
1,14,0.3,0.0,2.1,11,52.13,-14.21,-1.92
1,14,0.3,0.0,2.1,15,52.13,-14.54,-1.97
1,14,0.3,0.0,2.1,19,52.05,-13.48,-1.8
1,14,0.3,0.3,0.0,3,42.85,-19.15,-2.16
1,14,0.3,0.3,0.0,7,42.07,-17.85,-2.19
1,14,0.3,0.3,0.0,11,42.15,-17.76,-2.21
1,14,0.3,0.3,0.0,15,42.07,-16.36,-2.01
1,14,0.3,0.3,0.0,19,42.15,-14.17,-1.7
1,14,0.3,0.3,0.3,3,42.07,-20.32,-2.33
1,14,0.3,0.3,0.3,7,41.3,-18.53,-2.3
1,14,0.3,0.3,0.3,11,41.38,-17.24,-2.15
1,14,0.3,0.3,0.3,15,41.38,-15.92,-1.96
1,14,0.3,0.3,0.3,19,41.53,-14.03,-1.69
1,14,0.3,0.3,0.6,3,42.07,-20.32,-2.33
1,14,0.3,0.3,0.6,7,41.3,-18.53,-2.3
1,14,0.3,0.3,0.6,11,41.38,-17.24,-2.15
1,14,0.3,0.3,0.6,15,41.38,-15.92,-1.96
1,14,0.3,0.3,0.6,19,41.53,-14.03,-1.69
1,14,0.3,0.3,0.9,3,42.07,-20.32,-2.33
1,14,0.3,0.3,0.9,7,41.3,-18.53,-2.3
1,14,0.3,0.3,0.9,11,41.38,-17.24,-2.15
1,14,0.3,0.3,0.9,15,41.38,-15.92,-1.96
1,14,0.3,0.3,0.9,19,41.53,-14.03,-1.69
1,14,0.3,0.3,1.2,3,42.07,-20.32,-2.33
1,14,0.3,0.3,1.2,7,41.3,-18.53,-2.3
1,14,0.3,0.3,1.2,11,41.38,-17.24,-2.15
1,14,0.3,0.3,1.2,15,41.38,-15.92,-1.96
1,14,0.3,0.3,1.2,19,41.53,-14.03,-1.69
1,14,0.3,0.3,1.5,3,42.07,-20.32,-2.33
1,14,0.3,0.3,1.5,7,41.3,-18.53,-2.3
1,14,0.3,0.3,1.5,11,41.38,-17.24,-2.15
1,14,0.3,0.3,1.5,15,41.38,-15.92,-1.96
1,14,0.3,0.3,1.5,19,41.53,-14.03,-1.69
1,14,0.3,0.3,1.8,3,42.07,-20.32,-2.33
1,14,0.3,0.3,1.8,7,41.3,-18.53,-2.3
1,14,0.3,0.3,1.8,11,41.38,-17.24,-2.15
1,14,0.3,0.3,1.8,15,41.38,-15.92,-1.96
1,14,0.3,0.3,1.8,19,41.53,-14.03,-1.69
1,14,0.3,0.3,2.1,3,42.07,-20.32,-2.33
1,14,0.3,0.3,2.1,7,41.3,-18.53,-2.3
1,14,0.3,0.3,2.1,11,41.38,-17.24,-2.15
1,14,0.3,0.3,2.1,15,41.38,-15.92,-1.96
1,14,0.3,0.3,2.1,19,41.53,-14.03,-1.69
1,14,0.3,0.6,0.0,3,36.5,-12.39,-1.2
1,14,0.3,0.6,0.0,7,35.89,-9.82,-1.0
1,14,0.3,0.6,0.0,11,35.96,-8.6,-0.86
1,14,0.3,0.6,0.0,15,35.58,-10.09,-1.04
1,14,0.3,0.6,0.0,19,35.65,-8.47,-0.84
1,14,0.3,0.6,0.3,3,36.58,-14.02,-1.44
1,14,0.3,0.6,0.3,7,36.04,-11.2,-1.22
1,14,0.3,0.6,0.3,11,36.12,-7.12,-0.73
1,14,0.3,0.6,0.3,15,35.96,-7.17,-0.73
1,14,0.3,0.6,0.3,19,36.12,-5.68,-0.56
1,14,0.3,0.6,0.6,3,36.58,-14.02,-1.44
1,14,0.3,0.6,0.6,7,36.04,-11.2,-1.22
1,14,0.3,0.6,0.6,11,36.12,-7.12,-0.73
1,14,0.3,0.6,0.6,15,35.96,-7.17,-0.73
1,14,0.3,0.6,0.6,19,36.12,-5.68,-0.56
1,14,0.3,0.6,0.9,3,36.58,-14.02,-1.44
1,14,0.3,0.6,0.9,7,36.04,-11.2,-1.22
1,14,0.3,0.6,0.9,11,36.12,-7.12,-0.73
1,14,0.3,0.6,0.9,15,35.96,-7.17,-0.73
1,14,0.3,0.6,0.9,19,36.12,-5.68,-0.56
1,14,0.3,0.6,1.2,3,36.58,-14.02,-1.44
1,14,0.3,0.6,1.2,7,36.04,-11.2,-1.22
1,14,0.3,0.6,1.2,11,36.12,-7.12,-0.73
1,14,0.3,0.6,1.2,15,35.96,-7.17,-0.73
1,14,0.3,0.6,1.2,19,36.12,-5.68,-0.56
1,14,0.3,0.6,1.5,3,36.58,-14.02,-1.44
1,14,0.3,0.6,1.5,7,36.04,-11.2,-1.22
1,14,0.3,0.6,1.5,11,36.12,-7.12,-0.73
1,14,0.3,0.6,1.5,15,35.96,-7.17,-0.73
1,14,0.3,0.6,1.5,19,36.12,-5.68,-0.56
1,14,0.3,0.6,1.8,3,36.58,-14.02,-1.44
1,14,0.3,0.6,1.8,7,36.04,-11.2,-1.22
1,14,0.3,0.6,1.8,11,36.12,-7.12,-0.73
1,14,0.3,0.6,1.8,15,35.96,-7.17,-0.73
1,14,0.3,0.6,1.8,19,36.12,-5.68,-0.56
1,14,0.3,0.6,2.1,3,36.58,-14.02,-1.44
1,14,0.3,0.6,2.1,7,36.04,-11.2,-1.22
1,14,0.3,0.6,2.1,11,36.12,-7.12,-0.73
1,14,0.3,0.6,2.1,15,35.96,-7.17,-0.73
1,14,0.3,0.6,2.1,19,36.12,-5.68,-0.56
1,14,0.3,0.9,0.0,3,31.86,-11.23,-0.95
1,14,0.3,0.9,0.0,7,32.02,-3.84,-0.28
1,14,0.3,0.9,0.0,11,31.86,-0.74,0.02
1,14,0.3,0.9,0.0,15,31.01,-3.05,-0.2
1,14,0.3,0.9,0.0,19,30.7,-2.81,-0.17
1,14,0.3,0.9,0.3,3,34.18,-14.56,-1.4
1,14,0.3,0.9,0.3,7,33.95,-5.61,-0.51
1,14,0.3,0.9,0.3,11,33.8,0.27,0.12
1,14,0.3,0.9,0.3,15,33.49,0.63,0.16
1,14,0.3,0.9,0.3,19,33.18,-0.27,0.06
1,14,0.3,0.9,0.6,3,34.18,-14.56,-1.4
1,14,0.3,0.9,0.6,7,33.95,-5.61,-0.51
1,14,0.3,0.9,0.6,11,33.8,0.27,0.12
1,14,0.3,0.9,0.6,15,33.49,0.63,0.16
1,14,0.3,0.9,0.6,19,33.18,-0.27,0.06
1,14,0.3,0.9,0.9,3,34.18,-14.56,-1.4
1,14,0.3,0.9,0.9,7,33.95,-5.61,-0.51
1,14,0.3,0.9,0.9,11,33.8,0.27,0.12
1,14,0.3,0.9,0.9,15,33.49,0.63,0.16
1,14,0.3,0.9,0.9,19,33.18,-0.27,0.06
1,14,0.3,0.9,1.2,3,34.18,-14.56,-1.4
1,14,0.3,0.9,1.2,7,33.95,-5.61,-0.51
1,14,0.3,0.9,1.2,11,33.8,0.27,0.12
1,14,0.3,0.9,1.2,15,33.49,0.63,0.16
1,14,0.3,0.9,1.2,19,33.18,-0.27,0.06
1,14,0.3,0.9,1.5,3,34.18,-14.56,-1.4
1,14,0.3,0.9,1.5,7,33.95,-5.61,-0.51
1,14,0.3,0.9,1.5,11,33.8,0.27,0.12
1,14,0.3,0.9,1.5,15,33.49,0.63,0.16
1,14,0.3,0.9,1.5,19,33.18,-0.27,0.06
1,14,0.3,0.9,1.8,3,34.18,-14.56,-1.4
1,14,0.3,0.9,1.8,7,33.95,-5.61,-0.51
1,14,0.3,0.9,1.8,11,33.8,0.27,0.12
1,14,0.3,0.9,1.8,15,33.49,0.63,0.16
1,14,0.3,0.9,1.8,19,33.18,-0.27,0.06
1,14,0.3,0.9,2.1,3,34.18,-14.56,-1.4
1,14,0.3,0.9,2.1,7,33.95,-5.61,-0.51
1,14,0.3,0.9,2.1,11,33.8,0.27,0.12
1,14,0.3,0.9,2.1,15,33.49,0.63,0.16
1,14,0.3,0.9,2.1,19,33.18,-0.27,0.06
1,14,0.3,1.2,0.0,3,28.69,-13.14,-1.08
1,14,0.3,1.2,0.0,7,28.38,-7.9,-0.64
1,14,0.3,1.2,0.0,11,28.69,-5.17,-0.38
1,14,0.3,1.2,0.0,15,28.77,-3.08,-0.18
1,14,0.3,1.2,0.0,19,28.54,0.88,0.18
1,14,0.3,1.2,0.3,3,32.71,-17.78,-1.72
1,14,0.3,1.2,0.3,7,32.64,-7.93,-0.73
1,14,0.3,1.2,0.3,11,32.71,-4.76,-0.4
1,14,0.3,1.2,0.3,15,32.71,-2.63,-0.17
1,14,0.3,1.2,0.3,19,32.64,0.92,0.19
1,14,0.3,1.2,0.6,3,32.71,-17.78,-1.72
1,14,0.3,1.2,0.6,7,32.64,-7.93,-0.73
1,14,0.3,1.2,0.6,11,32.71,-4.76,-0.4
1,14,0.3,1.2,0.6,15,32.71,-2.63,-0.17
1,14,0.3,1.2,0.6,19,32.64,0.92,0.19
1,14,0.3,1.2,0.9,3,32.71,-17.78,-1.72
1,14,0.3,1.2,0.9,7,32.64,-7.93,-0.73
1,14,0.3,1.2,0.9,11,32.71,-4.76,-0.4
1,14,0.3,1.2,0.9,15,32.71,-2.63,-0.17
1,14,0.3,1.2,0.9,19,32.64,0.92,0.19
1,14,0.3,1.2,1.2,3,32.71,-17.78,-1.72
1,14,0.3,1.2,1.2,7,32.64,-7.93,-0.73
1,14,0.3,1.2,1.2,11,32.71,-4.76,-0.4
1,14,0.3,1.2,1.2,15,32.71,-2.63,-0.17
1,14,0.3,1.2,1.2,19,32.64,0.92,0.19
1,14,0.3,1.2,1.5,3,32.71,-17.78,-1.72
1,14,0.3,1.2,1.5,7,32.64,-7.93,-0.73
1,14,0.3,1.2,1.5,11,32.71,-4.76,-0.4
1,14,0.3,1.2,1.5,15,32.71,-2.63,-0.17
1,14,0.3,1.2,1.5,19,32.64,0.92,0.19
1,14,0.3,1.2,1.8,3,32.71,-17.78,-1.72
1,14,0.3,1.2,1.8,7,32.64,-7.93,-0.73
1,14,0.3,1.2,1.8,11,32.71,-4.76,-0.4
1,14,0.3,1.2,1.8,15,32.71,-2.63,-0.17
1,14,0.3,1.2,1.8,19,32.64,0.92,0.19
1,14,0.3,1.2,2.1,3,32.71,-17.78,-1.72
1,14,0.3,1.2,2.1,7,32.64,-7.93,-0.73
1,14,0.3,1.2,2.1,11,32.71,-4.76,-0.4
1,14,0.3,1.2,2.1,15,32.71,-2.63,-0.17
1,14,0.3,1.2,2.1,19,32.64,0.92,0.19
1,14,0.3,1.5,0.0,3,26.6,-16.18,-1.32
1,14,0.3,1.5,0.0,7,26.06,-10.19,-0.82
1,14,0.3,1.5,0.0,11,26.3,-6.67,-0.49
1,14,0.3,1.5,0.0,15,26.45,-2.66,-0.13
1,14,0.3,1.5,0.0,19,26.3,-1.18,0.01
1,14,0.3,1.5,0.3,3,32.25,-17.05,-1.61
1,14,0.3,1.5,0.3,7,31.94,-9.22,-0.84
1,14,0.3,1.5,0.3,11,32.25,-2.6,-0.16
1,14,0.3,1.5,0.3,15,32.25,-0.75,0.02
1,14,0.3,1.5,0.3,19,32.25,-0.52,0.05
1,14,0.3,1.5,0.6,3,32.25,-17.05,-1.61
1,14,0.3,1.5,0.6,7,31.94,-9.22,-0.84
1,14,0.3,1.5,0.6,11,32.25,-2.6,-0.16
1,14,0.3,1.5,0.6,15,32.25,-0.75,0.02
1,14,0.3,1.5,0.6,19,32.25,-0.52,0.05
1,14,0.3,1.5,0.9,3,32.25,-17.05,-1.61
1,14,0.3,1.5,0.9,7,31.94,-9.22,-0.84
1,14,0.3,1.5,0.9,11,32.25,-2.6,-0.16
1,14,0.3,1.5,0.9,15,32.25,-0.75,0.02
1,14,0.3,1.5,0.9,19,32.25,-0.52,0.05
1,14,0.3,1.5,1.2,3,32.25,-17.05,-1.61
1,14,0.3,1.5,1.2,7,31.94,-9.22,-0.84
1,14,0.3,1.5,1.2,11,32.25,-2.6,-0.16
1,14,0.3,1.5,1.2,15,32.25,-0.75,0.02
1,14,0.3,1.5,1.2,19,32.25,-0.52,0.05
1,14,0.3,1.5,1.5,3,32.25,-17.05,-1.61
1,14,0.3,1.5,1.5,7,31.94,-9.22,-0.84
1,14,0.3,1.5,1.5,11,32.25,-2.6,-0.16
1,14,0.3,1.5,1.5,15,32.25,-0.75,0.02
1,14,0.3,1.5,1.5,19,32.25,-0.52,0.05
1,14,0.3,1.5,1.8,3,32.25,-17.05,-1.61
1,14,0.3,1.5,1.8,7,31.94,-9.22,-0.84
1,14,0.3,1.5,1.8,11,32.25,-2.6,-0.16
1,14,0.3,1.5,1.8,15,32.25,-0.75,0.02
1,14,0.3,1.5,1.8,19,32.25,-0.52,0.05
1,14,0.3,1.5,2.1,3,32.25,-17.05,-1.61
1,14,0.3,1.5,2.1,7,31.94,-9.22,-0.84
1,14,0.3,1.5,2.1,11,32.25,-2.6,-0.16
1,14,0.3,1.5,2.1,15,32.25,-0.75,0.02
1,14,0.3,1.5,2.1,19,32.25,-0.52,0.05
1,14,0.3,1.8,0.0,3,25.68,-7.97,-0.54
1,14,0.3,1.8,0.0,7,25.21,-3.89,-0.22
1,14,0.3,1.8,0.0,11,25.14,-2.91,-0.13
1,14,0.3,1.8,0.0,15,25.14,-4.86,-0.31
1,14,0.3,1.8,0.0,19,25.14,-5.37,-0.35
1,14,0.3,1.8,0.3,3,32.17,-12.64,-1.11
1,14,0.3,1.8,0.3,7,31.94,-7.79,-0.68
1,14,0.3,1.8,0.3,11,32.17,-1.58,-0.05
1,14,0.3,1.8,0.3,15,32.1,-1.71,-0.07
1,14,0.3,1.8,0.3,19,32.1,-2.39,-0.14
1,14,0.3,1.8,0.6,3,32.17,-12.64,-1.11
1,14,0.3,1.8,0.6,7,31.94,-7.79,-0.68
1,14,0.3,1.8,0.6,11,32.17,-1.58,-0.05
1,14,0.3,1.8,0.6,15,32.1,-1.71,-0.07
1,14,0.3,1.8,0.6,19,32.1,-2.39,-0.14
1,14,0.3,1.8,0.9,3,32.17,-12.64,-1.11
1,14,0.3,1.8,0.9,7,31.94,-7.79,-0.68
1,14,0.3,1.8,0.9,11,32.17,-1.58,-0.05
1,14,0.3,1.8,0.9,15,32.1,-1.71,-0.07
1,14,0.3,1.8,0.9,19,32.1,-2.39,-0.14
1,14,0.3,1.8,1.2,3,32.17,-12.64,-1.11
1,14,0.3,1.8,1.2,7,31.94,-7.79,-0.68
1,14,0.3,1.8,1.2,11,32.17,-1.58,-0.05
1,14,0.3,1.8,1.2,15,32.1,-1.71,-0.07
1,14,0.3,1.8,1.2,19,32.1,-2.39,-0.14
1,14,0.3,1.8,1.5,3,32.17,-12.64,-1.11
1,14,0.3,1.8,1.5,7,31.94,-7.79,-0.68
1,14,0.3,1.8,1.5,11,32.17,-1.58,-0.05
1,14,0.3,1.8,1.5,15,32.1,-1.71,-0.07
1,14,0.3,1.8,1.5,19,32.1,-2.39,-0.14
1,14,0.3,1.8,1.8,3,32.17,-12.64,-1.11
1,14,0.3,1.8,1.8,7,31.94,-7.79,-0.68
1,14,0.3,1.8,1.8,11,32.17,-1.58,-0.05
1,14,0.3,1.8,1.8,15,32.1,-1.71,-0.07
1,14,0.3,1.8,1.8,19,32.1,-2.39,-0.14
1,14,0.3,1.8,2.1,3,32.17,-12.64,-1.11
1,14,0.3,1.8,2.1,7,31.94,-7.79,-0.68
1,14,0.3,1.8,2.1,11,32.17,-1.58,-0.05
1,14,0.3,1.8,2.1,15,32.1,-1.71,-0.07
1,14,0.3,1.8,2.1,19,32.1,-2.39,-0.14
1,14,0.3,2.1,0.0,3,24.83,-8.07,-0.53
1,14,0.3,2.1,0.0,7,24.3,-5.24,-0.32
1,14,0.3,2.1,0.0,11,24.61,-2.42,-0.09
1,14,0.3,2.1,0.0,15,24.46,-3.62,-0.19
1,14,0.3,2.1,0.0,19,24.3,-2.95,-0.13
1,14,0.3,2.1,0.3,3,32.17,-10.39,-0.87
1,14,0.3,2.1,0.3,7,31.89,-7.54,-0.64
1,14,0.3,2.1,0.3,11,32.12,-2.32,-0.12
1,14,0.3,2.1,0.3,15,31.97,-1.63,-0.06
1,14,0.3,2.1,0.3,19,31.97,-3.25,-0.22
1,14,0.3,2.1,0.6,3,32.17,-10.39,-0.87
1,14,0.3,2.1,0.6,7,31.89,-7.54,-0.64
1,14,0.3,2.1,0.6,11,32.12,-2.32,-0.12
1,14,0.3,2.1,0.6,15,31.97,-1.63,-0.06
1,14,0.3,2.1,0.6,19,31.97,-3.25,-0.22
1,14,0.3,2.1,0.9,3,32.17,-10.39,-0.87
1,14,0.3,2.1,0.9,7,31.89,-7.54,-0.64
1,14,0.3,2.1,0.9,11,32.12,-2.32,-0.12
1,14,0.3,2.1,0.9,15,31.97,-1.63,-0.06
1,14,0.3,2.1,0.9,19,31.97,-3.25,-0.22
1,14,0.3,2.1,1.2,3,32.17,-10.39,-0.87
1,14,0.3,2.1,1.2,7,31.89,-7.54,-0.64
1,14,0.3,2.1,1.2,11,32.12,-2.32,-0.12
1,14,0.3,2.1,1.2,15,31.97,-1.63,-0.06
1,14,0.3,2.1,1.2,19,31.97,-3.25,-0.22
1,14,0.3,2.1,1.5,3,32.17,-10.39,-0.87
1,14,0.3,2.1,1.5,7,31.89,-7.54,-0.64
1,14,0.3,2.1,1.5,11,32.12,-2.32,-0.12
1,14,0.3,2.1,1.5,15,31.97,-1.63,-0.06
1,14,0.3,2.1,1.5,19,31.97,-3.25,-0.22
1,14,0.3,2.1,1.8,3,32.17,-10.39,-0.87
1,14,0.3,2.1,1.8,7,31.89,-7.54,-0.64
1,14,0.3,2.1,1.8,11,32.12,-2.32,-0.12
1,14,0.3,2.1,1.8,15,31.97,-1.63,-0.06
1,14,0.3,2.1,1.8,19,31.97,-3.25,-0.22
1,14,0.3,2.1,2.1,3,32.17,-10.39,-0.87
1,14,0.3,2.1,2.1,7,31.89,-7.54,-0.64
1,14,0.3,2.1,2.1,11,32.12,-2.32,-0.12
1,14,0.3,2.1,2.1,15,31.97,-1.63,-0.06
1,14,0.3,2.1,2.1,19,31.97,-3.25,-0.22
1,14,0.6,0.0,0.0,3,56.23,-21.06,-2.55
1,14,0.6,0.0,0.0,7,55.53,-21.56,-2.69
1,14,0.6,0.0,0.0,11,55.3,-21.69,-2.73
1,14,0.6,0.0,0.0,15,54.91,-22.91,-2.92
1,14,0.6,0.0,0.0,19,54.83,-21.97,-2.77
1,14,0.6,0.0,0.3,3,56.23,-21.06,-2.55
1,14,0.6,0.0,0.3,7,55.53,-21.56,-2.69
1,14,0.6,0.0,0.3,11,55.3,-21.69,-2.73
1,14,0.6,0.0,0.3,15,54.91,-22.91,-2.92
1,14,0.6,0.0,0.3,19,54.83,-21.97,-2.77
1,14,0.6,0.0,0.6,3,56.23,-21.06,-2.55
1,14,0.6,0.0,0.6,7,55.53,-21.56,-2.69
1,14,0.6,0.0,0.6,11,55.3,-21.69,-2.73
1,14,0.6,0.0,0.6,15,54.91,-22.91,-2.92
1,14,0.6,0.0,0.6,19,54.83,-21.97,-2.77
1,14,0.6,0.0,0.9,3,56.23,-21.06,-2.55
1,14,0.6,0.0,0.9,7,55.53,-21.56,-2.69
1,14,0.6,0.0,0.9,11,55.3,-21.69,-2.73
1,14,0.6,0.0,0.9,15,54.91,-22.91,-2.92
1,14,0.6,0.0,0.9,19,54.83,-21.97,-2.77
1,14,0.6,0.0,1.2,3,56.23,-21.06,-2.55
1,14,0.6,0.0,1.2,7,55.53,-21.56,-2.69
1,14,0.6,0.0,1.2,11,55.3,-21.69,-2.73
1,14,0.6,0.0,1.2,15,54.91,-22.91,-2.92
1,14,0.6,0.0,1.2,19,54.83,-21.97,-2.77
1,14,0.6,0.0,1.5,3,56.23,-21.06,-2.55
1,14,0.6,0.0,1.5,7,55.53,-21.56,-2.69
1,14,0.6,0.0,1.5,11,55.3,-21.69,-2.73
1,14,0.6,0.0,1.5,15,54.91,-22.91,-2.92
1,14,0.6,0.0,1.5,19,54.83,-21.97,-2.77
1,14,0.6,0.0,1.8,3,56.23,-21.06,-2.55
1,14,0.6,0.0,1.8,7,55.53,-21.56,-2.69
1,14,0.6,0.0,1.8,11,55.3,-21.69,-2.73
1,14,0.6,0.0,1.8,15,54.91,-22.91,-2.92
1,14,0.6,0.0,1.8,19,54.83,-21.97,-2.77
1,14,0.6,0.0,2.1,3,56.23,-21.06,-2.55
1,14,0.6,0.0,2.1,7,55.53,-21.56,-2.69
1,14,0.6,0.0,2.1,11,55.3,-21.69,-2.73
1,14,0.6,0.0,2.1,15,54.91,-22.91,-2.92
1,14,0.6,0.0,2.1,19,54.83,-21.97,-2.77
1,14,0.6,0.3,0.0,3,46.17,-22.4,-2.43
1,14,0.6,0.3,0.0,7,45.24,-25.18,-2.89
1,14,0.6,0.3,0.0,11,45.24,-26.12,-3.06
1,14,0.6,0.3,0.0,15,45.01,-25.5,-2.98
1,14,0.6,0.3,0.0,19,44.93,-23.95,-2.76
1,14,0.6,0.3,0.3,3,45.94,-22.05,-2.39
1,14,0.6,0.3,0.3,7,44.93,-25.66,-2.97
1,14,0.6,0.3,0.3,11,44.86,-27.08,-3.21
1,14,0.6,0.3,0.3,15,44.47,-27.06,-3.21
1,14,0.6,0.3,0.3,19,44.47,-25.09,-2.93
1,14,0.6,0.3,0.6,3,45.94,-22.05,-2.39
1,14,0.6,0.3,0.6,7,44.93,-25.66,-2.97
1,14,0.6,0.3,0.6,11,44.86,-27.08,-3.21
1,14,0.6,0.3,0.6,15,44.47,-27.06,-3.21
1,14,0.6,0.3,0.6,19,44.47,-25.09,-2.93
1,14,0.6,0.3,0.9,3,45.94,-22.05,-2.39
1,14,0.6,0.3,0.9,7,44.93,-25.66,-2.97
1,14,0.6,0.3,0.9,11,44.86,-27.08,-3.21
1,14,0.6,0.3,0.9,15,44.47,-27.06,-3.21
1,14,0.6,0.3,0.9,19,44.47,-25.09,-2.93
1,14,0.6,0.3,1.2,3,45.94,-22.05,-2.39
1,14,0.6,0.3,1.2,7,44.93,-25.66,-2.97
1,14,0.6,0.3,1.2,11,44.86,-27.08,-3.21
1,14,0.6,0.3,1.2,15,44.47,-27.06,-3.21
1,14,0.6,0.3,1.2,19,44.47,-25.09,-2.93
1,14,0.6,0.3,1.5,3,45.94,-22.05,-2.39
1,14,0.6,0.3,1.5,7,44.93,-25.66,-2.97
1,14,0.6,0.3,1.5,11,44.86,-27.08,-3.21
1,14,0.6,0.3,1.5,15,44.47,-27.06,-3.21
1,14,0.6,0.3,1.5,19,44.47,-25.09,-2.93
1,14,0.6,0.3,1.8,3,45.94,-22.05,-2.39
1,14,0.6,0.3,1.8,7,44.93,-25.66,-2.97
1,14,0.6,0.3,1.8,11,44.86,-27.08,-3.21
1,14,0.6,0.3,1.8,15,44.47,-27.06,-3.21
1,14,0.6,0.3,1.8,19,44.47,-25.09,-2.93
1,14,0.6,0.3,2.1,3,45.94,-22.05,-2.39
1,14,0.6,0.3,2.1,7,44.93,-25.66,-2.97
1,14,0.6,0.3,2.1,11,44.86,-27.08,-3.21
1,14,0.6,0.3,2.1,15,44.47,-27.06,-3.21
1,14,0.6,0.3,2.1,19,44.47,-25.09,-2.93
1,14,0.6,0.6,0.0,3,39.52,-15.11,-1.42
1,14,0.6,0.6,0.0,7,38.75,-16.33,-1.6
1,14,0.6,0.6,0.0,11,38.67,-16.96,-1.68
1,14,0.6,0.6,0.0,15,38.13,-19.47,-1.98
1,14,0.6,0.6,0.0,19,38.13,-17.65,-1.75
1,14,0.6,0.6,0.3,3,38.98,-15.5,-1.47
1,14,0.6,0.6,0.3,7,38.05,-16.51,-1.64
1,14,0.6,0.6,0.3,11,37.9,-18.21,-1.86
1,14,0.6,0.6,0.3,15,37.28,-20.82,-2.18
1,14,0.6,0.6,0.3,19,37.28,-18.23,-1.84
1,14,0.6,0.6,0.6,3,38.98,-15.5,-1.47
1,14,0.6,0.6,0.6,7,38.05,-16.51,-1.64
1,14,0.6,0.6,0.6,11,37.9,-18.21,-1.86
1,14,0.6,0.6,0.6,15,37.28,-20.82,-2.18
1,14,0.6,0.6,0.6,19,37.28,-18.23,-1.84
1,14,0.6,0.6,0.9,3,38.98,-15.5,-1.47
1,14,0.6,0.6,0.9,7,38.05,-16.51,-1.64
1,14,0.6,0.6,0.9,11,37.9,-18.21,-1.86
1,14,0.6,0.6,0.9,15,37.28,-20.82,-2.18
1,14,0.6,0.6,0.9,19,37.28,-18.23,-1.84
1,14,0.6,0.6,1.2,3,38.98,-15.5,-1.47
1,14,0.6,0.6,1.2,7,38.05,-16.51,-1.64
1,14,0.6,0.6,1.2,11,37.9,-18.21,-1.86
1,14,0.6,0.6,1.2,15,37.28,-20.82,-2.18
1,14,0.6,0.6,1.2,19,37.28,-18.23,-1.84
1,14,0.6,0.6,1.5,3,38.98,-15.5,-1.47
1,14,0.6,0.6,1.5,7,38.05,-16.51,-1.64
1,14,0.6,0.6,1.5,11,37.9,-18.21,-1.86
1,14,0.6,0.6,1.5,15,37.28,-20.82,-2.18
1,14,0.6,0.6,1.5,19,37.28,-18.23,-1.84
1,14,0.6,0.6,1.8,3,38.98,-15.5,-1.47
1,14,0.6,0.6,1.8,7,38.05,-16.51,-1.64
1,14,0.6,0.6,1.8,11,37.9,-18.21,-1.86
1,14,0.6,0.6,1.8,15,37.28,-20.82,-2.18
1,14,0.6,0.6,1.8,19,37.28,-18.23,-1.84
1,14,0.6,0.6,2.1,3,38.98,-15.5,-1.47
1,14,0.6,0.6,2.1,7,38.05,-16.51,-1.64
1,14,0.6,0.6,2.1,11,37.9,-18.21,-1.86
1,14,0.6,0.6,2.1,15,37.28,-20.82,-2.18
1,14,0.6,0.6,2.1,19,37.28,-18.23,-1.84
1,14,0.6,0.9,0.0,3,34.88,-9.79,-0.75
1,14,0.6,0.9,0.0,7,34.88,-7.88,-0.61
1,14,0.6,0.9,0.0,11,34.42,-6.97,-0.53
1,14,0.6,0.9,0.0,15,33.41,-10.85,-0.9
1,14,0.6,0.9,0.0,19,33.02,-10.82,-0.89
1,14,0.6,0.9,0.3,3,34.57,-14.31,-1.23
1,14,0.6,0.9,0.3,7,33.95,-13.42,-1.21
1,14,0.6,0.9,0.3,11,33.26,-13.42,-1.22
1,14,0.6,0.9,0.3,15,32.33,-16.68,-1.57
1,14,0.6,0.9,0.3,19,32.25,-14.5,-1.32
1,14,0.6,0.9,0.6,3,34.57,-14.31,-1.23
1,14,0.6,0.9,0.6,7,33.95,-13.42,-1.21
1,14,0.6,0.9,0.6,11,33.26,-13.42,-1.22
1,14,0.6,0.9,0.6,15,32.33,-16.68,-1.57
1,14,0.6,0.9,0.6,19,32.25,-14.5,-1.32
1,14,0.6,0.9,0.9,3,34.57,-14.31,-1.23
1,14,0.6,0.9,0.9,7,33.95,-13.42,-1.21
1,14,0.6,0.9,0.9,11,33.26,-13.42,-1.22
1,14,0.6,0.9,0.9,15,32.33,-16.68,-1.57
1,14,0.6,0.9,0.9,19,32.25,-14.5,-1.32
1,14,0.6,0.9,1.2,3,34.57,-14.31,-1.23
1,14,0.6,0.9,1.2,7,33.95,-13.42,-1.21
1,14,0.6,0.9,1.2,11,33.26,-13.42,-1.22
1,14,0.6,0.9,1.2,15,32.33,-16.68,-1.57
1,14,0.6,0.9,1.2,19,32.25,-14.5,-1.32
1,14,0.6,0.9,1.5,3,34.57,-14.31,-1.23
1,14,0.6,0.9,1.5,7,33.95,-13.42,-1.21
1,14,0.6,0.9,1.5,11,33.26,-13.42,-1.22
1,14,0.6,0.9,1.5,15,32.33,-16.68,-1.57
1,14,0.6,0.9,1.5,19,32.25,-14.5,-1.32
1,14,0.6,0.9,1.8,3,34.57,-14.31,-1.23
1,14,0.6,0.9,1.8,7,33.95,-13.42,-1.21
1,14,0.6,0.9,1.8,11,33.26,-13.42,-1.22
1,14,0.6,0.9,1.8,15,32.33,-16.68,-1.57
1,14,0.6,0.9,1.8,19,32.25,-14.5,-1.32
1,14,0.6,0.9,2.1,3,34.57,-14.31,-1.23
1,14,0.6,0.9,2.1,7,33.95,-13.42,-1.21
1,14,0.6,0.9,2.1,11,33.26,-13.42,-1.22
1,14,0.6,0.9,2.1,15,32.33,-16.68,-1.57
1,14,0.6,0.9,2.1,19,32.25,-14.5,-1.32
1,14,0.6,1.2,0.0,3,31.63,-11.16,-0.83
1,14,0.6,1.2,0.0,7,30.94,-11.39,-0.89
1,14,0.6,1.2,0.0,11,30.94,-10.96,-0.85
1,14,0.6,1.2,0.0,15,30.63,-13.03,-1.06
1,14,0.6,1.2,0.0,19,30.39,-9.09,-0.68
1,14,0.6,1.2,0.3,3,32.25,-18.57,-1.61
1,14,0.6,1.2,0.3,7,31.48,-15.87,-1.4
1,14,0.6,1.2,0.3,11,31.25,-17.56,-1.59
1,14,0.6,1.2,0.3,15,30.78,-19.59,-1.83
1,14,0.6,1.2,0.3,19,30.94,-12.36,-1.04
1,14,0.6,1.2,0.6,3,32.25,-18.57,-1.61
1,14,0.6,1.2,0.6,7,31.48,-15.87,-1.4
1,14,0.6,1.2,0.6,11,31.25,-17.56,-1.59
1,14,0.6,1.2,0.6,15,30.78,-19.59,-1.83
1,14,0.6,1.2,0.6,19,30.94,-12.36,-1.04
1,14,0.6,1.2,0.9,3,32.25,-18.57,-1.61
1,14,0.6,1.2,0.9,7,31.48,-15.87,-1.4
1,14,0.6,1.2,0.9,11,31.25,-17.56,-1.59
1,14,0.6,1.2,0.9,15,30.78,-19.59,-1.83
1,14,0.6,1.2,0.9,19,30.94,-12.36,-1.04
1,14,0.6,1.2,1.2,3,32.25,-18.57,-1.61
1,14,0.6,1.2,1.2,7,31.48,-15.87,-1.4
1,14,0.6,1.2,1.2,11,31.25,-17.56,-1.59
1,14,0.6,1.2,1.2,15,30.78,-19.59,-1.83
1,14,0.6,1.2,1.2,19,30.94,-12.36,-1.04
1,14,0.6,1.2,1.5,3,32.25,-18.57,-1.61
1,14,0.6,1.2,1.5,7,31.48,-15.87,-1.4
1,14,0.6,1.2,1.5,11,31.25,-17.56,-1.59
1,14,0.6,1.2,1.5,15,30.78,-19.59,-1.83
1,14,0.6,1.2,1.5,19,30.94,-12.36,-1.04
1,14,0.6,1.2,1.8,3,32.25,-18.57,-1.61
1,14,0.6,1.2,1.8,7,31.48,-15.87,-1.4
1,14,0.6,1.2,1.8,11,31.25,-17.56,-1.59
1,14,0.6,1.2,1.8,15,30.78,-19.59,-1.83
1,14,0.6,1.2,1.8,19,30.94,-12.36,-1.04
1,14,0.6,1.2,2.1,3,32.25,-18.57,-1.61
1,14,0.6,1.2,2.1,7,31.48,-15.87,-1.4
1,14,0.6,1.2,2.1,11,31.25,-17.56,-1.59
1,14,0.6,1.2,2.1,15,30.78,-19.59,-1.83
1,14,0.6,1.2,2.1,19,30.94,-12.36,-1.04
1,14,0.6,1.5,0.0,3,29.47,-11.35,-0.8
1,14,0.6,1.5,0.0,7,28.69,-9.44,-0.66
1,14,0.6,1.5,0.0,11,28.54,-8.55,-0.59
1,14,0.6,1.5,0.0,15,28.15,-11.69,-0.88
1,14,0.6,1.5,0.0,19,28.0,-10.23,-0.74
1,14,0.6,1.5,0.3,3,31.25,-20.15,-1.71
1,14,0.6,1.5,0.3,7,30.39,-16.3,-1.38
1,14,0.6,1.5,0.3,11,30.32,-16.49,-1.42
1,14,0.6,1.5,0.3,15,29.78,-18.76,-1.67
1,14,0.6,1.5,0.3,19,30.09,-14.84,-1.25
1,14,0.6,1.5,0.6,3,31.25,-20.15,-1.71
1,14,0.6,1.5,0.6,7,30.39,-16.3,-1.38
1,14,0.6,1.5,0.6,11,30.32,-16.49,-1.42
1,14,0.6,1.5,0.6,15,29.78,-18.76,-1.67
1,14,0.6,1.5,0.6,19,30.09,-14.84,-1.25
1,14,0.6,1.5,0.9,3,31.25,-20.15,-1.71
1,14,0.6,1.5,0.9,7,30.39,-16.3,-1.38
1,14,0.6,1.5,0.9,11,30.32,-16.49,-1.42
1,14,0.6,1.5,0.9,15,29.78,-18.76,-1.67
1,14,0.6,1.5,0.9,19,30.09,-14.84,-1.25
1,14,0.6,1.5,1.2,3,31.25,-20.15,-1.71
1,14,0.6,1.5,1.2,7,30.39,-16.3,-1.38
1,14,0.6,1.5,1.2,11,30.32,-16.49,-1.42
1,14,0.6,1.5,1.2,15,29.78,-18.76,-1.67
1,14,0.6,1.5,1.2,19,30.09,-14.84,-1.25
1,14,0.6,1.5,1.5,3,31.25,-20.15,-1.71
1,14,0.6,1.5,1.5,7,30.39,-16.3,-1.38
1,14,0.6,1.5,1.5,11,30.32,-16.49,-1.42
1,14,0.6,1.5,1.5,15,29.78,-18.76,-1.67
1,14,0.6,1.5,1.5,19,30.09,-14.84,-1.25
1,14,0.6,1.5,1.8,3,31.25,-20.15,-1.71
1,14,0.6,1.5,1.8,7,30.39,-16.3,-1.38
1,14,0.6,1.5,1.8,11,30.32,-16.49,-1.42
1,14,0.6,1.5,1.8,15,29.78,-18.76,-1.67
1,14,0.6,1.5,1.8,19,30.09,-14.84,-1.25
1,14,0.6,1.5,2.1,3,31.25,-20.15,-1.71
1,14,0.6,1.5,2.1,7,30.39,-16.3,-1.38
1,14,0.6,1.5,2.1,11,30.32,-16.49,-1.42
1,14,0.6,1.5,2.1,15,29.78,-18.76,-1.67
1,14,0.6,1.5,2.1,19,30.09,-14.84,-1.25
1,14,0.6,1.8,0.0,3,28.38,-4.05,-0.18
1,14,0.6,1.8,0.0,7,27.76,-2.54,-0.07
1,14,0.6,1.8,0.0,11,27.3,-4.84,-0.26
1,14,0.6,1.8,0.0,15,26.84,-13.24,-0.98
1,14,0.6,1.8,0.0,19,26.84,-13.75,-1.03
1,14,0.6,1.8,0.3,3,30.94,-13.64,-1.05
1,14,0.6,1.8,0.3,7,30.24,-14.06,-1.13
1,14,0.6,1.8,0.3,11,30.09,-15.93,-1.33
1,14,0.6,1.8,0.3,15,29.47,-20.12,-1.77
1,14,0.6,1.8,0.3,19,29.7,-15.85,-1.33
1,14,0.6,1.8,0.6,3,30.94,-13.64,-1.05
1,14,0.6,1.8,0.6,7,30.24,-14.06,-1.13
1,14,0.6,1.8,0.6,11,30.09,-15.93,-1.33
1,14,0.6,1.8,0.6,15,29.47,-20.12,-1.77
1,14,0.6,1.8,0.6,19,29.7,-15.85,-1.33
1,14,0.6,1.8,0.9,3,30.94,-13.64,-1.05
1,14,0.6,1.8,0.9,7,30.24,-14.06,-1.13
1,14,0.6,1.8,0.9,11,30.09,-15.93,-1.33
1,14,0.6,1.8,0.9,15,29.47,-20.12,-1.77
1,14,0.6,1.8,0.9,19,29.7,-15.85,-1.33
1,14,0.6,1.8,1.2,3,30.94,-13.64,-1.05
1,14,0.6,1.8,1.2,7,30.24,-14.06,-1.13
1,14,0.6,1.8,1.2,11,30.09,-15.93,-1.33
1,14,0.6,1.8,1.2,15,29.47,-20.12,-1.77
1,14,0.6,1.8,1.2,19,29.7,-15.85,-1.33
1,14,0.6,1.8,1.5,3,30.94,-13.64,-1.05
1,14,0.6,1.8,1.5,7,30.24,-14.06,-1.13
1,14,0.6,1.8,1.5,11,30.09,-15.93,-1.33
1,14,0.6,1.8,1.5,15,29.47,-20.12,-1.77
1,14,0.6,1.8,1.5,19,29.7,-15.85,-1.33
1,14,0.6,1.8,1.8,3,30.94,-13.64,-1.05
1,14,0.6,1.8,1.8,7,30.24,-14.06,-1.13
1,14,0.6,1.8,1.8,11,30.09,-15.93,-1.33
1,14,0.6,1.8,1.8,15,29.47,-20.12,-1.77
1,14,0.6,1.8,1.8,19,29.7,-15.85,-1.33
1,14,0.6,1.8,2.1,3,30.94,-13.64,-1.05
1,14,0.6,1.8,2.1,7,30.24,-14.06,-1.13
1,14,0.6,1.8,2.1,11,30.09,-15.93,-1.33
1,14,0.6,1.8,2.1,15,29.47,-20.12,-1.77
1,14,0.6,1.8,2.1,19,29.7,-15.85,-1.33
1,14,0.6,2.1,0.0,3,27.53,-2.54,-0.06
1,14,0.6,2.1,0.0,7,26.78,-4.28,-0.2
1,14,0.6,2.1,0.0,11,26.78,-2.19,-0.04
1,14,0.6,2.1,0.0,15,26.16,-11.33,-0.79
1,14,0.6,2.1,0.0,19,26.01,-10.63,-0.73
1,14,0.6,2.1,0.3,3,30.94,-12.8,-0.95
1,14,0.6,2.1,0.3,7,30.11,-13.29,-1.04
1,14,0.6,2.1,0.3,11,30.03,-13.9,-1.12
1,14,0.6,2.1,0.3,15,29.33,-18.2,-1.54
1,14,0.6,2.1,0.3,19,29.57,-14.77,-1.2
1,14,0.6,2.1,0.6,3,30.94,-12.8,-0.95
1,14,0.6,2.1,0.6,7,30.11,-13.29,-1.04
1,14,0.6,2.1,0.6,11,30.03,-13.9,-1.12
1,14,0.6,2.1,0.6,15,29.33,-18.2,-1.54
1,14,0.6,2.1,0.6,19,29.57,-14.77,-1.2
1,14,0.6,2.1,0.9,3,30.94,-12.8,-0.95
1,14,0.6,2.1,0.9,7,30.11,-13.29,-1.04
1,14,0.6,2.1,0.9,11,30.03,-13.9,-1.12
1,14,0.6,2.1,0.9,15,29.33,-18.2,-1.54
1,14,0.6,2.1,0.9,19,29.57,-14.77,-1.2
1,14,0.6,2.1,1.2,3,30.94,-12.8,-0.95
1,14,0.6,2.1,1.2,7,30.11,-13.29,-1.04
1,14,0.6,2.1,1.2,11,30.03,-13.9,-1.12
1,14,0.6,2.1,1.2,15,29.33,-18.2,-1.54
1,14,0.6,2.1,1.2,19,29.57,-14.77,-1.2
1,14,0.6,2.1,1.5,3,30.94,-12.8,-0.95
1,14,0.6,2.1,1.5,7,30.11,-13.29,-1.04
1,14,0.6,2.1,1.5,11,30.03,-13.9,-1.12
1,14,0.6,2.1,1.5,15,29.33,-18.2,-1.54
1,14,0.6,2.1,1.5,19,29.57,-14.77,-1.2
1,14,0.6,2.1,1.8,3,30.94,-12.8,-0.95
1,14,0.6,2.1,1.8,7,30.11,-13.29,-1.04
1,14,0.6,2.1,1.8,11,30.03,-13.9,-1.12
1,14,0.6,2.1,1.8,15,29.33,-18.2,-1.54
1,14,0.6,2.1,1.8,19,29.57,-14.77,-1.2
1,14,0.6,2.1,2.1,3,30.94,-12.8,-0.95
1,14,0.6,2.1,2.1,7,30.11,-13.29,-1.04
1,14,0.6,2.1,2.1,11,30.03,-13.9,-1.12
1,14,0.6,2.1,2.1,15,29.33,-18.2,-1.54
1,14,0.6,2.1,2.1,19,29.57,-14.77,-1.2
1,14,0.9,0.0,0.0,3,57.08,-22.89,-2.72
1,14,0.9,0.0,0.0,7,56.69,-23.65,-2.89
1,14,0.9,0.0,0.0,11,56.38,-23.78,-2.96
1,14,0.9,0.0,0.0,15,56.3,-23.58,-2.93
1,14,0.9,0.0,0.0,19,56.3,-22.62,-2.79
1,14,0.9,0.0,0.3,3,57.08,-22.89,-2.72
1,14,0.9,0.0,0.3,7,56.69,-23.65,-2.89
1,14,0.9,0.0,0.3,11,56.38,-23.78,-2.96
1,14,0.9,0.0,0.3,15,56.3,-23.58,-2.93
1,14,0.9,0.0,0.3,19,56.3,-22.62,-2.79
1,14,0.9,0.0,0.6,3,57.08,-22.89,-2.72
1,14,0.9,0.0,0.6,7,56.69,-23.65,-2.89
1,14,0.9,0.0,0.6,11,56.38,-23.78,-2.96
1,14,0.9,0.0,0.6,15,56.3,-23.58,-2.93
1,14,0.9,0.0,0.6,19,56.3,-22.62,-2.79
1,14,0.9,0.0,0.9,3,57.08,-22.89,-2.72
1,14,0.9,0.0,0.9,7,56.69,-23.65,-2.89
1,14,0.9,0.0,0.9,11,56.38,-23.78,-2.96
1,14,0.9,0.0,0.9,15,56.3,-23.58,-2.93
1,14,0.9,0.0,0.9,19,56.3,-22.62,-2.79
1,14,0.9,0.0,1.2,3,57.08,-22.89,-2.72
1,14,0.9,0.0,1.2,7,56.69,-23.65,-2.89
1,14,0.9,0.0,1.2,11,56.38,-23.78,-2.96
1,14,0.9,0.0,1.2,15,56.3,-23.58,-2.93
1,14,0.9,0.0,1.2,19,56.3,-22.62,-2.79
1,14,0.9,0.0,1.5,3,57.08,-22.89,-2.72
1,14,0.9,0.0,1.5,7,56.69,-23.65,-2.89
1,14,0.9,0.0,1.5,11,56.38,-23.78,-2.96
1,14,0.9,0.0,1.5,15,56.3,-23.58,-2.93
1,14,0.9,0.0,1.5,19,56.3,-22.62,-2.79
1,14,0.9,0.0,1.8,3,57.08,-22.89,-2.72
1,14,0.9,0.0,1.8,7,56.69,-23.65,-2.89
1,14,0.9,0.0,1.8,11,56.38,-23.78,-2.96
1,14,0.9,0.0,1.8,15,56.3,-23.58,-2.93
1,14,0.9,0.0,1.8,19,56.3,-22.62,-2.79
1,14,0.9,0.0,2.1,3,57.08,-22.89,-2.72
1,14,0.9,0.0,2.1,7,56.69,-23.65,-2.89
1,14,0.9,0.0,2.1,11,56.38,-23.78,-2.96
1,14,0.9,0.0,2.1,15,56.3,-23.58,-2.93
1,14,0.9,0.0,2.1,19,56.3,-22.62,-2.79
1,14,0.9,0.3,0.0,3,46.95,-24.82,-2.66
1,14,0.9,0.3,0.0,7,46.33,-28.0,-3.17
1,14,0.9,0.3,0.0,11,46.25,-29.21,-3.41
1,14,0.9,0.3,0.0,15,46.33,-26.69,-3.05
1,14,0.9,0.3,0.0,19,46.4,-24.94,-2.81
1,14,0.9,0.3,0.3,3,46.87,-25.36,-2.73
1,14,0.9,0.3,0.3,7,46.17,-28.43,-3.24
1,14,0.9,0.3,0.3,11,46.17,-29.08,-3.39
1,14,0.9,0.3,0.3,15,46.17,-26.8,-3.07
1,14,0.9,0.3,0.3,19,46.33,-25.11,-2.84
1,14,0.9,0.3,0.6,3,46.87,-25.36,-2.73
1,14,0.9,0.3,0.6,7,46.17,-28.43,-3.24
1,14,0.9,0.3,0.6,11,46.17,-29.08,-3.39
1,14,0.9,0.3,0.6,15,46.17,-26.8,-3.07
1,14,0.9,0.3,0.6,19,46.33,-25.11,-2.84
1,14,0.9,0.3,0.9,3,46.87,-25.36,-2.73
1,14,0.9,0.3,0.9,7,46.17,-28.43,-3.24
1,14,0.9,0.3,0.9,11,46.17,-29.08,-3.39
1,14,0.9,0.3,0.9,15,46.17,-26.8,-3.07
1,14,0.9,0.3,0.9,19,46.33,-25.11,-2.84
1,14,0.9,0.3,1.2,3,46.87,-25.36,-2.73
1,14,0.9,0.3,1.2,7,46.17,-28.43,-3.24
1,14,0.9,0.3,1.2,11,46.17,-29.08,-3.39
1,14,0.9,0.3,1.2,15,46.17,-26.8,-3.07
1,14,0.9,0.3,1.2,19,46.33,-25.11,-2.84
1,14,0.9,0.3,1.5,3,46.87,-25.36,-2.73
1,14,0.9,0.3,1.5,7,46.17,-28.43,-3.24
1,14,0.9,0.3,1.5,11,46.17,-29.08,-3.39
1,14,0.9,0.3,1.5,15,46.17,-26.8,-3.07
1,14,0.9,0.3,1.5,19,46.33,-25.11,-2.84
1,14,0.9,0.3,1.8,3,46.87,-25.36,-2.73
1,14,0.9,0.3,1.8,7,46.17,-28.43,-3.24
1,14,0.9,0.3,1.8,11,46.17,-29.08,-3.39
1,14,0.9,0.3,1.8,15,46.17,-26.8,-3.07
1,14,0.9,0.3,1.8,19,46.33,-25.11,-2.84
1,14,0.9,0.3,2.1,3,46.87,-25.36,-2.73
1,14,0.9,0.3,2.1,7,46.17,-28.43,-3.24
1,14,0.9,0.3,2.1,11,46.17,-29.08,-3.39
1,14,0.9,0.3,2.1,15,46.17,-26.8,-3.07
1,14,0.9,0.3,2.1,19,46.33,-25.11,-2.84
1,14,0.9,0.6,0.0,3,40.22,-17.86,-1.67
1,14,0.9,0.6,0.0,7,39.75,-19.13,-1.86
1,14,0.9,0.6,0.0,11,39.44,-20.52,-2.05
1,14,0.9,0.6,0.0,15,39.13,-20.92,-2.09
1,14,0.9,0.6,0.0,19,39.21,-19.06,-1.86
1,14,0.9,0.6,0.3,3,40.06,-18.79,-1.78
1,14,0.9,0.6,0.3,7,39.44,-20.33,-2.0
1,14,0.9,0.6,0.3,11,39.21,-21.3,-2.14
1,14,0.9,0.6,0.3,15,38.9,-21.42,-2.15
1,14,0.9,0.6,0.3,19,39.13,-19.12,-1.87
1,14,0.9,0.6,0.6,3,40.06,-18.79,-1.78
1,14,0.9,0.6,0.6,7,39.44,-20.33,-2.0
1,14,0.9,0.6,0.6,11,39.21,-21.3,-2.14
1,14,0.9,0.6,0.6,15,38.9,-21.42,-2.15
1,14,0.9,0.6,0.6,19,39.13,-19.12,-1.87
1,14,0.9,0.6,0.9,3,40.06,-18.79,-1.78
1,14,0.9,0.6,0.9,7,39.44,-20.33,-2.0
1,14,0.9,0.6,0.9,11,39.21,-21.3,-2.14
1,14,0.9,0.6,0.9,15,38.9,-21.42,-2.15
1,14,0.9,0.6,0.9,19,39.13,-19.12,-1.87
1,14,0.9,0.6,1.2,3,40.06,-18.79,-1.78
1,14,0.9,0.6,1.2,7,39.44,-20.33,-2.0
1,14,0.9,0.6,1.2,11,39.21,-21.3,-2.14
1,14,0.9,0.6,1.2,15,38.9,-21.42,-2.15
1,14,0.9,0.6,1.2,19,39.13,-19.12,-1.87
1,14,0.9,0.6,1.5,3,40.06,-18.79,-1.78
1,14,0.9,0.6,1.5,7,39.44,-20.33,-2.0
1,14,0.9,0.6,1.5,11,39.21,-21.3,-2.14
1,14,0.9,0.6,1.5,15,38.9,-21.42,-2.15
1,14,0.9,0.6,1.5,19,39.13,-19.12,-1.87
1,14,0.9,0.6,1.8,3,40.06,-18.79,-1.78
1,14,0.9,0.6,1.8,7,39.44,-20.33,-2.0
1,14,0.9,0.6,1.8,11,39.21,-21.3,-2.14
1,14,0.9,0.6,1.8,15,38.9,-21.42,-2.15
1,14,0.9,0.6,1.8,19,39.13,-19.12,-1.87
1,14,0.9,0.6,2.1,3,40.06,-18.79,-1.78
1,14,0.9,0.6,2.1,7,39.44,-20.33,-2.0
1,14,0.9,0.6,2.1,11,39.21,-21.3,-2.14
1,14,0.9,0.6,2.1,15,38.9,-21.42,-2.15
1,14,0.9,0.6,2.1,19,39.13,-19.12,-1.87
1,14,0.9,0.9,0.0,3,35.42,-13.82,-1.1
1,14,0.9,0.9,0.0,7,35.73,-11.27,-0.91
1,14,0.9,0.9,0.0,11,35.03,-12.22,-1.02
1,14,0.9,0.9,0.0,15,34.34,-12.17,-1.0
1,14,0.9,0.9,0.0,19,34.03,-12.34,-1.01
1,14,0.9,0.9,0.3,3,34.65,-17.62,-1.49
1,14,0.9,0.9,0.3,7,34.65,-15.56,-1.34
1,14,0.9,0.9,0.3,11,34.26,-14.7,-1.28
1,14,0.9,0.9,0.3,15,33.57,-14.14,-1.21
1,14,0.9,0.9,0.3,19,33.41,-13.61,-1.15
1,14,0.9,0.9,0.6,3,34.65,-17.62,-1.49
1,14,0.9,0.9,0.6,7,34.65,-15.56,-1.34
1,14,0.9,0.9,0.6,11,34.26,-14.7,-1.28
1,14,0.9,0.9,0.6,15,33.57,-14.14,-1.21
1,14,0.9,0.9,0.6,19,33.41,-13.61,-1.15
1,14,0.9,0.9,0.9,3,34.65,-17.62,-1.49
1,14,0.9,0.9,0.9,7,34.65,-15.56,-1.34
1,14,0.9,0.9,0.9,11,34.26,-14.7,-1.28
1,14,0.9,0.9,0.9,15,33.57,-14.14,-1.21
1,14,0.9,0.9,0.9,19,33.41,-13.61,-1.15
1,14,0.9,0.9,1.2,3,34.65,-17.62,-1.49
1,14,0.9,0.9,1.2,7,34.65,-15.56,-1.34
1,14,0.9,0.9,1.2,11,34.26,-14.7,-1.28
1,14,0.9,0.9,1.2,15,33.57,-14.14,-1.21
1,14,0.9,0.9,1.2,19,33.41,-13.61,-1.15
1,14,0.9,0.9,1.5,3,34.65,-17.62,-1.49
1,14,0.9,0.9,1.5,7,34.65,-15.56,-1.34
1,14,0.9,0.9,1.5,11,34.26,-14.7,-1.28
1,14,0.9,0.9,1.5,15,33.57,-14.14,-1.21
1,14,0.9,0.9,1.5,19,33.41,-13.61,-1.15
1,14,0.9,0.9,1.8,3,34.65,-17.62,-1.49
1,14,0.9,0.9,1.8,7,34.65,-15.56,-1.34
1,14,0.9,0.9,1.8,11,34.26,-14.7,-1.28
1,14,0.9,0.9,1.8,15,33.57,-14.14,-1.21
1,14,0.9,0.9,1.8,19,33.41,-13.61,-1.15
1,14,0.9,0.9,2.1,3,34.65,-17.62,-1.49
1,14,0.9,0.9,2.1,7,34.65,-15.56,-1.34
1,14,0.9,0.9,2.1,11,34.26,-14.7,-1.28
1,14,0.9,0.9,2.1,15,33.57,-14.14,-1.21
1,14,0.9,0.9,2.1,19,33.41,-13.61,-1.15
1,14,0.9,1.2,0.0,3,32.17,-14.77,-1.13
1,14,0.9,1.2,0.0,7,31.79,-14.23,-1.12
1,14,0.9,1.2,0.0,11,31.48,-16.15,-1.32
1,14,0.9,1.2,0.0,15,31.55,-14.03,-1.13
1,14,0.9,1.2,0.0,19,31.4,-9.8,-0.72
1,14,0.9,1.2,0.3,3,31.63,-18.3,-1.49
1,14,0.9,1.2,0.3,7,31.4,-15.69,-1.28
1,14,0.9,1.2,0.3,11,31.25,-15.76,-1.31
1,14,0.9,1.2,0.3,15,31.4,-13.53,-1.09
1,14,0.9,1.2,0.3,19,31.25,-9.69,-0.72
1,14,0.9,1.2,0.6,3,31.63,-18.3,-1.49
1,14,0.9,1.2,0.6,7,31.4,-15.69,-1.28
1,14,0.9,1.2,0.6,11,31.25,-15.76,-1.31
1,14,0.9,1.2,0.6,15,31.4,-13.53,-1.09
1,14,0.9,1.2,0.6,19,31.25,-9.69,-0.72
1,14,0.9,1.2,0.9,3,31.63,-18.3,-1.49
1,14,0.9,1.2,0.9,7,31.4,-15.69,-1.28
1,14,0.9,1.2,0.9,11,31.25,-15.76,-1.31
1,14,0.9,1.2,0.9,15,31.4,-13.53,-1.09
1,14,0.9,1.2,0.9,19,31.25,-9.69,-0.72
1,14,0.9,1.2,1.2,3,31.63,-18.3,-1.49
1,14,0.9,1.2,1.2,7,31.4,-15.69,-1.28
1,14,0.9,1.2,1.2,11,31.25,-15.76,-1.31
1,14,0.9,1.2,1.2,15,31.4,-13.53,-1.09
1,14,0.9,1.2,1.2,19,31.25,-9.69,-0.72
1,14,0.9,1.2,1.5,3,31.63,-18.3,-1.49
1,14,0.9,1.2,1.5,7,31.4,-15.69,-1.28
1,14,0.9,1.2,1.5,11,31.25,-15.76,-1.31
1,14,0.9,1.2,1.5,15,31.4,-13.53,-1.09
1,14,0.9,1.2,1.5,19,31.25,-9.69,-0.72
1,14,0.9,1.2,1.8,3,31.63,-18.3,-1.49
1,14,0.9,1.2,1.8,7,31.4,-15.69,-1.28
1,14,0.9,1.2,1.8,11,31.25,-15.76,-1.31
1,14,0.9,1.2,1.8,15,31.4,-13.53,-1.09
1,14,0.9,1.2,1.8,19,31.25,-9.69,-0.72
1,14,0.9,1.2,2.1,3,31.63,-18.3,-1.49
1,14,0.9,1.2,2.1,7,31.4,-15.69,-1.28
1,14,0.9,1.2,2.1,11,31.25,-15.76,-1.31
1,14,0.9,1.2,2.1,15,31.4,-13.53,-1.09
1,14,0.9,1.2,2.1,19,31.25,-9.69,-0.72
1,14,0.9,1.5,0.0,3,30.01,-14.63,-1.06
1,14,0.9,1.5,0.0,7,29.47,-13.11,-0.95
1,14,0.9,1.5,0.0,11,29.08,-14.49,-1.1
1,14,0.9,1.5,0.0,15,29.08,-12.03,-0.88
1,14,0.9,1.5,0.0,19,29.0,-10.15,-0.71
1,14,0.9,1.5,0.3,3,30.32,-16.24,-1.24
1,14,0.9,1.5,0.3,7,29.78,-16.58,-1.3
1,14,0.9,1.5,0.3,11,29.78,-14.12,-1.09
1,14,0.9,1.5,0.3,15,29.7,-11.09,-0.82
1,14,0.9,1.5,0.3,19,29.78,-8.41,-0.58
1,14,0.9,1.5,0.6,3,30.32,-16.24,-1.24
1,14,0.9,1.5,0.6,7,29.78,-16.58,-1.3
1,14,0.9,1.5,0.6,11,29.78,-14.12,-1.09
1,14,0.9,1.5,0.6,15,29.7,-11.09,-0.82
1,14,0.9,1.5,0.6,19,29.78,-8.41,-0.58
1,14,0.9,1.5,0.9,3,30.32,-16.24,-1.24
1,14,0.9,1.5,0.9,7,29.78,-16.58,-1.3
1,14,0.9,1.5,0.9,11,29.78,-14.12,-1.09
1,14,0.9,1.5,0.9,15,29.7,-11.09,-0.82
1,14,0.9,1.5,0.9,19,29.78,-8.41,-0.58
1,14,0.9,1.5,1.2,3,30.32,-16.24,-1.24
1,14,0.9,1.5,1.2,7,29.78,-16.58,-1.3
1,14,0.9,1.5,1.2,11,29.78,-14.12,-1.09
1,14,0.9,1.5,1.2,15,29.7,-11.09,-0.82
1,14,0.9,1.5,1.2,19,29.78,-8.41,-0.58
1,14,0.9,1.5,1.5,3,30.32,-16.24,-1.24
1,14,0.9,1.5,1.5,7,29.78,-16.58,-1.3
1,14,0.9,1.5,1.5,11,29.78,-14.12,-1.09
1,14,0.9,1.5,1.5,15,29.7,-11.09,-0.82
1,14,0.9,1.5,1.5,19,29.78,-8.41,-0.58
1,14,0.9,1.5,1.8,3,30.32,-16.24,-1.24
1,14,0.9,1.5,1.8,7,29.78,-16.58,-1.3
1,14,0.9,1.5,1.8,11,29.78,-14.12,-1.09
1,14,0.9,1.5,1.8,15,29.7,-11.09,-0.82
1,14,0.9,1.5,1.8,19,29.78,-8.41,-0.58
1,14,0.9,1.5,2.1,3,30.32,-16.24,-1.24
1,14,0.9,1.5,2.1,7,29.78,-16.58,-1.3
1,14,0.9,1.5,2.1,11,29.78,-14.12,-1.09
1,14,0.9,1.5,2.1,15,29.7,-11.09,-0.82
1,14,0.9,1.5,2.1,19,29.78,-8.41,-0.58
1,14,0.9,1.8,0.0,3,28.85,-7.53,-0.44
1,14,0.9,1.8,0.0,7,28.54,-6.15,-0.35
1,14,0.9,1.8,0.0,11,27.92,-10.36,-0.7
1,14,0.9,1.8,0.0,15,27.84,-13.01,-0.93
1,14,0.9,1.8,0.0,19,27.92,-12.93,-0.93
1,14,0.9,1.8,0.3,3,29.62,-10.38,-0.69
1,14,0.9,1.8,0.3,7,29.47,-12.02,-0.86
1,14,0.9,1.8,0.3,11,29.23,-12.59,-0.91
1,14,0.9,1.8,0.3,15,29.0,-14.02,-1.05
1,14,0.9,1.8,0.3,19,29.0,-11.96,-0.87
1,14,0.9,1.8,0.6,3,29.62,-10.38,-0.69
1,14,0.9,1.8,0.6,7,29.47,-12.02,-0.86
1,14,0.9,1.8,0.6,11,29.23,-12.59,-0.91
1,14,0.9,1.8,0.6,15,29.0,-14.02,-1.05
1,14,0.9,1.8,0.6,19,29.0,-11.96,-0.87
1,14,0.9,1.8,0.9,3,29.62,-10.38,-0.69
1,14,0.9,1.8,0.9,7,29.47,-12.02,-0.86
1,14,0.9,1.8,0.9,11,29.23,-12.59,-0.91
1,14,0.9,1.8,0.9,15,29.0,-14.02,-1.05
1,14,0.9,1.8,0.9,19,29.0,-11.96,-0.87
1,14,0.9,1.8,1.2,3,29.62,-10.38,-0.69
1,14,0.9,1.8,1.2,7,29.47,-12.02,-0.86
1,14,0.9,1.8,1.2,11,29.23,-12.59,-0.91
1,14,0.9,1.8,1.2,15,29.0,-14.02,-1.05
1,14,0.9,1.8,1.2,19,29.0,-11.96,-0.87
1,14,0.9,1.8,1.5,3,29.62,-10.38,-0.69
1,14,0.9,1.8,1.5,7,29.47,-12.02,-0.86
1,14,0.9,1.8,1.5,11,29.23,-12.59,-0.91
1,14,0.9,1.8,1.5,15,29.0,-14.02,-1.05
1,14,0.9,1.8,1.5,19,29.0,-11.96,-0.87
1,14,0.9,1.8,1.8,3,29.62,-10.38,-0.69
1,14,0.9,1.8,1.8,7,29.47,-12.02,-0.86
1,14,0.9,1.8,1.8,11,29.23,-12.59,-0.91
1,14,0.9,1.8,1.8,15,29.0,-14.02,-1.05
1,14,0.9,1.8,1.8,19,29.0,-11.96,-0.87
1,14,0.9,1.8,2.1,3,29.62,-10.38,-0.69
1,14,0.9,1.8,2.1,7,29.47,-12.02,-0.86
1,14,0.9,1.8,2.1,11,29.23,-12.59,-0.91
1,14,0.9,1.8,2.1,15,29.0,-14.02,-1.05
1,14,0.9,1.8,2.1,19,29.0,-11.96,-0.87
1,14,0.9,2.1,0.0,3,28.0,-5.16,-0.25
1,14,0.9,2.1,0.0,7,27.55,-7.83,-0.46
1,14,0.9,2.1,0.0,11,27.4,-7.71,-0.47
1,14,0.9,2.1,0.0,15,27.17,-10.12,-0.66
1,14,0.9,2.1,0.0,19,27.09,-8.71,-0.55
1,14,0.9,2.1,0.3,3,29.39,-8.92,-0.56
1,14,0.9,2.1,0.3,7,29.1,-11.55,-0.8
1,14,0.9,2.1,0.3,11,28.95,-10.98,-0.76
1,14,0.9,2.1,0.3,15,28.72,-12.62,-0.9
1,14,0.9,2.1,0.3,19,28.64,-10.21,-0.69
1,14,0.9,2.1,0.6,3,29.39,-8.92,-0.56
1,14,0.9,2.1,0.6,7,29.1,-11.55,-0.8
1,14,0.9,2.1,0.6,11,28.95,-10.98,-0.76
1,14,0.9,2.1,0.6,15,28.72,-12.62,-0.9
1,14,0.9,2.1,0.6,19,28.64,-10.21,-0.69
1,14,0.9,2.1,0.9,3,29.39,-8.92,-0.56
1,14,0.9,2.1,0.9,7,29.1,-11.55,-0.8
1,14,0.9,2.1,0.9,11,28.95,-10.98,-0.76
1,14,0.9,2.1,0.9,15,28.72,-12.62,-0.9
1,14,0.9,2.1,0.9,19,28.64,-10.21,-0.69
1,14,0.9,2.1,1.2,3,29.39,-8.92,-0.56
1,14,0.9,2.1,1.2,7,29.1,-11.55,-0.8
1,14,0.9,2.1,1.2,11,28.95,-10.98,-0.76
1,14,0.9,2.1,1.2,15,28.72,-12.62,-0.9
1,14,0.9,2.1,1.2,19,28.64,-10.21,-0.69
1,14,0.9,2.1,1.5,3,29.39,-8.92,-0.56
1,14,0.9,2.1,1.5,7,29.1,-11.55,-0.8
1,14,0.9,2.1,1.5,11,28.95,-10.98,-0.76
1,14,0.9,2.1,1.5,15,28.72,-12.62,-0.9
1,14,0.9,2.1,1.5,19,28.64,-10.21,-0.69
1,14,0.9,2.1,1.8,3,29.39,-8.92,-0.56
1,14,0.9,2.1,1.8,7,29.1,-11.55,-0.8
1,14,0.9,2.1,1.8,11,28.95,-10.98,-0.76
1,14,0.9,2.1,1.8,15,28.72,-12.62,-0.9
1,14,0.9,2.1,1.8,19,28.64,-10.21,-0.69
1,14,0.9,2.1,2.1,3,29.39,-8.92,-0.56
1,14,0.9,2.1,2.1,7,29.1,-11.55,-0.8
1,14,0.9,2.1,2.1,11,28.95,-10.98,-0.76
1,14,0.9,2.1,2.1,15,28.72,-12.62,-0.9
1,14,0.9,2.1,2.1,19,28.64,-10.21,-0.69
1,14,1.2,0.0,0.0,3,57.39,-20.44,-2.36
1,14,1.2,0.0,0.0,7,57.15,-21.61,-2.57
1,14,1.2,0.0,0.0,11,57.15,-21.43,-2.56
1,14,1.2,0.0,0.0,15,57.15,-21.73,-2.61
1,14,1.2,0.0,0.0,19,57.15,-20.46,-2.42
1,14,1.2,0.0,0.3,3,57.39,-20.44,-2.36
1,14,1.2,0.0,0.3,7,57.15,-21.61,-2.57
1,14,1.2,0.0,0.3,11,57.15,-21.43,-2.56
1,14,1.2,0.0,0.3,15,57.15,-21.73,-2.61
1,14,1.2,0.0,0.3,19,57.15,-20.46,-2.42
1,14,1.2,0.0,0.6,3,57.39,-20.44,-2.36
1,14,1.2,0.0,0.6,7,57.15,-21.61,-2.57
1,14,1.2,0.0,0.6,11,57.15,-21.43,-2.56
1,14,1.2,0.0,0.6,15,57.15,-21.73,-2.61
1,14,1.2,0.0,0.6,19,57.15,-20.46,-2.42
1,14,1.2,0.0,0.9,3,57.39,-20.44,-2.36
1,14,1.2,0.0,0.9,7,57.15,-21.61,-2.57
1,14,1.2,0.0,0.9,11,57.15,-21.43,-2.56
1,14,1.2,0.0,0.9,15,57.15,-21.73,-2.61
1,14,1.2,0.0,0.9,19,57.15,-20.46,-2.42
1,14,1.2,0.0,1.2,3,57.39,-20.44,-2.36
1,14,1.2,0.0,1.2,7,57.15,-21.61,-2.57
1,14,1.2,0.0,1.2,11,57.15,-21.43,-2.56
1,14,1.2,0.0,1.2,15,57.15,-21.73,-2.61
1,14,1.2,0.0,1.2,19,57.15,-20.46,-2.42
1,14,1.2,0.0,1.5,3,57.39,-20.44,-2.36
1,14,1.2,0.0,1.5,7,57.15,-21.61,-2.57
1,14,1.2,0.0,1.5,11,57.15,-21.43,-2.56
1,14,1.2,0.0,1.5,15,57.15,-21.73,-2.61
1,14,1.2,0.0,1.5,19,57.15,-20.46,-2.42
1,14,1.2,0.0,1.8,3,57.39,-20.44,-2.36
1,14,1.2,0.0,1.8,7,57.15,-21.61,-2.57
1,14,1.2,0.0,1.8,11,57.15,-21.43,-2.56
1,14,1.2,0.0,1.8,15,57.15,-21.73,-2.61
1,14,1.2,0.0,1.8,19,57.15,-20.46,-2.42
1,14,1.2,0.0,2.1,3,57.39,-20.44,-2.36
1,14,1.2,0.0,2.1,7,57.15,-21.61,-2.57
1,14,1.2,0.0,2.1,11,57.15,-21.43,-2.56
1,14,1.2,0.0,2.1,15,57.15,-21.73,-2.61
1,14,1.2,0.0,2.1,19,57.15,-20.46,-2.42
1,14,1.2,0.3,0.0,3,47.18,-24.35,-2.53
1,14,1.2,0.3,0.0,7,46.71,-27.97,-3.07
1,14,1.2,0.3,0.0,11,46.87,-28.95,-3.24
1,14,1.2,0.3,0.0,15,47.02,-26.86,-2.95
1,14,1.2,0.3,0.0,19,47.1,-24.86,-2.69
1,14,1.2,0.3,0.3,3,47.18,-24.35,-2.53
1,14,1.2,0.3,0.3,7,46.71,-27.97,-3.07
1,14,1.2,0.3,0.3,11,46.87,-28.95,-3.24
1,14,1.2,0.3,0.3,15,47.02,-26.82,-2.95
1,14,1.2,0.3,0.3,19,47.1,-24.86,-2.69
1,14,1.2,0.3,0.6,3,47.18,-24.35,-2.53
1,14,1.2,0.3,0.6,7,46.71,-27.97,-3.07
1,14,1.2,0.3,0.6,11,46.87,-28.95,-3.24
1,14,1.2,0.3,0.6,15,47.02,-26.82,-2.95
1,14,1.2,0.3,0.6,19,47.1,-24.86,-2.69
1,14,1.2,0.3,0.9,3,47.18,-24.35,-2.53
1,14,1.2,0.3,0.9,7,46.71,-27.97,-3.07
1,14,1.2,0.3,0.9,11,46.87,-28.95,-3.24
1,14,1.2,0.3,0.9,15,47.02,-26.82,-2.95
1,14,1.2,0.3,0.9,19,47.1,-24.86,-2.69
1,14,1.2,0.3,1.2,3,47.18,-24.35,-2.53
1,14,1.2,0.3,1.2,7,46.71,-27.97,-3.07
1,14,1.2,0.3,1.2,11,46.87,-28.95,-3.24
1,14,1.2,0.3,1.2,15,47.02,-26.82,-2.95
1,14,1.2,0.3,1.2,19,47.1,-24.86,-2.69
1,14,1.2,0.3,1.5,3,47.18,-24.35,-2.53
1,14,1.2,0.3,1.5,7,46.71,-27.97,-3.07
1,14,1.2,0.3,1.5,11,46.87,-28.95,-3.24
1,14,1.2,0.3,1.5,15,47.02,-26.82,-2.95
1,14,1.2,0.3,1.5,19,47.1,-24.86,-2.69
1,14,1.2,0.3,1.8,3,47.18,-24.35,-2.53
1,14,1.2,0.3,1.8,7,46.71,-27.97,-3.07
1,14,1.2,0.3,1.8,11,46.87,-28.95,-3.24
1,14,1.2,0.3,1.8,15,47.02,-26.82,-2.95
1,14,1.2,0.3,1.8,19,47.1,-24.86,-2.69
1,14,1.2,0.3,2.1,3,47.18,-24.35,-2.53
1,14,1.2,0.3,2.1,7,46.71,-27.97,-3.07
1,14,1.2,0.3,2.1,11,46.87,-28.95,-3.24
1,14,1.2,0.3,2.1,15,47.02,-26.82,-2.95
1,14,1.2,0.3,2.1,19,47.1,-24.86,-2.69
1,14,1.2,0.6,0.0,3,40.45,-17.0,-1.54
1,14,1.2,0.6,0.0,7,40.14,-19.09,-1.8
1,14,1.2,0.6,0.0,11,40.06,-20.22,-1.94
1,14,1.2,0.6,0.0,15,39.83,-21.2,-2.05
1,14,1.2,0.6,0.0,19,39.91,-19.18,-1.81
1,14,1.2,0.6,0.3,3,40.45,-17.0,-1.54
1,14,1.2,0.6,0.3,7,40.14,-19.09,-1.8
1,14,1.2,0.6,0.3,11,40.06,-20.22,-1.94
1,14,1.2,0.6,0.3,15,39.83,-21.05,-2.03
1,14,1.2,0.6,0.3,19,39.91,-18.97,-1.79
1,14,1.2,0.6,0.6,3,40.45,-17.0,-1.54
1,14,1.2,0.6,0.6,7,40.14,-19.09,-1.8
1,14,1.2,0.6,0.6,11,40.06,-20.22,-1.94
1,14,1.2,0.6,0.6,15,39.83,-21.05,-2.03
1,14,1.2,0.6,0.6,19,39.91,-18.97,-1.79
1,14,1.2,0.6,0.9,3,40.45,-17.0,-1.54
1,14,1.2,0.6,0.9,7,40.14,-19.09,-1.8
1,14,1.2,0.6,0.9,11,40.06,-20.22,-1.94
1,14,1.2,0.6,0.9,15,39.83,-21.05,-2.03
1,14,1.2,0.6,0.9,19,39.91,-18.97,-1.79
1,14,1.2,0.6,1.2,3,40.45,-17.0,-1.54
1,14,1.2,0.6,1.2,7,40.14,-19.09,-1.8
1,14,1.2,0.6,1.2,11,40.06,-20.22,-1.94
1,14,1.2,0.6,1.2,15,39.83,-21.05,-2.03
1,14,1.2,0.6,1.2,19,39.91,-18.97,-1.79
1,14,1.2,0.6,1.5,3,40.45,-17.0,-1.54
1,14,1.2,0.6,1.5,7,40.14,-19.09,-1.8
1,14,1.2,0.6,1.5,11,40.06,-20.22,-1.94
1,14,1.2,0.6,1.5,15,39.83,-21.05,-2.03
1,14,1.2,0.6,1.5,19,39.91,-18.97,-1.79
1,14,1.2,0.6,1.8,3,40.45,-17.0,-1.54
1,14,1.2,0.6,1.8,7,40.14,-19.09,-1.8
1,14,1.2,0.6,1.8,11,40.06,-20.22,-1.94
1,14,1.2,0.6,1.8,15,39.83,-21.05,-2.03
1,14,1.2,0.6,1.8,19,39.91,-18.97,-1.79
1,14,1.2,0.6,2.1,3,40.45,-17.0,-1.54
1,14,1.2,0.6,2.1,7,40.14,-19.09,-1.8
1,14,1.2,0.6,2.1,11,40.06,-20.22,-1.94
1,14,1.2,0.6,2.1,15,39.83,-21.05,-2.03
1,14,1.2,0.6,2.1,19,39.91,-18.97,-1.79
1,14,1.2,0.9,0.0,3,35.65,-11.15,-0.83
1,14,1.2,0.9,0.0,7,36.12,-9.26,-0.69
1,14,1.2,0.9,0.0,11,35.65,-9.84,-0.75
1,14,1.2,0.9,0.0,15,34.96,-10.77,-0.83
1,14,1.2,0.9,0.0,19,34.57,-11.33,-0.88
1,14,1.2,0.9,0.3,3,35.58,-11.43,-0.85
1,14,1.2,0.9,0.3,7,35.96,-10.15,-0.78
1,14,1.2,0.9,0.3,11,35.58,-10.17,-0.78
1,14,1.2,0.9,0.3,15,34.88,-10.89,-0.84
1,14,1.2,0.9,0.3,19,34.49,-11.18,-0.86
1,14,1.2,0.9,0.6,3,35.58,-11.43,-0.85
1,14,1.2,0.9,0.6,7,35.96,-10.15,-0.78
1,14,1.2,0.9,0.6,11,35.58,-10.17,-0.78
1,14,1.2,0.9,0.6,15,34.88,-10.89,-0.84
1,14,1.2,0.9,0.6,19,34.49,-11.18,-0.86
1,14,1.2,0.9,0.9,3,35.58,-11.43,-0.85
1,14,1.2,0.9,0.9,7,35.96,-10.15,-0.78
1,14,1.2,0.9,0.9,11,35.58,-10.17,-0.78
1,14,1.2,0.9,0.9,15,34.88,-10.89,-0.84
1,14,1.2,0.9,0.9,19,34.49,-11.18,-0.86
1,14,1.2,0.9,1.2,3,35.58,-11.43,-0.85
1,14,1.2,0.9,1.2,7,35.96,-10.15,-0.78
1,14,1.2,0.9,1.2,11,35.58,-10.17,-0.78
1,14,1.2,0.9,1.2,15,34.88,-10.89,-0.84
1,14,1.2,0.9,1.2,19,34.49,-11.18,-0.86
1,14,1.2,0.9,1.5,3,35.58,-11.43,-0.85
1,14,1.2,0.9,1.5,7,35.96,-10.15,-0.78
1,14,1.2,0.9,1.5,11,35.58,-10.17,-0.78
1,14,1.2,0.9,1.5,15,34.88,-10.89,-0.84
1,14,1.2,0.9,1.5,19,34.49,-11.18,-0.86
1,14,1.2,0.9,1.8,3,35.58,-11.43,-0.85
1,14,1.2,0.9,1.8,7,35.96,-10.15,-0.78
1,14,1.2,0.9,1.8,11,35.58,-10.17,-0.78
1,14,1.2,0.9,1.8,15,34.88,-10.89,-0.84
1,14,1.2,0.9,1.8,19,34.49,-11.18,-0.86
1,14,1.2,0.9,2.1,3,35.58,-11.43,-0.85
1,14,1.2,0.9,2.1,7,35.96,-10.15,-0.78
1,14,1.2,0.9,2.1,11,35.58,-10.17,-0.78
1,14,1.2,0.9,2.1,15,34.88,-10.89,-0.84
1,14,1.2,0.9,2.1,19,34.49,-11.18,-0.86
1,14,1.2,1.2,0.0,3,32.41,-12.51,-0.9
1,14,1.2,1.2,0.0,7,32.1,-12.75,-0.95
1,14,1.2,1.2,0.0,11,32.02,-13.7,-1.05
1,14,1.2,1.2,0.0,15,32.1,-12.89,-0.98
1,14,1.2,1.2,0.0,19,31.94,-8.42,-0.58
1,14,1.2,1.2,0.3,3,32.02,-13.31,-0.97
1,14,1.2,1.2,0.3,7,31.94,-12.83,-0.96
1,14,1.2,1.2,0.3,11,31.86,-12.89,-0.98
1,14,1.2,1.2,0.3,15,31.94,-12.03,-0.9
1,14,1.2,1.2,0.3,19,31.71,-7.65,-0.51
1,14,1.2,1.2,0.6,3,32.02,-13.31,-0.97
1,14,1.2,1.2,0.6,7,31.94,-12.83,-0.96
1,14,1.2,1.2,0.6,11,31.86,-12.89,-0.98
1,14,1.2,1.2,0.6,15,31.94,-12.03,-0.9
1,14,1.2,1.2,0.6,19,31.71,-7.65,-0.51
1,14,1.2,1.2,0.9,3,32.02,-13.31,-0.97
1,14,1.2,1.2,0.9,7,31.94,-12.83,-0.96
1,14,1.2,1.2,0.9,11,31.86,-12.89,-0.98
1,14,1.2,1.2,0.9,15,31.94,-12.03,-0.9
1,14,1.2,1.2,0.9,19,31.71,-7.65,-0.51
1,14,1.2,1.2,1.2,3,32.02,-13.31,-0.97
1,14,1.2,1.2,1.2,7,31.94,-12.83,-0.96
1,14,1.2,1.2,1.2,11,31.86,-12.89,-0.98
1,14,1.2,1.2,1.2,15,31.94,-12.03,-0.9
1,14,1.2,1.2,1.2,19,31.71,-7.65,-0.51
1,14,1.2,1.2,1.5,3,32.02,-13.31,-0.97
1,14,1.2,1.2,1.5,7,31.94,-12.83,-0.96
1,14,1.2,1.2,1.5,11,31.86,-12.89,-0.98
1,14,1.2,1.2,1.5,15,31.94,-12.03,-0.9
1,14,1.2,1.2,1.5,19,31.71,-7.65,-0.51
1,14,1.2,1.2,1.8,3,32.02,-13.31,-0.97
1,14,1.2,1.2,1.8,7,31.94,-12.83,-0.96
1,14,1.2,1.2,1.8,11,31.86,-12.89,-0.98
1,14,1.2,1.2,1.8,15,31.94,-12.03,-0.9
1,14,1.2,1.2,1.8,19,31.71,-7.65,-0.51
1,14,1.2,1.2,2.1,3,32.02,-13.31,-0.97
1,14,1.2,1.2,2.1,7,31.94,-12.83,-0.96
1,14,1.2,1.2,2.1,11,31.86,-12.89,-0.98
1,14,1.2,1.2,2.1,15,31.94,-12.03,-0.9
1,14,1.2,1.2,2.1,19,31.71,-7.65,-0.51
1,14,1.2,1.5,0.0,3,30.24,-12.36,-0.84
1,14,1.2,1.5,0.0,7,29.78,-11.16,-0.76
1,14,1.2,1.5,0.0,11,29.62,-11.73,-0.82
1,14,1.2,1.5,0.0,15,29.62,-10.37,-0.71
1,14,1.2,1.5,0.0,19,29.54,-8.27,-0.53
1,14,1.2,1.5,0.3,3,30.09,-13.0,-0.9
1,14,1.2,1.5,0.3,7,29.54,-12.1,-0.85
1,14,1.2,1.5,0.3,11,29.54,-12.24,-0.87
1,14,1.2,1.5,0.3,15,29.62,-9.44,-0.63
1,14,1.2,1.5,0.3,19,29.62,-6.25,-0.37
1,14,1.2,1.5,0.6,3,30.09,-13.0,-0.9
1,14,1.2,1.5,0.6,7,29.54,-12.1,-0.85
1,14,1.2,1.5,0.6,11,29.54,-12.24,-0.87
1,14,1.2,1.5,0.6,15,29.62,-9.44,-0.63
1,14,1.2,1.5,0.6,19,29.62,-6.25,-0.37
1,14,1.2,1.5,0.9,3,30.09,-13.0,-0.9
1,14,1.2,1.5,0.9,7,29.54,-12.1,-0.85
1,14,1.2,1.5,0.9,11,29.54,-12.24,-0.87
1,14,1.2,1.5,0.9,15,29.62,-9.44,-0.63
1,14,1.2,1.5,0.9,19,29.62,-6.25,-0.37
1,14,1.2,1.5,1.2,3,30.09,-13.0,-0.9
1,14,1.2,1.5,1.2,7,29.54,-12.1,-0.85
1,14,1.2,1.5,1.2,11,29.54,-12.24,-0.87
1,14,1.2,1.5,1.2,15,29.62,-9.44,-0.63
1,14,1.2,1.5,1.2,19,29.62,-6.25,-0.37
1,14,1.2,1.5,1.5,3,30.09,-13.0,-0.9
1,14,1.2,1.5,1.5,7,29.54,-12.1,-0.85
1,14,1.2,1.5,1.5,11,29.54,-12.24,-0.87
1,14,1.2,1.5,1.5,15,29.62,-9.44,-0.63
1,14,1.2,1.5,1.5,19,29.62,-6.25,-0.37
1,14,1.2,1.5,1.8,3,30.09,-13.0,-0.9
1,14,1.2,1.5,1.8,7,29.54,-12.1,-0.85
1,14,1.2,1.5,1.8,11,29.54,-12.24,-0.87
1,14,1.2,1.5,1.8,15,29.62,-9.44,-0.63
1,14,1.2,1.5,1.8,19,29.62,-6.25,-0.37
1,14,1.2,1.5,2.1,3,30.09,-13.0,-0.9
1,14,1.2,1.5,2.1,7,29.54,-12.1,-0.85
1,14,1.2,1.5,2.1,11,29.54,-12.24,-0.87
1,14,1.2,1.5,2.1,15,29.62,-9.44,-0.63
1,14,1.2,1.5,2.1,19,29.62,-6.25,-0.37
1,14,1.2,1.8,0.0,3,29.08,-4.97,-0.23
1,14,1.2,1.8,0.0,7,28.85,-3.68,-0.14
1,14,1.2,1.8,0.0,11,28.46,-7.1,-0.41
1,14,1.2,1.8,0.0,15,28.38,-10.74,-0.71
1,14,1.2,1.8,0.0,19,28.46,-10.63,-0.7
1,14,1.2,1.8,0.3,3,29.31,-5.52,-0.28
1,14,1.2,1.8,0.3,7,28.92,-3.95,-0.17
1,14,1.2,1.8,0.3,11,28.77,-8.05,-0.49
1,14,1.2,1.8,0.3,15,28.62,-10.94,-0.73
1,14,1.2,1.8,0.3,19,28.69,-8.54,-0.54
1,14,1.2,1.8,0.6,3,29.31,-5.52,-0.28
1,14,1.2,1.8,0.6,7,28.92,-3.95,-0.17
1,14,1.2,1.8,0.6,11,28.77,-8.05,-0.49
1,14,1.2,1.8,0.6,15,28.62,-10.94,-0.73
1,14,1.2,1.8,0.6,19,28.69,-8.54,-0.54
1,14,1.2,1.8,0.9,3,29.31,-5.52,-0.28
1,14,1.2,1.8,0.9,7,28.92,-3.95,-0.17
1,14,1.2,1.8,0.9,11,28.77,-8.05,-0.49
1,14,1.2,1.8,0.9,15,28.62,-10.94,-0.73
1,14,1.2,1.8,0.9,19,28.69,-8.54,-0.54
1,14,1.2,1.8,1.2,3,29.31,-5.52,-0.28
1,14,1.2,1.8,1.2,7,28.92,-3.95,-0.17
1,14,1.2,1.8,1.2,11,28.77,-8.05,-0.49
1,14,1.2,1.8,1.2,15,28.62,-10.94,-0.73
1,14,1.2,1.8,1.2,19,28.69,-8.54,-0.54
1,14,1.2,1.8,1.5,3,29.31,-5.52,-0.28
1,14,1.2,1.8,1.5,7,28.92,-3.95,-0.17
1,14,1.2,1.8,1.5,11,28.77,-8.05,-0.49
1,14,1.2,1.8,1.5,15,28.62,-10.94,-0.73
1,14,1.2,1.8,1.5,19,28.69,-8.54,-0.54
1,14,1.2,1.8,1.8,3,29.31,-5.52,-0.28
1,14,1.2,1.8,1.8,7,28.92,-3.95,-0.17
1,14,1.2,1.8,1.8,11,28.77,-8.05,-0.49
1,14,1.2,1.8,1.8,15,28.62,-10.94,-0.73
1,14,1.2,1.8,1.8,19,28.69,-8.54,-0.54
1,14,1.2,1.8,2.1,3,29.31,-5.52,-0.28
1,14,1.2,1.8,2.1,7,28.92,-3.95,-0.17
1,14,1.2,1.8,2.1,11,28.77,-8.05,-0.49
1,14,1.2,1.8,2.1,15,28.62,-10.94,-0.73
1,14,1.2,1.8,2.1,19,28.69,-8.54,-0.54
1,14,1.2,2.1,0.0,3,28.23,-3.19,-0.09
1,14,1.2,2.1,0.0,7,27.86,-5.27,-0.25
1,14,1.2,2.1,0.0,11,27.94,-4.27,-0.18
1,14,1.2,2.1,0.0,15,27.71,-7.69,-0.45
1,14,1.2,2.1,0.0,19,27.63,-6.21,-0.33
1,14,1.2,2.1,0.3,3,28.92,-2.85,-0.07
1,14,1.2,2.1,0.3,7,28.48,-3.22,-0.1
1,14,1.2,2.1,0.3,11,28.41,-5.28,-0.26
1,14,1.2,2.1,0.3,15,28.25,-7.66,-0.45
1,14,1.2,2.1,0.3,19,28.25,-6.02,-0.32
1,14,1.2,2.1,0.6,3,28.92,-2.85,-0.07
1,14,1.2,2.1,0.6,7,28.48,-3.22,-0.1
1,14,1.2,2.1,0.6,11,28.41,-5.28,-0.26
1,14,1.2,2.1,0.6,15,28.25,-7.66,-0.45
1,14,1.2,2.1,0.6,19,28.25,-6.02,-0.32
1,14,1.2,2.1,0.9,3,28.92,-2.85,-0.07
1,14,1.2,2.1,0.9,7,28.48,-3.22,-0.1
1,14,1.2,2.1,0.9,11,28.41,-5.28,-0.26
1,14,1.2,2.1,0.9,15,28.25,-7.66,-0.45
1,14,1.2,2.1,0.9,19,28.25,-6.02,-0.32
1,14,1.2,2.1,1.2,3,28.92,-2.85,-0.07
1,14,1.2,2.1,1.2,7,28.48,-3.22,-0.1
1,14,1.2,2.1,1.2,11,28.41,-5.28,-0.26
1,14,1.2,2.1,1.2,15,28.25,-7.66,-0.45
1,14,1.2,2.1,1.2,19,28.25,-6.02,-0.32
1,14,1.2,2.1,1.5,3,28.92,-2.85,-0.07
1,14,1.2,2.1,1.5,7,28.48,-3.22,-0.1
1,14,1.2,2.1,1.5,11,28.41,-5.28,-0.26
1,14,1.2,2.1,1.5,15,28.25,-7.66,-0.45
1,14,1.2,2.1,1.5,19,28.25,-6.02,-0.32
1,14,1.2,2.1,1.8,3,28.92,-2.85,-0.07
1,14,1.2,2.1,1.8,7,28.48,-3.22,-0.1
1,14,1.2,2.1,1.8,11,28.41,-5.28,-0.26
1,14,1.2,2.1,1.8,15,28.25,-7.66,-0.45
1,14,1.2,2.1,1.8,19,28.25,-6.02,-0.32
1,14,1.2,2.1,2.1,3,28.92,-2.85,-0.07
1,14,1.2,2.1,2.1,7,28.48,-3.22,-0.1
1,14,1.2,2.1,2.1,11,28.41,-5.28,-0.26
1,14,1.2,2.1,2.1,15,28.25,-7.66,-0.45
1,14,1.2,2.1,2.1,19,28.25,-6.02,-0.32
1,14,1.5,0.0,0.0,3,57.39,-20.5,-2.37
1,14,1.5,0.0,0.0,7,57.31,-22.35,-2.64
1,14,1.5,0.0,0.0,11,57.15,-23.16,-2.76
1,14,1.5,0.0,0.0,15,57.15,-23.33,-2.79
1,14,1.5,0.0,0.0,19,57.15,-22.18,-2.62
1,14,1.5,0.0,0.3,3,57.39,-20.5,-2.37
1,14,1.5,0.0,0.3,7,57.31,-22.35,-2.64
1,14,1.5,0.0,0.3,11,57.15,-23.16,-2.76
1,14,1.5,0.0,0.3,15,57.15,-23.33,-2.79
1,14,1.5,0.0,0.3,19,57.15,-22.18,-2.62
1,14,1.5,0.0,0.6,3,57.39,-20.5,-2.37
1,14,1.5,0.0,0.6,7,57.31,-22.35,-2.64
1,14,1.5,0.0,0.6,11,57.15,-23.16,-2.76
1,14,1.5,0.0,0.6,15,57.15,-23.33,-2.79
1,14,1.5,0.0,0.6,19,57.15,-22.18,-2.62
1,14,1.5,0.0,0.9,3,57.39,-20.5,-2.37
1,14,1.5,0.0,0.9,7,57.31,-22.35,-2.64
1,14,1.5,0.0,0.9,11,57.15,-23.16,-2.76
1,14,1.5,0.0,0.9,15,57.15,-23.33,-2.79
1,14,1.5,0.0,0.9,19,57.15,-22.18,-2.62
1,14,1.5,0.0,1.2,3,57.39,-20.5,-2.37
1,14,1.5,0.0,1.2,7,57.31,-22.35,-2.64
1,14,1.5,0.0,1.2,11,57.15,-23.16,-2.76
1,14,1.5,0.0,1.2,15,57.15,-23.33,-2.79
1,14,1.5,0.0,1.2,19,57.15,-22.18,-2.62
1,14,1.5,0.0,1.5,3,57.39,-20.5,-2.37
1,14,1.5,0.0,1.5,7,57.31,-22.35,-2.64
1,14,1.5,0.0,1.5,11,57.15,-23.16,-2.76
1,14,1.5,0.0,1.5,15,57.15,-23.33,-2.79
1,14,1.5,0.0,1.5,19,57.15,-22.18,-2.62
1,14,1.5,0.0,1.8,3,57.39,-20.5,-2.37
1,14,1.5,0.0,1.8,7,57.31,-22.35,-2.64
1,14,1.5,0.0,1.8,11,57.15,-23.16,-2.76
1,14,1.5,0.0,1.8,15,57.15,-23.33,-2.79
1,14,1.5,0.0,1.8,19,57.15,-22.18,-2.62
1,14,1.5,0.0,2.1,3,57.39,-20.5,-2.37
1,14,1.5,0.0,2.1,7,57.31,-22.35,-2.64
1,14,1.5,0.0,2.1,11,57.15,-23.16,-2.76
1,14,1.5,0.0,2.1,15,57.15,-23.33,-2.79
1,14,1.5,0.0,2.1,19,57.15,-22.18,-2.62
1,14,1.5,0.3,0.0,3,47.18,-24.4,-2.54
1,14,1.5,0.3,0.0,7,46.79,-28.85,-3.16
1,14,1.5,0.3,0.0,11,46.87,-30.58,-3.42
1,14,1.5,0.3,0.0,15,47.02,-28.43,-3.13
1,14,1.5,0.3,0.0,19,47.1,-26.54,-2.88
1,14,1.5,0.3,0.3,3,47.18,-24.4,-2.54
1,14,1.5,0.3,0.3,7,46.79,-28.85,-3.16
1,14,1.5,0.3,0.3,11,46.87,-30.58,-3.42
1,14,1.5,0.3,0.3,15,47.02,-28.36,-3.12
1,14,1.5,0.3,0.3,19,47.1,-26.47,-2.87
1,14,1.5,0.3,0.6,3,47.18,-24.4,-2.54
1,14,1.5,0.3,0.6,7,46.79,-28.85,-3.16
1,14,1.5,0.3,0.6,11,46.87,-30.58,-3.42
1,14,1.5,0.3,0.6,15,47.02,-28.36,-3.12
1,14,1.5,0.3,0.6,19,47.1,-26.47,-2.87
1,14,1.5,0.3,0.9,3,47.18,-24.4,-2.54
1,14,1.5,0.3,0.9,7,46.79,-28.85,-3.16
1,14,1.5,0.3,0.9,11,46.87,-30.58,-3.42
1,14,1.5,0.3,0.9,15,47.02,-28.36,-3.12
1,14,1.5,0.3,0.9,19,47.1,-26.47,-2.87
1,14,1.5,0.3,1.2,3,47.18,-24.4,-2.54
1,14,1.5,0.3,1.2,7,46.79,-28.85,-3.16
1,14,1.5,0.3,1.2,11,46.87,-30.58,-3.42
1,14,1.5,0.3,1.2,15,47.02,-28.36,-3.12
1,14,1.5,0.3,1.2,19,47.1,-26.47,-2.87
1,14,1.5,0.3,1.5,3,47.18,-24.4,-2.54
1,14,1.5,0.3,1.5,7,46.79,-28.85,-3.16
1,14,1.5,0.3,1.5,11,46.87,-30.58,-3.42
1,14,1.5,0.3,1.5,15,47.02,-28.36,-3.12
1,14,1.5,0.3,1.5,19,47.1,-26.47,-2.87
1,14,1.5,0.3,1.8,3,47.18,-24.4,-2.54
1,14,1.5,0.3,1.8,7,46.79,-28.85,-3.16
1,14,1.5,0.3,1.8,11,46.87,-30.58,-3.42
1,14,1.5,0.3,1.8,15,47.02,-28.36,-3.12
1,14,1.5,0.3,1.8,19,47.1,-26.47,-2.87
1,14,1.5,0.3,2.1,3,47.18,-24.4,-2.54
1,14,1.5,0.3,2.1,7,46.79,-28.85,-3.16
1,14,1.5,0.3,2.1,11,46.87,-30.58,-3.42
1,14,1.5,0.3,2.1,15,47.02,-28.36,-3.12
1,14,1.5,0.3,2.1,19,47.1,-26.47,-2.87
1,14,1.5,0.6,0.0,3,40.45,-17.06,-1.54
1,14,1.5,0.6,0.0,7,40.22,-20.09,-1.89
1,14,1.5,0.6,0.0,11,40.06,-22.06,-2.12
1,14,1.5,0.6,0.0,15,39.83,-22.9,-2.22
1,14,1.5,0.6,0.0,19,39.91,-21.0,-1.99
1,14,1.5,0.6,0.3,3,40.45,-17.06,-1.54
1,14,1.5,0.6,0.3,7,40.22,-20.09,-1.89
1,14,1.5,0.6,0.3,11,40.06,-22.06,-2.12
1,14,1.5,0.6,0.3,15,39.83,-22.82,-2.21
1,14,1.5,0.6,0.3,19,39.91,-20.91,-1.98
1,14,1.5,0.6,0.6,3,40.45,-17.06,-1.54
1,14,1.5,0.6,0.6,7,40.22,-20.09,-1.89
1,14,1.5,0.6,0.6,11,40.06,-22.06,-2.12
1,14,1.5,0.6,0.6,15,39.83,-22.82,-2.21
1,14,1.5,0.6,0.6,19,39.91,-20.91,-1.98
1,14,1.5,0.6,0.9,3,40.45,-17.06,-1.54
1,14,1.5,0.6,0.9,7,40.22,-20.09,-1.89
1,14,1.5,0.6,0.9,11,40.06,-22.06,-2.12
1,14,1.5,0.6,0.9,15,39.83,-22.82,-2.21
1,14,1.5,0.6,0.9,19,39.91,-20.91,-1.98
1,14,1.5,0.6,1.2,3,40.45,-17.06,-1.54
1,14,1.5,0.6,1.2,7,40.22,-20.09,-1.89
1,14,1.5,0.6,1.2,11,40.06,-22.06,-2.12
1,14,1.5,0.6,1.2,15,39.83,-22.82,-2.21
1,14,1.5,0.6,1.2,19,39.91,-20.91,-1.98
1,14,1.5,0.6,1.5,3,40.45,-17.06,-1.54
1,14,1.5,0.6,1.5,7,40.22,-20.09,-1.89
1,14,1.5,0.6,1.5,11,40.06,-22.06,-2.12
1,14,1.5,0.6,1.5,15,39.83,-22.82,-2.21
1,14,1.5,0.6,1.5,19,39.91,-20.91,-1.98
1,14,1.5,0.6,1.8,3,40.45,-17.06,-1.54
1,14,1.5,0.6,1.8,7,40.22,-20.09,-1.89
1,14,1.5,0.6,1.8,11,40.06,-22.06,-2.12
1,14,1.5,0.6,1.8,15,39.83,-22.82,-2.21
1,14,1.5,0.6,1.8,19,39.91,-20.91,-1.98
1,14,1.5,0.6,2.1,3,40.45,-17.06,-1.54
1,14,1.5,0.6,2.1,7,40.22,-20.09,-1.89
1,14,1.5,0.6,2.1,11,40.06,-22.06,-2.12
1,14,1.5,0.6,2.1,15,39.83,-22.82,-2.21
1,14,1.5,0.6,2.1,19,39.91,-20.91,-1.98
1,14,1.5,0.9,0.0,3,35.65,-11.21,-0.83
1,14,1.5,0.9,0.0,7,36.19,-10.0,-0.75
1,14,1.5,0.9,0.0,11,35.65,-11.91,-0.93
1,14,1.5,0.9,0.0,15,34.96,-12.69,-1.0
1,14,1.5,0.9,0.0,19,34.57,-13.32,-1.05
1,14,1.5,0.9,0.3,3,35.65,-11.21,-0.83
1,14,1.5,0.9,0.3,7,36.19,-10.0,-0.75
1,14,1.5,0.9,0.3,11,35.65,-11.91,-0.93
1,14,1.5,0.9,0.3,15,34.96,-12.6,-0.99
1,14,1.5,0.9,0.3,19,34.57,-13.23,-1.04
1,14,1.5,0.9,0.6,3,35.65,-11.21,-0.83
1,14,1.5,0.9,0.6,7,36.19,-10.0,-0.75
1,14,1.5,0.9,0.6,11,35.65,-11.91,-0.93
1,14,1.5,0.9,0.6,15,34.96,-12.6,-0.99
1,14,1.5,0.9,0.6,19,34.57,-13.23,-1.04
1,14,1.5,0.9,0.9,3,35.65,-11.21,-0.83
1,14,1.5,0.9,0.9,7,36.19,-10.0,-0.75
1,14,1.5,0.9,0.9,11,35.65,-11.91,-0.93
1,14,1.5,0.9,0.9,15,34.96,-12.6,-0.99
1,14,1.5,0.9,0.9,19,34.57,-13.23,-1.04
1,14,1.5,0.9,1.2,3,35.65,-11.21,-0.83
1,14,1.5,0.9,1.2,7,36.19,-10.0,-0.75
1,14,1.5,0.9,1.2,11,35.65,-11.91,-0.93
1,14,1.5,0.9,1.2,15,34.96,-12.6,-0.99
1,14,1.5,0.9,1.2,19,34.57,-13.23,-1.04
1,14,1.5,0.9,1.5,3,35.65,-11.21,-0.83
1,14,1.5,0.9,1.5,7,36.19,-10.0,-0.75
1,14,1.5,0.9,1.5,11,35.65,-11.91,-0.93
1,14,1.5,0.9,1.5,15,34.96,-12.6,-0.99
1,14,1.5,0.9,1.5,19,34.57,-13.23,-1.04
1,14,1.5,0.9,1.8,3,35.65,-11.21,-0.83
1,14,1.5,0.9,1.8,7,36.19,-10.0,-0.75
1,14,1.5,0.9,1.8,11,35.65,-11.91,-0.93
1,14,1.5,0.9,1.8,15,34.96,-12.6,-0.99
1,14,1.5,0.9,1.8,19,34.57,-13.23,-1.04
1,14,1.5,0.9,2.1,3,35.65,-11.21,-0.83
1,14,1.5,0.9,2.1,7,36.19,-10.0,-0.75
1,14,1.5,0.9,2.1,11,35.65,-11.91,-0.93
1,14,1.5,0.9,2.1,15,34.96,-12.6,-0.99
1,14,1.5,0.9,2.1,19,34.57,-13.23,-1.04
1,14,1.5,1.2,0.0,3,32.41,-12.58,-0.9
1,14,1.5,1.2,0.0,7,32.17,-13.46,-1.01
1,14,1.5,1.2,0.0,11,32.02,-15.69,-1.22
1,14,1.5,1.2,0.0,15,32.1,-14.76,-1.14
1,14,1.5,1.2,0.0,19,31.94,-10.48,-0.75
1,14,1.5,1.2,0.3,3,32.41,-12.05,-0.86
1,14,1.5,1.2,0.3,7,32.17,-13.09,-0.98
1,14,1.5,1.2,0.3,11,31.94,-15.97,-1.25
1,14,1.5,1.2,0.3,15,32.02,-15.01,-1.16
1,14,1.5,1.2,0.3,19,31.86,-11.03,-0.8
1,14,1.5,1.2,0.6,3,32.41,-12.05,-0.86
1,14,1.5,1.2,0.6,7,32.17,-13.09,-0.98
1,14,1.5,1.2,0.6,11,31.94,-15.97,-1.25
1,14,1.5,1.2,0.6,15,32.02,-15.01,-1.16
1,14,1.5,1.2,0.6,19,31.86,-11.03,-0.8
1,14,1.5,1.2,0.9,3,32.41,-12.05,-0.86
1,14,1.5,1.2,0.9,7,32.17,-13.09,-0.98
1,14,1.5,1.2,0.9,11,31.94,-15.97,-1.25
1,14,1.5,1.2,0.9,15,32.02,-15.01,-1.16
1,14,1.5,1.2,0.9,19,31.86,-11.03,-0.8
1,14,1.5,1.2,1.2,3,32.41,-12.05,-0.86
1,14,1.5,1.2,1.2,7,32.17,-13.09,-0.98
1,14,1.5,1.2,1.2,11,31.94,-15.97,-1.25
1,14,1.5,1.2,1.2,15,32.02,-15.01,-1.16
1,14,1.5,1.2,1.2,19,31.86,-11.03,-0.8
1,14,1.5,1.2,1.5,3,32.41,-12.05,-0.86
1,14,1.5,1.2,1.5,7,32.17,-13.09,-0.98
1,14,1.5,1.2,1.5,11,31.94,-15.97,-1.25
1,14,1.5,1.2,1.5,15,32.02,-15.01,-1.16
1,14,1.5,1.2,1.5,19,31.86,-11.03,-0.8
1,14,1.5,1.2,1.8,3,32.41,-12.05,-0.86
1,14,1.5,1.2,1.8,7,32.17,-13.09,-0.98
1,14,1.5,1.2,1.8,11,31.94,-15.97,-1.25
1,14,1.5,1.2,1.8,15,32.02,-15.01,-1.16
1,14,1.5,1.2,1.8,19,31.86,-11.03,-0.8
1,14,1.5,1.2,2.1,3,32.41,-12.05,-0.86
1,14,1.5,1.2,2.1,7,32.17,-13.09,-0.98
1,14,1.5,1.2,2.1,11,31.94,-15.97,-1.25
1,14,1.5,1.2,2.1,15,32.02,-15.01,-1.16
1,14,1.5,1.2,2.1,19,31.86,-11.03,-0.8
1,14,1.5,1.5,0.0,3,30.24,-12.43,-0.85
1,14,1.5,1.5,0.0,7,29.85,-11.89,-0.81
1,14,1.5,1.5,0.0,11,29.62,-13.76,-0.99
1,14,1.5,1.5,0.0,15,29.62,-12.3,-0.87
1,14,1.5,1.5,0.0,19,29.54,-10.33,-0.7
1,14,1.5,1.5,0.3,3,30.24,-11.81,-0.79
1,14,1.5,1.5,0.3,7,29.62,-13.24,-0.93
1,14,1.5,1.5,0.3,11,29.47,-15.06,-1.1
1,14,1.5,1.5,0.3,15,29.54,-12.39,-0.88
1,14,1.5,1.5,0.3,19,29.47,-10.64,-0.72
1,14,1.5,1.5,0.6,3,30.24,-11.81,-0.79
1,14,1.5,1.5,0.6,7,29.62,-13.24,-0.93
1,14,1.5,1.5,0.6,11,29.47,-15.06,-1.1
1,14,1.5,1.5,0.6,15,29.54,-12.39,-0.88
1,14,1.5,1.5,0.6,19,29.47,-10.64,-0.72
1,14,1.5,1.5,0.9,3,30.24,-11.81,-0.79
1,14,1.5,1.5,0.9,7,29.62,-13.24,-0.93
1,14,1.5,1.5,0.9,11,29.47,-15.06,-1.1
1,14,1.5,1.5,0.9,15,29.54,-12.39,-0.88
1,14,1.5,1.5,0.9,19,29.47,-10.64,-0.72
1,14,1.5,1.5,1.2,3,30.24,-11.81,-0.79
1,14,1.5,1.5,1.2,7,29.62,-13.24,-0.93
1,14,1.5,1.5,1.2,11,29.47,-15.06,-1.1
1,14,1.5,1.5,1.2,15,29.54,-12.39,-0.88
1,14,1.5,1.5,1.2,19,29.47,-10.64,-0.72
1,14,1.5,1.5,1.5,3,30.24,-11.81,-0.79
1,14,1.5,1.5,1.5,7,29.62,-13.24,-0.93
1,14,1.5,1.5,1.5,11,29.47,-15.06,-1.1
1,14,1.5,1.5,1.5,15,29.54,-12.39,-0.88
1,14,1.5,1.5,1.5,19,29.47,-10.64,-0.72
1,14,1.5,1.5,1.8,3,30.24,-11.81,-0.79
1,14,1.5,1.5,1.8,7,29.62,-13.24,-0.93
1,14,1.5,1.5,1.8,11,29.47,-15.06,-1.1
1,14,1.5,1.5,1.8,15,29.54,-12.39,-0.88
1,14,1.5,1.5,1.8,19,29.47,-10.64,-0.72
1,14,1.5,1.5,2.1,3,30.24,-11.81,-0.79
1,14,1.5,1.5,2.1,7,29.62,-13.24,-0.93
1,14,1.5,1.5,2.1,11,29.47,-15.06,-1.1
1,14,1.5,1.5,2.1,15,29.54,-12.39,-0.88
1,14,1.5,1.5,2.1,19,29.47,-10.64,-0.72
1,14,1.5,1.8,0.0,3,29.08,-5.05,-0.24
1,14,1.5,1.8,0.0,7,28.92,-4.47,-0.2
1,14,1.5,1.8,0.0,11,28.46,-9.24,-0.57
1,14,1.5,1.8,0.0,15,28.38,-12.66,-0.86
1,14,1.5,1.8,0.0,19,28.46,-12.63,-0.86
1,14,1.5,1.8,0.3,3,29.16,-5.08,-0.24
1,14,1.5,1.8,0.3,7,28.77,-5.8,-0.3
1,14,1.5,1.8,0.3,11,28.31,-10.71,-0.69
1,14,1.5,1.8,0.3,15,28.15,-14.45,-1.02
1,14,1.5,1.8,0.3,19,28.15,-14.02,-0.98
1,14,1.5,1.8,0.6,3,29.16,-5.08,-0.24
1,14,1.5,1.8,0.6,7,28.77,-5.8,-0.3
1,14,1.5,1.8,0.6,11,28.31,-10.71,-0.69
1,14,1.5,1.8,0.6,15,28.15,-14.45,-1.02
1,14,1.5,1.8,0.6,19,28.15,-14.02,-0.98
1,14,1.5,1.8,0.9,3,29.16,-5.08,-0.24
1,14,1.5,1.8,0.9,7,28.77,-5.8,-0.3
1,14,1.5,1.8,0.9,11,28.31,-10.71,-0.69
1,14,1.5,1.8,0.9,15,28.15,-14.45,-1.02
1,14,1.5,1.8,0.9,19,28.15,-14.02,-0.98
1,14,1.5,1.8,1.2,3,29.16,-5.08,-0.24
1,14,1.5,1.8,1.2,7,28.77,-5.8,-0.3
1,14,1.5,1.8,1.2,11,28.31,-10.71,-0.69
1,14,1.5,1.8,1.2,15,28.15,-14.45,-1.02
1,14,1.5,1.8,1.2,19,28.15,-14.02,-0.98
1,14,1.5,1.8,1.5,3,29.16,-5.08,-0.24
1,14,1.5,1.8,1.5,7,28.77,-5.8,-0.3
1,14,1.5,1.8,1.5,11,28.31,-10.71,-0.69
1,14,1.5,1.8,1.5,15,28.15,-14.45,-1.02
1,14,1.5,1.8,1.5,19,28.15,-14.02,-0.98
1,14,1.5,1.8,1.8,3,29.16,-5.08,-0.24
1,14,1.5,1.8,1.8,7,28.77,-5.8,-0.3
1,14,1.5,1.8,1.8,11,28.31,-10.71,-0.69
1,14,1.5,1.8,1.8,15,28.15,-14.45,-1.02
1,14,1.5,1.8,1.8,19,28.15,-14.02,-0.98
1,14,1.5,1.8,2.1,3,29.16,-5.08,-0.24
1,14,1.5,1.8,2.1,7,28.77,-5.8,-0.3
1,14,1.5,1.8,2.1,11,28.31,-10.71,-0.69
1,14,1.5,1.8,2.1,15,28.15,-14.45,-1.02
1,14,1.5,1.8,2.1,19,28.15,-14.02,-0.98
1,14,1.5,2.1,0.0,3,28.23,-3.27,-0.1
1,14,1.5,2.1,0.0,7,27.94,-6.04,-0.31
1,14,1.5,2.1,0.0,11,27.94,-6.47,-0.35
1,14,1.5,2.1,0.0,15,27.71,-9.67,-0.6
1,14,1.5,2.1,0.0,19,27.63,-8.31,-0.49
1,14,1.5,2.1,0.3,3,28.46,-2.28,-0.03
1,14,1.5,2.1,0.3,7,28.17,-5.25,-0.25
1,14,1.5,2.1,0.3,11,27.94,-7.43,-0.42
1,14,1.5,2.1,0.3,15,27.71,-10.75,-0.69
1,14,1.5,2.1,0.3,19,27.63,-10.84,-0.69
1,14,1.5,2.1,0.6,3,28.46,-2.28,-0.03
1,14,1.5,2.1,0.6,7,28.17,-5.25,-0.25
1,14,1.5,2.1,0.6,11,27.94,-7.43,-0.42
1,14,1.5,2.1,0.6,15,27.71,-10.75,-0.69
1,14,1.5,2.1,0.6,19,27.63,-10.84,-0.69
1,14,1.5,2.1,0.9,3,28.46,-2.28,-0.03
1,14,1.5,2.1,0.9,7,28.17,-5.25,-0.25
1,14,1.5,2.1,0.9,11,27.94,-7.43,-0.42
1,14,1.5,2.1,0.9,15,27.71,-10.75,-0.69
1,14,1.5,2.1,0.9,19,27.63,-10.84,-0.69
1,14,1.5,2.1,1.2,3,28.46,-2.28,-0.03
1,14,1.5,2.1,1.2,7,28.17,-5.25,-0.25
1,14,1.5,2.1,1.2,11,27.94,-7.43,-0.42
1,14,1.5,2.1,1.2,15,27.71,-10.75,-0.69
1,14,1.5,2.1,1.2,19,27.63,-10.84,-0.69
1,14,1.5,2.1,1.5,3,28.46,-2.28,-0.03
1,14,1.5,2.1,1.5,7,28.17,-5.25,-0.25
1,14,1.5,2.1,1.5,11,27.94,-7.43,-0.42
1,14,1.5,2.1,1.5,15,27.71,-10.75,-0.69
1,14,1.5,2.1,1.5,19,27.63,-10.84,-0.69
1,14,1.5,2.1,1.8,3,28.46,-2.28,-0.03
1,14,1.5,2.1,1.8,7,28.17,-5.25,-0.25
1,14,1.5,2.1,1.8,11,27.94,-7.43,-0.42
1,14,1.5,2.1,1.8,15,27.71,-10.75,-0.69
1,14,1.5,2.1,1.8,19,27.63,-10.84,-0.69
1,14,1.5,2.1,2.1,3,28.46,-2.28,-0.03
1,14,1.5,2.1,2.1,7,28.17,-5.25,-0.25
1,14,1.5,2.1,2.1,11,27.94,-7.43,-0.42
1,14,1.5,2.1,2.1,15,27.71,-10.75,-0.69
1,14,1.5,2.1,2.1,19,27.63,-10.84,-0.69
1,14,1.8,0.0,0.0,3,57.39,-20.5,-2.37
1,14,1.8,0.0,0.0,7,57.39,-20.5,-2.37
1,14,1.8,0.0,0.0,11,57.31,-22.28,-2.63
1,14,1.8,0.0,0.0,15,57.31,-22.04,-2.6
1,14,1.8,0.0,0.0,19,57.23,-21.76,-2.55
1,14,1.8,0.0,0.3,3,57.39,-20.5,-2.37
1,14,1.8,0.0,0.3,7,57.39,-20.5,-2.37
1,14,1.8,0.0,0.3,11,57.31,-22.28,-2.63
1,14,1.8,0.0,0.3,15,57.31,-22.04,-2.6
1,14,1.8,0.0,0.3,19,57.23,-21.76,-2.55
1,14,1.8,0.0,0.6,3,57.39,-20.5,-2.37
1,14,1.8,0.0,0.6,7,57.39,-20.5,-2.37
1,14,1.8,0.0,0.6,11,57.31,-22.28,-2.63
1,14,1.8,0.0,0.6,15,57.31,-22.04,-2.6
1,14,1.8,0.0,0.6,19,57.23,-21.76,-2.55
1,14,1.8,0.0,0.9,3,57.39,-20.5,-2.37
1,14,1.8,0.0,0.9,7,57.39,-20.5,-2.37
1,14,1.8,0.0,0.9,11,57.31,-22.28,-2.63
1,14,1.8,0.0,0.9,15,57.31,-22.04,-2.6
1,14,1.8,0.0,0.9,19,57.23,-21.76,-2.55
1,14,1.8,0.0,1.2,3,57.39,-20.5,-2.37
1,14,1.8,0.0,1.2,7,57.39,-20.5,-2.37
1,14,1.8,0.0,1.2,11,57.31,-22.28,-2.63
1,14,1.8,0.0,1.2,15,57.31,-22.04,-2.6
1,14,1.8,0.0,1.2,19,57.23,-21.76,-2.55
1,14,1.8,0.0,1.5,3,57.39,-20.5,-2.37
1,14,1.8,0.0,1.5,7,57.39,-20.5,-2.37
1,14,1.8,0.0,1.5,11,57.31,-22.28,-2.63
1,14,1.8,0.0,1.5,15,57.31,-22.04,-2.6
1,14,1.8,0.0,1.5,19,57.23,-21.76,-2.55
1,14,1.8,0.0,1.8,3,57.39,-20.5,-2.37
1,14,1.8,0.0,1.8,7,57.39,-20.5,-2.37
1,14,1.8,0.0,1.8,11,57.31,-22.28,-2.63
1,14,1.8,0.0,1.8,15,57.31,-22.04,-2.6
1,14,1.8,0.0,1.8,19,57.23,-21.76,-2.55
1,14,1.8,0.0,2.1,3,57.39,-20.5,-2.37
1,14,1.8,0.0,2.1,7,57.39,-20.5,-2.37
1,14,1.8,0.0,2.1,11,57.31,-22.28,-2.63
1,14,1.8,0.0,2.1,15,57.31,-22.04,-2.6
1,14,1.8,0.0,2.1,19,57.23,-21.76,-2.55
1,14,1.8,0.3,0.0,3,47.18,-24.4,-2.54
1,14,1.8,0.3,0.0,7,46.87,-27.16,-2.92
1,14,1.8,0.3,0.0,11,46.95,-29.98,-3.33
1,14,1.8,0.3,0.0,15,47.1,-27.42,-2.98
1,14,1.8,0.3,0.0,19,47.18,-26.15,-2.81
1,14,1.8,0.3,0.3,3,47.18,-24.4,-2.54
1,14,1.8,0.3,0.3,7,46.87,-27.16,-2.92
1,14,1.8,0.3,0.3,11,46.95,-29.98,-3.33
1,14,1.8,0.3,0.3,15,47.1,-27.42,-2.98
1,14,1.8,0.3,0.3,19,47.18,-26.15,-2.81
1,14,1.8,0.3,0.6,3,47.18,-24.4,-2.54
1,14,1.8,0.3,0.6,7,46.87,-27.16,-2.92
1,14,1.8,0.3,0.6,11,46.95,-29.98,-3.33
1,14,1.8,0.3,0.6,15,47.1,-27.42,-2.98
1,14,1.8,0.3,0.6,19,47.18,-26.15,-2.81
1,14,1.8,0.3,0.9,3,47.18,-24.4,-2.54
1,14,1.8,0.3,0.9,7,46.87,-27.16,-2.92
1,14,1.8,0.3,0.9,11,46.95,-29.98,-3.33
1,14,1.8,0.3,0.9,15,47.1,-27.42,-2.98
1,14,1.8,0.3,0.9,19,47.18,-26.15,-2.81
1,14,1.8,0.3,1.2,3,47.18,-24.4,-2.54
1,14,1.8,0.3,1.2,7,46.87,-27.16,-2.92
1,14,1.8,0.3,1.2,11,46.95,-29.98,-3.33
1,14,1.8,0.3,1.2,15,47.1,-27.42,-2.98
1,14,1.8,0.3,1.2,19,47.18,-26.15,-2.81
1,14,1.8,0.3,1.5,3,47.18,-24.4,-2.54
1,14,1.8,0.3,1.5,7,46.87,-27.16,-2.92
1,14,1.8,0.3,1.5,11,46.95,-29.98,-3.33
1,14,1.8,0.3,1.5,15,47.1,-27.42,-2.98
1,14,1.8,0.3,1.5,19,47.18,-26.15,-2.81
1,14,1.8,0.3,1.8,3,47.18,-24.4,-2.54
1,14,1.8,0.3,1.8,7,46.87,-27.16,-2.92
1,14,1.8,0.3,1.8,11,46.95,-29.98,-3.33
1,14,1.8,0.3,1.8,15,47.1,-27.42,-2.98
1,14,1.8,0.3,1.8,19,47.18,-26.15,-2.81
1,14,1.8,0.3,2.1,3,47.18,-24.4,-2.54
1,14,1.8,0.3,2.1,7,46.87,-27.16,-2.92
1,14,1.8,0.3,2.1,11,46.95,-29.98,-3.33
1,14,1.8,0.3,2.1,15,47.1,-27.42,-2.98
1,14,1.8,0.3,2.1,19,47.18,-26.15,-2.81
1,14,1.8,0.6,0.0,3,40.45,-17.06,-1.54
1,14,1.8,0.6,0.0,7,40.29,-18.19,-1.68
1,14,1.8,0.6,0.0,11,40.14,-21.39,-2.04
1,14,1.8,0.6,0.0,15,39.91,-21.81,-2.09
1,14,1.8,0.6,0.0,19,39.98,-20.57,-1.94
1,14,1.8,0.6,0.3,3,40.45,-17.06,-1.54
1,14,1.8,0.6,0.3,7,40.29,-18.19,-1.68
1,14,1.8,0.6,0.3,11,40.14,-21.39,-2.04
1,14,1.8,0.6,0.3,15,39.91,-21.81,-2.09
1,14,1.8,0.6,0.3,19,39.98,-20.57,-1.94
1,14,1.8,0.6,0.6,3,40.45,-17.06,-1.54
1,14,1.8,0.6,0.6,7,40.29,-18.19,-1.68
1,14,1.8,0.6,0.6,11,40.14,-21.39,-2.04
1,14,1.8,0.6,0.6,15,39.91,-21.81,-2.09
1,14,1.8,0.6,0.6,19,39.98,-20.57,-1.94
1,14,1.8,0.6,0.9,3,40.45,-17.06,-1.54
1,14,1.8,0.6,0.9,7,40.29,-18.19,-1.68
1,14,1.8,0.6,0.9,11,40.14,-21.39,-2.04
1,14,1.8,0.6,0.9,15,39.91,-21.81,-2.09
1,14,1.8,0.6,0.9,19,39.98,-20.57,-1.94
1,14,1.8,0.6,1.2,3,40.45,-17.06,-1.54
1,14,1.8,0.6,1.2,7,40.29,-18.19,-1.68
1,14,1.8,0.6,1.2,11,40.14,-21.39,-2.04
1,14,1.8,0.6,1.2,15,39.91,-21.81,-2.09
1,14,1.8,0.6,1.2,19,39.98,-20.57,-1.94
1,14,1.8,0.6,1.5,3,40.45,-17.06,-1.54
1,14,1.8,0.6,1.5,7,40.29,-18.19,-1.68
1,14,1.8,0.6,1.5,11,40.14,-21.39,-2.04
1,14,1.8,0.6,1.5,15,39.91,-21.81,-2.09
1,14,1.8,0.6,1.5,19,39.98,-20.57,-1.94
1,14,1.8,0.6,1.8,3,40.45,-17.06,-1.54
1,14,1.8,0.6,1.8,7,40.29,-18.19,-1.68
1,14,1.8,0.6,1.8,11,40.14,-21.39,-2.04
1,14,1.8,0.6,1.8,15,39.91,-21.81,-2.09
1,14,1.8,0.6,1.8,19,39.98,-20.57,-1.94
1,14,1.8,0.6,2.1,3,40.45,-17.06,-1.54
1,14,1.8,0.6,2.1,7,40.29,-18.19,-1.68
1,14,1.8,0.6,2.1,11,40.14,-21.39,-2.04
1,14,1.8,0.6,2.1,15,39.91,-21.81,-2.09
1,14,1.8,0.6,2.1,19,39.98,-20.57,-1.94
1,14,1.8,0.9,0.0,3,35.65,-11.21,-0.83
1,14,1.8,0.9,0.0,7,36.27,-7.86,-0.56
1,14,1.8,0.9,0.0,11,35.73,-10.79,-0.83
1,14,1.8,0.9,0.0,15,35.03,-11.1,-0.85
1,14,1.8,0.9,0.0,19,34.65,-12.49,-0.97
1,14,1.8,0.9,0.3,3,35.65,-11.21,-0.83
1,14,1.8,0.9,0.3,7,36.27,-7.86,-0.56
1,14,1.8,0.9,0.3,11,35.73,-10.79,-0.83
1,14,1.8,0.9,0.3,15,35.03,-11.1,-0.85
1,14,1.8,0.9,0.3,19,34.65,-12.49,-0.97
1,14,1.8,0.9,0.6,3,35.65,-11.21,-0.83
1,14,1.8,0.9,0.6,7,36.27,-7.86,-0.56
1,14,1.8,0.9,0.6,11,35.73,-10.79,-0.83
1,14,1.8,0.9,0.6,15,35.03,-11.1,-0.85
1,14,1.8,0.9,0.6,19,34.65,-12.49,-0.97
1,14,1.8,0.9,0.9,3,35.65,-11.21,-0.83
1,14,1.8,0.9,0.9,7,36.27,-7.86,-0.56
1,14,1.8,0.9,0.9,11,35.73,-10.79,-0.83
1,14,1.8,0.9,0.9,15,35.03,-11.1,-0.85
1,14,1.8,0.9,0.9,19,34.65,-12.49,-0.97
1,14,1.8,0.9,1.2,3,35.65,-11.21,-0.83
1,14,1.8,0.9,1.2,7,36.27,-7.86,-0.56
1,14,1.8,0.9,1.2,11,35.73,-10.79,-0.83
1,14,1.8,0.9,1.2,15,35.03,-11.1,-0.85
1,14,1.8,0.9,1.2,19,34.65,-12.49,-0.97
1,14,1.8,0.9,1.5,3,35.65,-11.21,-0.83
1,14,1.8,0.9,1.5,7,36.27,-7.86,-0.56
1,14,1.8,0.9,1.5,11,35.73,-10.79,-0.83
1,14,1.8,0.9,1.5,15,35.03,-11.1,-0.85
1,14,1.8,0.9,1.5,19,34.65,-12.49,-0.97
1,14,1.8,0.9,1.8,3,35.65,-11.21,-0.83
1,14,1.8,0.9,1.8,7,36.27,-7.86,-0.56
1,14,1.8,0.9,1.8,11,35.73,-10.79,-0.83
1,14,1.8,0.9,1.8,15,35.03,-11.1,-0.85
1,14,1.8,0.9,1.8,19,34.65,-12.49,-0.97
1,14,1.8,0.9,2.1,3,35.65,-11.21,-0.83
1,14,1.8,0.9,2.1,7,36.27,-7.86,-0.56
1,14,1.8,0.9,2.1,11,35.73,-10.79,-0.83
1,14,1.8,0.9,2.1,15,35.03,-11.1,-0.85
1,14,1.8,0.9,2.1,19,34.65,-12.49,-0.97
1,14,1.8,1.2,0.0,3,32.41,-12.58,-0.9
1,14,1.8,1.2,0.0,7,32.25,-11.4,-0.82
1,14,1.8,1.2,0.0,11,32.1,-14.61,-1.12
1,14,1.8,1.2,0.0,15,32.17,-13.21,-1.0
1,14,1.8,1.2,0.0,19,32.02,-9.62,-0.67
1,14,1.8,1.2,0.3,3,32.41,-12.5,-0.9
1,14,1.8,1.2,0.3,7,32.25,-11.4,-0.82
1,14,1.8,1.2,0.3,11,32.1,-14.61,-1.12
1,14,1.8,1.2,0.3,15,32.17,-13.21,-1.0
1,14,1.8,1.2,0.3,19,32.02,-9.62,-0.67
1,14,1.8,1.2,0.6,3,32.41,-12.5,-0.9
1,14,1.8,1.2,0.6,7,32.25,-11.4,-0.82
1,14,1.8,1.2,0.6,11,32.1,-14.61,-1.12
1,14,1.8,1.2,0.6,15,32.17,-13.21,-1.0
1,14,1.8,1.2,0.6,19,32.02,-9.62,-0.67
1,14,1.8,1.2,0.9,3,32.41,-12.5,-0.9
1,14,1.8,1.2,0.9,7,32.25,-11.4,-0.82
1,14,1.8,1.2,0.9,11,32.1,-14.61,-1.12
1,14,1.8,1.2,0.9,15,32.17,-13.21,-1.0
1,14,1.8,1.2,0.9,19,32.02,-9.62,-0.67
1,14,1.8,1.2,1.2,3,32.41,-12.5,-0.9
1,14,1.8,1.2,1.2,7,32.25,-11.4,-0.82
1,14,1.8,1.2,1.2,11,32.1,-14.61,-1.12
1,14,1.8,1.2,1.2,15,32.17,-13.21,-1.0
1,14,1.8,1.2,1.2,19,32.02,-9.62,-0.67
1,14,1.8,1.2,1.5,3,32.41,-12.5,-0.9
1,14,1.8,1.2,1.5,7,32.25,-11.4,-0.82
1,14,1.8,1.2,1.5,11,32.1,-14.61,-1.12
1,14,1.8,1.2,1.5,15,32.17,-13.21,-1.0
1,14,1.8,1.2,1.5,19,32.02,-9.62,-0.67
1,14,1.8,1.2,1.8,3,32.41,-12.5,-0.9
1,14,1.8,1.2,1.8,7,32.25,-11.4,-0.82
1,14,1.8,1.2,1.8,11,32.1,-14.61,-1.12
1,14,1.8,1.2,1.8,15,32.17,-13.21,-1.0
1,14,1.8,1.2,1.8,19,32.02,-9.62,-0.67
1,14,1.8,1.2,2.1,3,32.41,-12.5,-0.9
1,14,1.8,1.2,2.1,7,32.25,-11.4,-0.82
1,14,1.8,1.2,2.1,11,32.1,-14.61,-1.12
1,14,1.8,1.2,2.1,15,32.17,-13.21,-1.0
1,14,1.8,1.2,2.1,19,32.02,-9.62,-0.67
1,14,1.8,1.5,0.0,3,30.24,-12.43,-0.85
1,14,1.8,1.5,0.0,7,29.93,-9.63,-0.62
1,14,1.8,1.5,0.0,11,29.7,-12.66,-0.89
1,14,1.8,1.5,0.0,15,29.7,-10.7,-0.73
1,14,1.8,1.5,0.0,19,29.62,-9.47,-0.62
1,14,1.8,1.5,0.3,3,30.24,-12.35,-0.84
1,14,1.8,1.5,0.3,7,29.85,-10.03,-0.66
1,14,1.8,1.5,0.3,11,29.62,-13.38,-0.95
1,14,1.8,1.5,0.3,15,29.7,-10.68,-0.73
1,14,1.8,1.5,0.3,19,29.62,-9.38,-0.61
1,14,1.8,1.5,0.6,3,30.24,-12.35,-0.84
1,14,1.8,1.5,0.6,7,29.85,-10.03,-0.66
1,14,1.8,1.5,0.6,11,29.62,-13.38,-0.95
1,14,1.8,1.5,0.6,15,29.7,-10.68,-0.73
1,14,1.8,1.5,0.6,19,29.62,-9.38,-0.61
1,14,1.8,1.5,0.9,3,30.24,-12.35,-0.84
1,14,1.8,1.5,0.9,7,29.85,-10.03,-0.66
1,14,1.8,1.5,0.9,11,29.62,-13.38,-0.95
1,14,1.8,1.5,0.9,15,29.7,-10.68,-0.73
1,14,1.8,1.5,0.9,19,29.62,-9.38,-0.61
1,14,1.8,1.5,1.2,3,30.24,-12.35,-0.84
1,14,1.8,1.5,1.2,7,29.85,-10.03,-0.66
1,14,1.8,1.5,1.2,11,29.62,-13.38,-0.95
1,14,1.8,1.5,1.2,15,29.7,-10.68,-0.73
1,14,1.8,1.5,1.2,19,29.62,-9.38,-0.61
1,14,1.8,1.5,1.5,3,30.24,-12.35,-0.84
1,14,1.8,1.5,1.5,7,29.85,-10.03,-0.66
1,14,1.8,1.5,1.5,11,29.62,-13.38,-0.95
1,14,1.8,1.5,1.5,15,29.7,-10.68,-0.73
1,14,1.8,1.5,1.5,19,29.62,-9.38,-0.61
1,14,1.8,1.5,1.8,3,30.24,-12.35,-0.84
1,14,1.8,1.5,1.8,7,29.85,-10.03,-0.66
1,14,1.8,1.5,1.8,11,29.62,-13.38,-0.95
1,14,1.8,1.5,1.8,15,29.7,-10.68,-0.73
1,14,1.8,1.5,1.8,19,29.62,-9.38,-0.61
1,14,1.8,1.5,2.1,3,30.24,-12.35,-0.84
1,14,1.8,1.5,2.1,7,29.85,-10.03,-0.66
1,14,1.8,1.5,2.1,11,29.62,-13.38,-0.95
1,14,1.8,1.5,2.1,15,29.7,-10.68,-0.73
1,14,1.8,1.5,2.1,19,29.62,-9.38,-0.61
1,14,1.8,1.8,0.0,3,29.08,-5.05,-0.24
1,14,1.8,1.8,0.0,7,29.0,-2.36,-0.04
1,14,1.8,1.8,0.0,11,28.54,-8.08,-0.48
1,14,1.8,1.8,0.0,15,28.46,-11.07,-0.73
1,14,1.8,1.8,0.0,19,28.54,-11.8,-0.79
1,14,1.8,1.8,0.3,3,29.0,-5.48,-0.27
1,14,1.8,1.8,0.3,7,28.92,-2.78,-0.07
1,14,1.8,1.8,0.3,11,28.38,-9.57,-0.6
1,14,1.8,1.8,0.3,15,28.31,-12.17,-0.82
1,14,1.8,1.8,0.3,19,28.38,-12.7,-0.87
1,14,1.8,1.8,0.6,3,29.0,-5.48,-0.27
1,14,1.8,1.8,0.6,7,28.92,-2.78,-0.07
1,14,1.8,1.8,0.6,11,28.38,-9.57,-0.6
1,14,1.8,1.8,0.6,15,28.31,-12.17,-0.82
1,14,1.8,1.8,0.6,19,28.38,-12.7,-0.87
1,14,1.8,1.8,0.9,3,29.0,-5.48,-0.27
1,14,1.8,1.8,0.9,7,28.92,-2.78,-0.07
1,14,1.8,1.8,0.9,11,28.38,-9.57,-0.6
1,14,1.8,1.8,0.9,15,28.31,-12.17,-0.82
1,14,1.8,1.8,0.9,19,28.38,-12.7,-0.87
1,14,1.8,1.8,1.2,3,29.0,-5.48,-0.27
1,14,1.8,1.8,1.2,7,28.92,-2.78,-0.07
1,14,1.8,1.8,1.2,11,28.38,-9.57,-0.6
1,14,1.8,1.8,1.2,15,28.31,-12.17,-0.82
1,14,1.8,1.8,1.2,19,28.38,-12.7,-0.87
1,14,1.8,1.8,1.5,3,29.0,-5.48,-0.27
1,14,1.8,1.8,1.5,7,28.92,-2.78,-0.07
1,14,1.8,1.8,1.5,11,28.38,-9.57,-0.6
1,14,1.8,1.8,1.5,15,28.31,-12.17,-0.82
1,14,1.8,1.8,1.5,19,28.38,-12.7,-0.87
1,14,1.8,1.8,1.8,3,29.0,-5.48,-0.27
1,14,1.8,1.8,1.8,7,28.92,-2.78,-0.07
1,14,1.8,1.8,1.8,11,28.38,-9.57,-0.6
1,14,1.8,1.8,1.8,15,28.31,-12.17,-0.82
1,14,1.8,1.8,1.8,19,28.38,-12.7,-0.87
1,14,1.8,1.8,2.1,3,29.0,-5.48,-0.27
1,14,1.8,1.8,2.1,7,28.92,-2.78,-0.07
1,14,1.8,1.8,2.1,11,28.38,-9.57,-0.6
1,14,1.8,1.8,2.1,15,28.31,-12.17,-0.82
1,14,1.8,1.8,2.1,19,28.38,-12.7,-0.87
1,14,1.8,2.1,0.0,3,28.23,-3.27,-0.1
1,14,1.8,2.1,0.0,7,28.02,-3.96,-0.15
1,14,1.8,2.1,0.0,11,28.02,-5.28,-0.26
1,14,1.8,2.1,0.0,15,27.79,-8.03,-0.47
1,14,1.8,2.1,0.0,19,27.71,-7.44,-0.42
1,14,1.8,2.1,0.3,3,28.07,-3.96,-0.15
1,14,1.8,2.1,0.3,7,28.02,-4.28,-0.18
1,14,1.8,2.1,0.3,11,27.86,-7.0,-0.39
1,14,1.8,2.1,0.3,15,27.71,-9.0,-0.54
1,14,1.8,2.1,0.3,19,27.63,-8.32,-0.49
1,14,1.8,2.1,0.6,3,28.07,-3.96,-0.15
1,14,1.8,2.1,0.6,7,28.02,-4.28,-0.18
1,14,1.8,2.1,0.6,11,27.86,-7.0,-0.39
1,14,1.8,2.1,0.6,15,27.71,-9.0,-0.54
1,14,1.8,2.1,0.6,19,27.63,-8.32,-0.49
1,14,1.8,2.1,0.9,3,28.07,-3.96,-0.15
1,14,1.8,2.1,0.9,7,28.02,-4.28,-0.18
1,14,1.8,2.1,0.9,11,27.86,-7.0,-0.39
1,14,1.8,2.1,0.9,15,27.71,-9.0,-0.54
1,14,1.8,2.1,0.9,19,27.63,-8.32,-0.49
1,14,1.8,2.1,1.2,3,28.07,-3.96,-0.15
1,14,1.8,2.1,1.2,7,28.02,-4.28,-0.18
1,14,1.8,2.1,1.2,11,27.86,-7.0,-0.39
1,14,1.8,2.1,1.2,15,27.71,-9.0,-0.54
1,14,1.8,2.1,1.2,19,27.63,-8.32,-0.49
1,14,1.8,2.1,1.5,3,28.07,-3.96,-0.15
1,14,1.8,2.1,1.5,7,28.02,-4.28,-0.18
1,14,1.8,2.1,1.5,11,27.86,-7.0,-0.39
1,14,1.8,2.1,1.5,15,27.71,-9.0,-0.54
1,14,1.8,2.1,1.5,19,27.63,-8.32,-0.49
1,14,1.8,2.1,1.8,3,28.07,-3.96,-0.15
1,14,1.8,2.1,1.8,7,28.02,-4.28,-0.18
1,14,1.8,2.1,1.8,11,27.86,-7.0,-0.39
1,14,1.8,2.1,1.8,15,27.71,-9.0,-0.54
1,14,1.8,2.1,1.8,19,27.63,-8.32,-0.49
1,14,1.8,2.1,2.1,3,28.07,-3.96,-0.15
1,14,1.8,2.1,2.1,7,28.02,-4.28,-0.18
1,14,1.8,2.1,2.1,11,27.86,-7.0,-0.39
1,14,1.8,2.1,2.1,15,27.71,-9.0,-0.54
1,14,1.8,2.1,2.1,19,27.63,-8.32,-0.49
1,14,2.1,0.0,0.0,3,57.39,-20.5,-2.37
1,14,2.1,0.0,0.0,7,57.39,-20.5,-2.37
1,14,2.1,0.0,0.0,11,57.39,-20.5,-2.37
1,14,2.1,0.0,0.0,15,57.31,-22.28,-2.63
1,14,2.1,0.0,0.0,19,57.31,-21.31,-2.49
1,14,2.1,0.0,0.3,3,57.39,-20.5,-2.37
1,14,2.1,0.0,0.3,7,57.39,-20.5,-2.37
1,14,2.1,0.0,0.3,11,57.39,-20.5,-2.37
1,14,2.1,0.0,0.3,15,57.31,-22.28,-2.63
1,14,2.1,0.0,0.3,19,57.31,-21.31,-2.49
1,14,2.1,0.0,0.6,3,57.39,-20.5,-2.37
1,14,2.1,0.0,0.6,7,57.39,-20.5,-2.37
1,14,2.1,0.0,0.6,11,57.39,-20.5,-2.37
1,14,2.1,0.0,0.6,15,57.31,-22.28,-2.63
1,14,2.1,0.0,0.6,19,57.31,-21.31,-2.49
1,14,2.1,0.0,0.9,3,57.39,-20.5,-2.37
1,14,2.1,0.0,0.9,7,57.39,-20.5,-2.37
1,14,2.1,0.0,0.9,11,57.39,-20.5,-2.37
1,14,2.1,0.0,0.9,15,57.31,-22.28,-2.63
1,14,2.1,0.0,0.9,19,57.31,-21.31,-2.49
1,14,2.1,0.0,1.2,3,57.39,-20.5,-2.37
1,14,2.1,0.0,1.2,7,57.39,-20.5,-2.37
1,14,2.1,0.0,1.2,11,57.39,-20.5,-2.37
1,14,2.1,0.0,1.2,15,57.31,-22.28,-2.63
1,14,2.1,0.0,1.2,19,57.31,-21.31,-2.49
1,14,2.1,0.0,1.5,3,57.39,-20.5,-2.37
1,14,2.1,0.0,1.5,7,57.39,-20.5,-2.37
1,14,2.1,0.0,1.5,11,57.39,-20.5,-2.37
1,14,2.1,0.0,1.5,15,57.31,-22.28,-2.63
1,14,2.1,0.0,1.5,19,57.31,-21.31,-2.49
1,14,2.1,0.0,1.8,3,57.39,-20.5,-2.37
1,14,2.1,0.0,1.8,7,57.39,-20.5,-2.37
1,14,2.1,0.0,1.8,11,57.39,-20.5,-2.37
1,14,2.1,0.0,1.8,15,57.31,-22.28,-2.63
1,14,2.1,0.0,1.8,19,57.31,-21.31,-2.49
1,14,2.1,0.0,2.1,3,57.39,-20.5,-2.37
1,14,2.1,0.0,2.1,7,57.39,-20.5,-2.37
1,14,2.1,0.0,2.1,11,57.39,-20.5,-2.37
1,14,2.1,0.0,2.1,15,57.31,-22.28,-2.63
1,14,2.1,0.0,2.1,19,57.31,-21.31,-2.49
1,14,2.1,0.3,0.0,3,47.18,-24.4,-2.54
1,14,2.1,0.3,0.0,7,46.87,-27.16,-2.92
1,14,2.1,0.3,0.0,11,47.02,-28.38,-3.1
1,14,2.1,0.3,0.0,15,47.1,-27.65,-3.01
1,14,2.1,0.3,0.0,19,47.18,-25.93,-2.78
1,14,2.1,0.3,0.3,3,47.18,-24.4,-2.54
1,14,2.1,0.3,0.3,7,46.87,-27.16,-2.92
1,14,2.1,0.3,0.3,11,47.02,-28.38,-3.1
1,14,2.1,0.3,0.3,15,47.1,-27.65,-3.01
1,14,2.1,0.3,0.3,19,47.18,-25.93,-2.78
1,14,2.1,0.3,0.6,3,47.18,-24.4,-2.54
1,14,2.1,0.3,0.6,7,46.87,-27.16,-2.92
1,14,2.1,0.3,0.6,11,47.02,-28.38,-3.1
1,14,2.1,0.3,0.6,15,47.1,-27.65,-3.01
1,14,2.1,0.3,0.6,19,47.18,-25.93,-2.78
1,14,2.1,0.3,0.9,3,47.18,-24.4,-2.54
1,14,2.1,0.3,0.9,7,46.87,-27.16,-2.92
1,14,2.1,0.3,0.9,11,47.02,-28.38,-3.1
1,14,2.1,0.3,0.9,15,47.1,-27.65,-3.01
1,14,2.1,0.3,0.9,19,47.18,-25.93,-2.78
1,14,2.1,0.3,1.2,3,47.18,-24.4,-2.54
1,14,2.1,0.3,1.2,7,46.87,-27.16,-2.92
1,14,2.1,0.3,1.2,11,47.02,-28.38,-3.1
1,14,2.1,0.3,1.2,15,47.1,-27.65,-3.01
1,14,2.1,0.3,1.2,19,47.18,-25.93,-2.78
1,14,2.1,0.3,1.5,3,47.18,-24.4,-2.54
1,14,2.1,0.3,1.5,7,46.87,-27.16,-2.92
1,14,2.1,0.3,1.5,11,47.02,-28.38,-3.1
1,14,2.1,0.3,1.5,15,47.1,-27.65,-3.01
1,14,2.1,0.3,1.5,19,47.18,-25.93,-2.78
1,14,2.1,0.3,1.8,3,47.18,-24.4,-2.54
1,14,2.1,0.3,1.8,7,46.87,-27.16,-2.92
1,14,2.1,0.3,1.8,11,47.02,-28.38,-3.1
1,14,2.1,0.3,1.8,15,47.1,-27.65,-3.01
1,14,2.1,0.3,1.8,19,47.18,-25.93,-2.78
1,14,2.1,0.3,2.1,3,47.18,-24.4,-2.54
1,14,2.1,0.3,2.1,7,46.87,-27.16,-2.92
1,14,2.1,0.3,2.1,11,47.02,-28.38,-3.1
1,14,2.1,0.3,2.1,15,47.1,-27.65,-3.01
1,14,2.1,0.3,2.1,19,47.18,-25.93,-2.78
1,14,2.1,0.6,0.0,3,40.45,-17.06,-1.54
1,14,2.1,0.6,0.0,7,40.29,-18.19,-1.68
1,14,2.1,0.6,0.0,11,40.22,-19.59,-1.83
1,14,2.1,0.6,0.0,15,39.91,-22.05,-2.11
1,14,2.1,0.6,0.0,19,39.98,-20.33,-1.91
1,14,2.1,0.6,0.3,3,40.45,-17.06,-1.54
1,14,2.1,0.6,0.3,7,40.29,-18.19,-1.68
1,14,2.1,0.6,0.3,11,40.22,-19.59,-1.83
1,14,2.1,0.6,0.3,15,39.91,-22.05,-2.11
1,14,2.1,0.6,0.3,19,39.98,-20.33,-1.91
1,14,2.1,0.6,0.6,3,40.45,-17.06,-1.54
1,14,2.1,0.6,0.6,7,40.29,-18.19,-1.68
1,14,2.1,0.6,0.6,11,40.22,-19.59,-1.83
1,14,2.1,0.6,0.6,15,39.91,-22.05,-2.11
1,14,2.1,0.6,0.6,19,39.98,-20.33,-1.91
1,14,2.1,0.6,0.9,3,40.45,-17.06,-1.54
1,14,2.1,0.6,0.9,7,40.29,-18.19,-1.68
1,14,2.1,0.6,0.9,11,40.22,-19.59,-1.83
1,14,2.1,0.6,0.9,15,39.91,-22.05,-2.11
1,14,2.1,0.6,0.9,19,39.98,-20.33,-1.91
1,14,2.1,0.6,1.2,3,40.45,-17.06,-1.54
1,14,2.1,0.6,1.2,7,40.29,-18.19,-1.68
1,14,2.1,0.6,1.2,11,40.22,-19.59,-1.83
1,14,2.1,0.6,1.2,15,39.91,-22.05,-2.11
1,14,2.1,0.6,1.2,19,39.98,-20.33,-1.91
1,14,2.1,0.6,1.5,3,40.45,-17.06,-1.54
1,14,2.1,0.6,1.5,7,40.29,-18.19,-1.68
1,14,2.1,0.6,1.5,11,40.22,-19.59,-1.83
1,14,2.1,0.6,1.5,15,39.91,-22.05,-2.11
1,14,2.1,0.6,1.5,19,39.98,-20.33,-1.91
1,14,2.1,0.6,1.8,3,40.45,-17.06,-1.54
1,14,2.1,0.6,1.8,7,40.29,-18.19,-1.68
1,14,2.1,0.6,1.8,11,40.22,-19.59,-1.83
1,14,2.1,0.6,1.8,15,39.91,-22.05,-2.11
1,14,2.1,0.6,1.8,19,39.98,-20.33,-1.91
1,14,2.1,0.6,2.1,3,40.45,-17.06,-1.54
1,14,2.1,0.6,2.1,7,40.29,-18.19,-1.68
1,14,2.1,0.6,2.1,11,40.22,-19.59,-1.83
1,14,2.1,0.6,2.1,15,39.91,-22.05,-2.11
1,14,2.1,0.6,2.1,19,39.98,-20.33,-1.91
1,14,2.1,0.9,0.0,3,35.65,-11.21,-0.83
1,14,2.1,0.9,0.0,7,36.27,-7.86,-0.56
1,14,2.1,0.9,0.0,11,35.81,-8.75,-0.64
1,14,2.1,0.9,0.0,15,35.03,-11.37,-0.87
1,14,2.1,0.9,0.0,19,34.65,-12.23,-0.95
1,14,2.1,0.9,0.3,3,35.65,-11.21,-0.83
1,14,2.1,0.9,0.3,7,36.27,-7.86,-0.56
1,14,2.1,0.9,0.3,11,35.81,-8.75,-0.64
1,14,2.1,0.9,0.3,15,35.03,-11.37,-0.87
1,14,2.1,0.9,0.3,19,34.65,-12.23,-0.95
1,14,2.1,0.9,0.6,3,35.65,-11.21,-0.83
1,14,2.1,0.9,0.6,7,36.27,-7.86,-0.56
1,14,2.1,0.9,0.6,11,35.81,-8.75,-0.64
1,14,2.1,0.9,0.6,15,35.03,-11.37,-0.87
1,14,2.1,0.9,0.6,19,34.65,-12.23,-0.95
1,14,2.1,0.9,0.9,3,35.65,-11.21,-0.83
1,14,2.1,0.9,0.9,7,36.27,-7.86,-0.56
1,14,2.1,0.9,0.9,11,35.81,-8.75,-0.64
1,14,2.1,0.9,0.9,15,35.03,-11.37,-0.87
1,14,2.1,0.9,0.9,19,34.65,-12.23,-0.95
1,14,2.1,0.9,1.2,3,35.65,-11.21,-0.83
1,14,2.1,0.9,1.2,7,36.27,-7.86,-0.56
1,14,2.1,0.9,1.2,11,35.81,-8.75,-0.64
1,14,2.1,0.9,1.2,15,35.03,-11.37,-0.87
1,14,2.1,0.9,1.2,19,34.65,-12.23,-0.95
1,14,2.1,0.9,1.5,3,35.65,-11.21,-0.83
1,14,2.1,0.9,1.5,7,36.27,-7.86,-0.56
1,14,2.1,0.9,1.5,11,35.81,-8.75,-0.64
1,14,2.1,0.9,1.5,15,35.03,-11.37,-0.87
1,14,2.1,0.9,1.5,19,34.65,-12.23,-0.95
1,14,2.1,0.9,1.8,3,35.65,-11.21,-0.83
1,14,2.1,0.9,1.8,7,36.27,-7.86,-0.56
1,14,2.1,0.9,1.8,11,35.81,-8.75,-0.64
1,14,2.1,0.9,1.8,15,35.03,-11.37,-0.87
1,14,2.1,0.9,1.8,19,34.65,-12.23,-0.95
1,14,2.1,0.9,2.1,3,35.65,-11.21,-0.83
1,14,2.1,0.9,2.1,7,36.27,-7.86,-0.56
1,14,2.1,0.9,2.1,11,35.81,-8.75,-0.64
1,14,2.1,0.9,2.1,15,35.03,-11.37,-0.87
1,14,2.1,0.9,2.1,19,34.65,-12.23,-0.95
1,14,2.1,1.2,0.0,3,32.41,-12.58,-0.9
1,14,2.1,1.2,0.0,7,32.25,-11.4,-0.82
1,14,2.1,1.2,0.0,11,32.17,-12.66,-0.94
1,14,2.1,1.2,0.0,15,32.17,-13.48,-1.02
1,14,2.1,1.2,0.0,19,32.02,-9.35,-0.65
1,14,2.1,1.2,0.3,3,32.41,-12.58,-0.9
1,14,2.1,1.2,0.3,7,32.25,-11.4,-0.82
1,14,2.1,1.2,0.3,11,32.17,-12.66,-0.94
1,14,2.1,1.2,0.3,15,32.17,-13.48,-1.02
1,14,2.1,1.2,0.3,19,32.02,-9.35,-0.65
1,14,2.1,1.2,0.6,3,32.41,-12.58,-0.9
1,14,2.1,1.2,0.6,7,32.25,-11.4,-0.82
1,14,2.1,1.2,0.6,11,32.17,-12.66,-0.94
1,14,2.1,1.2,0.6,15,32.17,-13.48,-1.02
1,14,2.1,1.2,0.6,19,32.02,-9.35,-0.65
1,14,2.1,1.2,0.9,3,32.41,-12.58,-0.9
1,14,2.1,1.2,0.9,7,32.25,-11.4,-0.82
1,14,2.1,1.2,0.9,11,32.17,-12.66,-0.94
1,14,2.1,1.2,0.9,15,32.17,-13.48,-1.02
1,14,2.1,1.2,0.9,19,32.02,-9.35,-0.65
1,14,2.1,1.2,1.2,3,32.41,-12.58,-0.9
1,14,2.1,1.2,1.2,7,32.25,-11.4,-0.82
1,14,2.1,1.2,1.2,11,32.17,-12.66,-0.94
1,14,2.1,1.2,1.2,15,32.17,-13.48,-1.02
1,14,2.1,1.2,1.2,19,32.02,-9.35,-0.65
1,14,2.1,1.2,1.5,3,32.41,-12.58,-0.9
1,14,2.1,1.2,1.5,7,32.25,-11.4,-0.82
1,14,2.1,1.2,1.5,11,32.17,-12.66,-0.94
1,14,2.1,1.2,1.5,15,32.17,-13.48,-1.02
1,14,2.1,1.2,1.5,19,32.02,-9.35,-0.65
1,14,2.1,1.2,1.8,3,32.41,-12.58,-0.9
1,14,2.1,1.2,1.8,7,32.25,-11.4,-0.82
1,14,2.1,1.2,1.8,11,32.17,-12.66,-0.94
1,14,2.1,1.2,1.8,15,32.17,-13.48,-1.02
1,14,2.1,1.2,1.8,19,32.02,-9.35,-0.65
1,14,2.1,1.2,2.1,3,32.41,-12.58,-0.9
1,14,2.1,1.2,2.1,7,32.25,-11.4,-0.82
1,14,2.1,1.2,2.1,11,32.17,-12.66,-0.94
1,14,2.1,1.2,2.1,15,32.17,-13.48,-1.02
1,14,2.1,1.2,2.1,19,32.02,-9.35,-0.65
1,14,2.1,1.5,0.0,3,30.24,-12.43,-0.85
1,14,2.1,1.5,0.0,7,29.93,-9.63,-0.62
1,14,2.1,1.5,0.0,11,29.78,-10.66,-0.72
1,14,2.1,1.5,0.0,15,29.7,-10.98,-0.75
1,14,2.1,1.5,0.0,19,29.62,-9.21,-0.6
1,14,2.1,1.5,0.3,3,30.24,-12.43,-0.85
1,14,2.1,1.5,0.3,7,29.93,-9.63,-0.62
1,14,2.1,1.5,0.3,11,29.78,-10.47,-0.7
1,14,2.1,1.5,0.3,15,29.7,-10.98,-0.75
1,14,2.1,1.5,0.3,19,29.62,-9.21,-0.6
1,14,2.1,1.5,0.6,3,30.24,-12.43,-0.85
1,14,2.1,1.5,0.6,7,29.93,-9.63,-0.62
1,14,2.1,1.5,0.6,11,29.78,-10.47,-0.7
1,14,2.1,1.5,0.6,15,29.7,-10.98,-0.75
1,14,2.1,1.5,0.6,19,29.62,-9.21,-0.6
1,14,2.1,1.5,0.9,3,30.24,-12.43,-0.85
1,14,2.1,1.5,0.9,7,29.93,-9.63,-0.62
1,14,2.1,1.5,0.9,11,29.78,-10.47,-0.7
1,14,2.1,1.5,0.9,15,29.7,-10.98,-0.75
1,14,2.1,1.5,0.9,19,29.62,-9.21,-0.6
1,14,2.1,1.5,1.2,3,30.24,-12.43,-0.85
1,14,2.1,1.5,1.2,7,29.93,-9.63,-0.62
1,14,2.1,1.5,1.2,11,29.78,-10.47,-0.7
1,14,2.1,1.5,1.2,15,29.7,-10.98,-0.75
1,14,2.1,1.5,1.2,19,29.62,-9.21,-0.6
1,14,2.1,1.5,1.5,3,30.24,-12.43,-0.85
1,14,2.1,1.5,1.5,7,29.93,-9.63,-0.62
1,14,2.1,1.5,1.5,11,29.78,-10.47,-0.7
1,14,2.1,1.5,1.5,15,29.7,-10.98,-0.75
1,14,2.1,1.5,1.5,19,29.62,-9.21,-0.6
1,14,2.1,1.5,1.8,3,30.24,-12.43,-0.85
1,14,2.1,1.5,1.8,7,29.93,-9.63,-0.62
1,14,2.1,1.5,1.8,11,29.78,-10.47,-0.7
1,14,2.1,1.5,1.8,15,29.7,-10.98,-0.75
1,14,2.1,1.5,1.8,19,29.62,-9.21,-0.6
1,14,2.1,1.5,2.1,3,30.24,-12.43,-0.85
1,14,2.1,1.5,2.1,7,29.93,-9.63,-0.62
1,14,2.1,1.5,2.1,11,29.78,-10.47,-0.7
1,14,2.1,1.5,2.1,15,29.7,-10.98,-0.75
1,14,2.1,1.5,2.1,19,29.62,-9.21,-0.6
1,14,2.1,1.8,0.0,3,29.08,-5.05,-0.24
1,14,2.1,1.8,0.0,7,29.0,-2.36,-0.04
1,14,2.1,1.8,0.0,11,28.62,-5.92,-0.31
1,14,2.1,1.8,0.0,15,28.46,-11.34,-0.75
1,14,2.1,1.8,0.0,19,28.54,-11.54,-0.77
1,14,2.1,1.8,0.3,3,29.08,-5.05,-0.24
1,14,2.1,1.8,0.3,7,29.0,-2.36,-0.04
1,14,2.1,1.8,0.3,11,28.54,-6.28,-0.34
1,14,2.1,1.8,0.3,15,28.38,-11.69,-0.78
1,14,2.1,1.8,0.3,19,28.38,-12.82,-0.88
1,14,2.1,1.8,0.6,3,29.08,-5.05,-0.24
1,14,2.1,1.8,0.6,7,29.0,-2.36,-0.04
1,14,2.1,1.8,0.6,11,28.54,-6.28,-0.34
1,14,2.1,1.8,0.6,15,28.38,-11.69,-0.78
1,14,2.1,1.8,0.6,19,28.38,-12.82,-0.88
1,14,2.1,1.8,0.9,3,29.08,-5.05,-0.24
1,14,2.1,1.8,0.9,7,29.0,-2.36,-0.04
1,14,2.1,1.8,0.9,11,28.54,-6.28,-0.34
1,14,2.1,1.8,0.9,15,28.38,-11.69,-0.78
1,14,2.1,1.8,0.9,19,28.38,-12.82,-0.88
1,14,2.1,1.8,1.2,3,29.08,-5.05,-0.24
1,14,2.1,1.8,1.2,7,29.0,-2.36,-0.04
1,14,2.1,1.8,1.2,11,28.54,-6.28,-0.34
1,14,2.1,1.8,1.2,15,28.38,-11.69,-0.78
1,14,2.1,1.8,1.2,19,28.38,-12.82,-0.88
1,14,2.1,1.8,1.5,3,29.08,-5.05,-0.24
1,14,2.1,1.8,1.5,7,29.0,-2.36,-0.04
1,14,2.1,1.8,1.5,11,28.54,-6.28,-0.34
1,14,2.1,1.8,1.5,15,28.38,-11.69,-0.78
1,14,2.1,1.8,1.5,19,28.38,-12.82,-0.88
1,14,2.1,1.8,1.8,3,29.08,-5.05,-0.24
1,14,2.1,1.8,1.8,7,29.0,-2.36,-0.04
1,14,2.1,1.8,1.8,11,28.54,-6.28,-0.34
1,14,2.1,1.8,1.8,15,28.38,-11.69,-0.78
1,14,2.1,1.8,1.8,19,28.38,-12.82,-0.88
1,14,2.1,1.8,2.1,3,29.08,-5.05,-0.24
1,14,2.1,1.8,2.1,7,29.0,-2.36,-0.04
1,14,2.1,1.8,2.1,11,28.54,-6.28,-0.34
1,14,2.1,1.8,2.1,15,28.38,-11.69,-0.78
1,14,2.1,1.8,2.1,19,28.38,-12.82,-0.88
1,14,2.1,2.1,0.0,3,28.23,-3.27,-0.1
1,14,2.1,2.1,0.0,7,28.02,-3.96,-0.15
1,14,2.1,2.1,0.0,11,28.1,-3.27,-0.1
1,14,2.1,2.1,0.0,15,27.79,-8.31,-0.49
1,14,2.1,2.1,0.0,19,27.71,-7.16,-0.4
1,14,2.1,2.1,0.3,3,28.23,-3.27,-0.1
1,14,2.1,2.1,0.3,7,28.02,-3.94,-0.15
1,14,2.1,2.1,0.3,11,28.02,-3.69,-0.14
1,14,2.1,2.1,0.3,15,27.71,-8.71,-0.52
1,14,2.1,2.1,0.3,19,27.55,-8.73,-0.52
1,14,2.1,2.1,0.6,3,28.23,-3.27,-0.1
1,14,2.1,2.1,0.6,7,28.02,-3.94,-0.15
1,14,2.1,2.1,0.6,11,28.02,-3.69,-0.14
1,14,2.1,2.1,0.6,15,27.71,-8.71,-0.52
1,14,2.1,2.1,0.6,19,27.55,-8.73,-0.52
1,14,2.1,2.1,0.9,3,28.23,-3.27,-0.1
1,14,2.1,2.1,0.9,7,28.02,-3.94,-0.15
1,14,2.1,2.1,0.9,11,28.02,-3.69,-0.14
1,14,2.1,2.1,0.9,15,27.71,-8.71,-0.52
1,14,2.1,2.1,0.9,19,27.55,-8.73,-0.52
1,14,2.1,2.1,1.2,3,28.23,-3.27,-0.1
1,14,2.1,2.1,1.2,7,28.02,-3.94,-0.15
1,14,2.1,2.1,1.2,11,28.02,-3.69,-0.14
1,14,2.1,2.1,1.2,15,27.71,-8.71,-0.52
1,14,2.1,2.1,1.2,19,27.55,-8.73,-0.52
1,14,2.1,2.1,1.5,3,28.23,-3.27,-0.1
1,14,2.1,2.1,1.5,7,28.02,-3.94,-0.15
1,14,2.1,2.1,1.5,11,28.02,-3.69,-0.14
1,14,2.1,2.1,1.5,15,27.71,-8.71,-0.52
1,14,2.1,2.1,1.5,19,27.55,-8.73,-0.52
1,14,2.1,2.1,1.8,3,28.23,-3.27,-0.1
1,14,2.1,2.1,1.8,7,28.02,-3.94,-0.15
1,14,2.1,2.1,1.8,11,28.02,-3.69,-0.14
1,14,2.1,2.1,1.8,15,27.71,-8.71,-0.52
1,14,2.1,2.1,1.8,19,27.55,-8.73,-0.52
1,14,2.1,2.1,2.1,3,28.23,-3.27,-0.1
1,14,2.1,2.1,2.1,7,28.02,-3.94,-0.15
1,14,2.1,2.1,2.1,11,28.02,-3.69,-0.14
1,14,2.1,2.1,2.1,15,27.71,-8.71,-0.52
1,14,2.1,2.1,2.1,19,27.55,-8.73,-0.52
1,17,0.0,0.0,0.0,3,44.93,-7.48,-1.05
1,17,0.0,0.0,0.0,7,44.93,-7.48,-1.05
1,17,0.0,0.0,0.0,11,44.93,-7.48,-1.05
1,17,0.0,0.0,0.0,15,44.93,-7.48,-1.05
1,17,0.0,0.0,0.0,19,44.93,-7.48,-1.05
1,17,0.0,0.0,0.3,3,44.93,-7.48,-1.05
1,17,0.0,0.0,0.3,7,44.93,-7.48,-1.05
1,17,0.0,0.0,0.3,11,44.93,-7.48,-1.05
1,17,0.0,0.0,0.3,15,44.93,-7.48,-1.05
1,17,0.0,0.0,0.3,19,44.93,-7.48,-1.05
1,17,0.0,0.0,0.6,3,44.93,-7.48,-1.05
1,17,0.0,0.0,0.6,7,44.93,-7.48,-1.05
1,17,0.0,0.0,0.6,11,44.93,-7.48,-1.05
1,17,0.0,0.0,0.6,15,44.93,-7.48,-1.05
1,17,0.0,0.0,0.6,19,44.93,-7.48,-1.05
1,17,0.0,0.0,0.9,3,44.93,-7.48,-1.05
1,17,0.0,0.0,0.9,7,44.93,-7.48,-1.05
1,17,0.0,0.0,0.9,11,44.93,-7.48,-1.05
1,17,0.0,0.0,0.9,15,44.93,-7.48,-1.05
1,17,0.0,0.0,0.9,19,44.93,-7.48,-1.05
1,17,0.0,0.0,1.2,3,44.93,-7.48,-1.05
1,17,0.0,0.0,1.2,7,44.93,-7.48,-1.05
1,17,0.0,0.0,1.2,11,44.93,-7.48,-1.05
1,17,0.0,0.0,1.2,15,44.93,-7.48,-1.05
1,17,0.0,0.0,1.2,19,44.93,-7.48,-1.05
1,17,0.0,0.0,1.5,3,44.93,-7.48,-1.05
1,17,0.0,0.0,1.5,7,44.93,-7.48,-1.05
1,17,0.0,0.0,1.5,11,44.93,-7.48,-1.05
1,17,0.0,0.0,1.5,15,44.93,-7.48,-1.05
1,17,0.0,0.0,1.5,19,44.93,-7.48,-1.05
1,17,0.0,0.0,1.8,3,44.93,-7.48,-1.05
1,17,0.0,0.0,1.8,7,44.93,-7.48,-1.05
1,17,0.0,0.0,1.8,11,44.93,-7.48,-1.05
1,17,0.0,0.0,1.8,15,44.93,-7.48,-1.05
1,17,0.0,0.0,1.8,19,44.93,-7.48,-1.05
1,17,0.0,0.0,2.1,3,44.93,-7.48,-1.05
1,17,0.0,0.0,2.1,7,44.93,-7.48,-1.05
1,17,0.0,0.0,2.1,11,44.93,-7.48,-1.05
1,17,0.0,0.0,2.1,15,44.93,-7.48,-1.05
1,17,0.0,0.0,2.1,19,44.93,-7.48,-1.05
1,17,0.0,0.3,0.0,3,34.98,-12.27,-1.62
1,17,0.0,0.3,0.0,7,34.8,-13.47,-1.82
1,17,0.0,0.3,0.0,11,34.89,-13.03,-1.76
1,17,0.0,0.3,0.0,15,34.8,-12.09,-1.62
1,17,0.0,0.3,0.0,19,34.98,-11.71,-1.56
1,17,0.0,0.3,0.3,3,36.21,-11.39,-1.51
1,17,0.0,0.3,0.3,7,35.77,-12.78,-1.73
1,17,0.0,0.3,0.3,11,35.86,-12.68,-1.72
1,17,0.0,0.3,0.3,15,35.86,-11.67,-1.56
1,17,0.0,0.3,0.3,19,35.95,-11.71,-1.57
1,17,0.0,0.3,0.6,3,36.21,-11.39,-1.51
1,17,0.0,0.3,0.6,7,35.77,-12.78,-1.73
1,17,0.0,0.3,0.6,11,35.86,-12.68,-1.72
1,17,0.0,0.3,0.6,15,35.86,-11.67,-1.56
1,17,0.0,0.3,0.6,19,35.95,-11.71,-1.57
1,17,0.0,0.3,0.9,3,36.21,-11.39,-1.51
1,17,0.0,0.3,0.9,7,35.77,-12.78,-1.73
1,17,0.0,0.3,0.9,11,35.86,-12.68,-1.72
1,17,0.0,0.3,0.9,15,35.86,-11.67,-1.56
1,17,0.0,0.3,0.9,19,35.95,-11.71,-1.57
1,17,0.0,0.3,1.2,3,36.21,-11.39,-1.51
1,17,0.0,0.3,1.2,7,35.77,-12.78,-1.73
1,17,0.0,0.3,1.2,11,35.86,-12.68,-1.72
1,17,0.0,0.3,1.2,15,35.86,-11.67,-1.56
1,17,0.0,0.3,1.2,19,35.95,-11.71,-1.57
1,17,0.0,0.3,1.5,3,36.21,-11.39,-1.51
1,17,0.0,0.3,1.5,7,35.77,-12.78,-1.73
1,17,0.0,0.3,1.5,11,35.86,-12.68,-1.72
1,17,0.0,0.3,1.5,15,35.86,-11.67,-1.56
1,17,0.0,0.3,1.5,19,35.95,-11.71,-1.57
1,17,0.0,0.3,1.8,3,36.21,-11.39,-1.51
1,17,0.0,0.3,1.8,7,35.77,-12.78,-1.73
1,17,0.0,0.3,1.8,11,35.86,-12.68,-1.72
1,17,0.0,0.3,1.8,15,35.86,-11.67,-1.56
1,17,0.0,0.3,1.8,19,35.95,-11.71,-1.57
1,17,0.0,0.3,2.1,3,36.21,-11.39,-1.51
1,17,0.0,0.3,2.1,7,35.77,-12.78,-1.73
1,17,0.0,0.3,2.1,11,35.86,-12.68,-1.72
1,17,0.0,0.3,2.1,15,35.86,-11.67,-1.56
1,17,0.0,0.3,2.1,19,35.95,-11.71,-1.57
1,17,0.0,0.6,0.0,3,28.55,-10.73,-1.29
1,17,0.0,0.6,0.0,7,28.9,-10.36,-1.25
1,17,0.0,0.6,0.0,11,28.81,-11.36,-1.39
1,17,0.0,0.6,0.0,15,28.37,-13.22,-1.64
1,17,0.0,0.6,0.0,19,28.37,-13.25,-1.65
1,17,0.0,0.6,0.3,3,32.51,-8.0,-0.97
1,17,0.0,0.6,0.3,7,32.86,-7.0,-0.84
1,17,0.0,0.6,0.3,11,32.6,-8.49,-1.05
1,17,0.0,0.6,0.3,15,32.42,-9.67,-1.21
1,17,0.0,0.6,0.3,19,32.51,-9.39,-1.17
1,17,0.0,0.6,0.6,3,32.51,-8.0,-0.97
1,17,0.0,0.6,0.6,7,32.86,-7.0,-0.84
1,17,0.0,0.6,0.6,11,32.6,-8.49,-1.05
1,17,0.0,0.6,0.6,15,32.42,-9.67,-1.21
1,17,0.0,0.6,0.6,19,32.51,-9.39,-1.17
1,17,0.0,0.6,0.9,3,32.51,-8.0,-0.97
1,17,0.0,0.6,0.9,7,32.86,-7.0,-0.84
1,17,0.0,0.6,0.9,11,32.6,-8.49,-1.05
1,17,0.0,0.6,0.9,15,32.42,-9.67,-1.21
1,17,0.0,0.6,0.9,19,32.51,-9.39,-1.17
1,17,0.0,0.6,1.2,3,32.51,-8.0,-0.97
1,17,0.0,0.6,1.2,7,32.86,-7.0,-0.84
1,17,0.0,0.6,1.2,11,32.6,-8.49,-1.05
1,17,0.0,0.6,1.2,15,32.42,-9.67,-1.21
1,17,0.0,0.6,1.2,19,32.51,-9.39,-1.17
1,17,0.0,0.6,1.5,3,32.51,-8.0,-0.97
1,17,0.0,0.6,1.5,7,32.86,-7.0,-0.84
1,17,0.0,0.6,1.5,11,32.6,-8.49,-1.05
1,17,0.0,0.6,1.5,15,32.42,-9.67,-1.21
1,17,0.0,0.6,1.5,19,32.51,-9.39,-1.17
1,17,0.0,0.6,1.8,3,32.51,-8.0,-0.97
1,17,0.0,0.6,1.8,7,32.86,-7.0,-0.84
1,17,0.0,0.6,1.8,11,32.6,-8.49,-1.05
1,17,0.0,0.6,1.8,15,32.42,-9.67,-1.21
1,17,0.0,0.6,1.8,19,32.51,-9.39,-1.17
1,17,0.0,0.6,2.1,3,32.51,-8.0,-0.97
1,17,0.0,0.6,2.1,7,32.86,-7.0,-0.84
1,17,0.0,0.6,2.1,11,32.6,-8.49,-1.05
1,17,0.0,0.6,2.1,15,32.42,-9.67,-1.21
1,17,0.0,0.6,2.1,19,32.51,-9.39,-1.17
1,17,0.0,0.9,0.0,3,23.7,-15.41,-1.74
1,17,0.0,0.9,0.0,7,24.14,-13.14,-1.49
1,17,0.0,0.9,0.0,11,24.32,-11.91,-1.34
1,17,0.0,0.9,0.0,15,24.14,-11.63,-1.3
1,17,0.0,0.9,0.0,19,23.79,-12.87,-1.45
1,17,0.0,0.9,0.3,3,31.28,-9.47,-1.1
1,17,0.0,0.9,0.3,7,31.19,-7.35,-0.84
1,17,0.0,0.9,0.3,11,31.19,-6.42,-0.72
1,17,0.0,0.9,0.3,15,31.19,-5.11,-0.55
1,17,0.0,0.9,0.3,19,30.93,-6.14,-0.67
1,17,0.0,0.9,0.6,3,31.28,-9.47,-1.1
1,17,0.0,0.9,0.6,7,31.19,-7.35,-0.84
1,17,0.0,0.9,0.6,11,31.19,-6.42,-0.72
1,17,0.0,0.9,0.6,15,31.19,-5.11,-0.55
1,17,0.0,0.9,0.6,19,30.93,-6.14,-0.67
1,17,0.0,0.9,0.9,3,31.28,-9.47,-1.1
1,17,0.0,0.9,0.9,7,31.19,-7.35,-0.84
1,17,0.0,0.9,0.9,11,31.19,-6.42,-0.72
1,17,0.0,0.9,0.9,15,31.19,-5.11,-0.55
1,17,0.0,0.9,0.9,19,30.93,-6.14,-0.67
1,17,0.0,0.9,1.2,3,31.28,-9.47,-1.1
1,17,0.0,0.9,1.2,7,31.19,-7.35,-0.84
1,17,0.0,0.9,1.2,11,31.19,-6.42,-0.72
1,17,0.0,0.9,1.2,15,31.19,-5.11,-0.55
1,17,0.0,0.9,1.2,19,30.93,-6.14,-0.67
1,17,0.0,0.9,1.5,3,31.28,-9.47,-1.1
1,17,0.0,0.9,1.5,7,31.19,-7.35,-0.84
1,17,0.0,0.9,1.5,11,31.19,-6.42,-0.72
1,17,0.0,0.9,1.5,15,31.19,-5.11,-0.55
1,17,0.0,0.9,1.5,19,30.93,-6.14,-0.67
1,17,0.0,0.9,1.8,3,31.28,-9.47,-1.1
1,17,0.0,0.9,1.8,7,31.19,-7.35,-0.84
1,17,0.0,0.9,1.8,11,31.19,-6.42,-0.72
1,17,0.0,0.9,1.8,15,31.19,-5.11,-0.55
1,17,0.0,0.9,1.8,19,30.93,-6.14,-0.67
1,17,0.0,0.9,2.1,3,31.28,-9.47,-1.1
1,17,0.0,0.9,2.1,7,31.19,-7.35,-0.84
1,17,0.0,0.9,2.1,11,31.19,-6.42,-0.72
1,17,0.0,0.9,2.1,15,31.19,-5.11,-0.55
1,17,0.0,0.9,2.1,19,30.93,-6.14,-0.67
1,17,0.0,1.2,0.0,3,21.5,-14.3,-1.52
1,17,0.0,1.2,0.0,7,21.94,-11.69,-1.24
1,17,0.0,1.2,0.0,11,21.94,-11.9,-1.27
1,17,0.0,1.2,0.0,15,21.94,-12.27,-1.32
1,17,0.0,1.2,0.0,19,22.03,-10.19,-1.07
1,17,0.0,1.2,0.3,3,30.48,-11.66,-1.36
1,17,0.0,1.2,0.3,7,30.66,-8.2,-0.92
1,17,0.0,1.2,0.3,11,30.57,-8.62,-0.98
1,17,0.0,1.2,0.3,15,30.66,-7.43,-0.83
1,17,0.0,1.2,0.3,19,30.75,-5.6,-0.6
1,17,0.0,1.2,0.6,3,30.48,-11.66,-1.36
1,17,0.0,1.2,0.6,7,30.66,-8.2,-0.92
1,17,0.0,1.2,0.6,11,30.57,-8.62,-0.98
1,17,0.0,1.2,0.6,15,30.66,-7.43,-0.83
1,17,0.0,1.2,0.6,19,30.75,-5.6,-0.6
1,17,0.0,1.2,0.9,3,30.48,-11.66,-1.36
1,17,0.0,1.2,0.9,7,30.66,-8.2,-0.92
1,17,0.0,1.2,0.9,11,30.57,-8.62,-0.98
1,17,0.0,1.2,0.9,15,30.66,-7.43,-0.83
1,17,0.0,1.2,0.9,19,30.75,-5.6,-0.6
1,17,0.0,1.2,1.2,3,30.48,-11.66,-1.36
1,17,0.0,1.2,1.2,7,30.66,-8.2,-0.92
1,17,0.0,1.2,1.2,11,30.57,-8.62,-0.98
1,17,0.0,1.2,1.2,15,30.66,-7.43,-0.83
1,17,0.0,1.2,1.2,19,30.75,-5.6,-0.6
1,17,0.0,1.2,1.5,3,30.48,-11.66,-1.36
1,17,0.0,1.2,1.5,7,30.66,-8.2,-0.92
1,17,0.0,1.2,1.5,11,30.57,-8.62,-0.98
1,17,0.0,1.2,1.5,15,30.66,-7.43,-0.83
1,17,0.0,1.2,1.5,19,30.75,-5.6,-0.6
1,17,0.0,1.2,1.8,3,30.48,-11.66,-1.36
1,17,0.0,1.2,1.8,7,30.66,-8.2,-0.92
1,17,0.0,1.2,1.8,11,30.57,-8.62,-0.98
1,17,0.0,1.2,1.8,15,30.66,-7.43,-0.83
1,17,0.0,1.2,1.8,19,30.75,-5.6,-0.6
1,17,0.0,1.2,2.1,3,30.48,-11.66,-1.36
1,17,0.0,1.2,2.1,7,30.66,-8.2,-0.92
1,17,0.0,1.2,2.1,11,30.57,-8.62,-0.98
1,17,0.0,1.2,2.1,15,30.66,-7.43,-0.83
1,17,0.0,1.2,2.1,19,30.75,-5.6,-0.6
1,17,0.0,1.5,0.0,3,20.09,-14.27,-1.45
1,17,0.0,1.5,0.0,7,20.09,-12.7,-1.28
1,17,0.0,1.5,0.0,11,20.09,-10.95,-1.08
1,17,0.0,1.5,0.0,15,20.26,-9.13,-0.88
1,17,0.0,1.5,0.0,19,20.44,-8.31,-0.79
1,17,0.0,1.5,0.3,3,30.4,-11.78,-1.36
1,17,0.0,1.5,0.3,7,30.4,-10.65,-1.22
1,17,0.0,1.5,0.3,11,30.48,-5.8,-0.6
1,17,0.0,1.5,0.3,15,30.57,-4.82,-0.48
1,17,0.0,1.5,0.3,19,30.57,-4.82,-0.48
1,17,0.0,1.5,0.6,3,30.4,-11.78,-1.36
1,17,0.0,1.5,0.6,7,30.4,-10.65,-1.22
1,17,0.0,1.5,0.6,11,30.48,-5.8,-0.6
1,17,0.0,1.5,0.6,15,30.57,-4.82,-0.48
1,17,0.0,1.5,0.6,19,30.57,-4.82,-0.48
1,17,0.0,1.5,0.9,3,30.4,-11.78,-1.36
1,17,0.0,1.5,0.9,7,30.4,-10.65,-1.22
1,17,0.0,1.5,0.9,11,30.48,-5.8,-0.6
1,17,0.0,1.5,0.9,15,30.57,-4.82,-0.48
1,17,0.0,1.5,0.9,19,30.57,-4.82,-0.48
1,17,0.0,1.5,1.2,3,30.4,-11.78,-1.36
1,17,0.0,1.5,1.2,7,30.4,-10.65,-1.22
1,17,0.0,1.5,1.2,11,30.48,-5.8,-0.6
1,17,0.0,1.5,1.2,15,30.57,-4.82,-0.48
1,17,0.0,1.5,1.2,19,30.57,-4.82,-0.48
1,17,0.0,1.5,1.5,3,30.4,-11.78,-1.36
1,17,0.0,1.5,1.5,7,30.4,-10.65,-1.22
1,17,0.0,1.5,1.5,11,30.48,-5.8,-0.6
1,17,0.0,1.5,1.5,15,30.57,-4.82,-0.48
1,17,0.0,1.5,1.5,19,30.57,-4.82,-0.48
1,17,0.0,1.5,1.8,3,30.4,-11.78,-1.36
1,17,0.0,1.5,1.8,7,30.4,-10.65,-1.22
1,17,0.0,1.5,1.8,11,30.48,-5.8,-0.6
1,17,0.0,1.5,1.8,15,30.57,-4.82,-0.48
1,17,0.0,1.5,1.8,19,30.57,-4.82,-0.48
1,17,0.0,1.5,2.1,3,30.4,-11.78,-1.36
1,17,0.0,1.5,2.1,7,30.4,-10.65,-1.22
1,17,0.0,1.5,2.1,11,30.48,-5.8,-0.6
1,17,0.0,1.5,2.1,15,30.57,-4.82,-0.48
1,17,0.0,1.5,2.1,19,30.57,-4.82,-0.48
1,17,0.0,1.8,0.0,3,18.94,-11.63,-1.1
1,17,0.0,1.8,0.0,7,19.12,-8.16,-0.72
1,17,0.0,1.8,0.0,11,19.03,-10.31,-0.96
1,17,0.0,1.8,0.0,15,18.85,-12.41,-1.19
1,17,0.0,1.8,0.0,19,18.94,-13.52,-1.33
1,17,0.0,1.8,0.3,3,30.31,-9.83,-1.08
1,17,0.0,1.8,0.3,7,30.31,-9.93,-1.1
1,17,0.0,1.8,0.3,11,30.31,-9.46,-1.04
1,17,0.0,1.8,0.3,15,30.31,-8.51,-0.92
1,17,0.0,1.8,0.3,19,30.31,-7.91,-0.85
1,17,0.0,1.8,0.6,3,30.31,-9.83,-1.08
1,17,0.0,1.8,0.6,7,30.31,-9.93,-1.1
1,17,0.0,1.8,0.6,11,30.31,-9.46,-1.04
1,17,0.0,1.8,0.6,15,30.31,-8.51,-0.92
1,17,0.0,1.8,0.6,19,30.31,-7.91,-0.85
1,17,0.0,1.8,0.9,3,30.31,-9.83,-1.08
1,17,0.0,1.8,0.9,7,30.31,-9.93,-1.1
1,17,0.0,1.8,0.9,11,30.31,-9.46,-1.04
1,17,0.0,1.8,0.9,15,30.31,-8.51,-0.92
1,17,0.0,1.8,0.9,19,30.31,-7.91,-0.85
1,17,0.0,1.8,1.2,3,30.31,-9.83,-1.08
1,17,0.0,1.8,1.2,7,30.31,-9.93,-1.1
1,17,0.0,1.8,1.2,11,30.31,-9.46,-1.04
1,17,0.0,1.8,1.2,15,30.31,-8.51,-0.92
1,17,0.0,1.8,1.2,19,30.31,-7.91,-0.85
1,17,0.0,1.8,1.5,3,30.31,-9.83,-1.08
1,17,0.0,1.8,1.5,7,30.31,-9.93,-1.1
1,17,0.0,1.8,1.5,11,30.31,-9.46,-1.04
1,17,0.0,1.8,1.5,15,30.31,-8.51,-0.92
1,17,0.0,1.8,1.5,19,30.31,-7.91,-0.85
1,17,0.0,1.8,1.8,3,30.31,-9.83,-1.08
1,17,0.0,1.8,1.8,7,30.31,-9.93,-1.1
1,17,0.0,1.8,1.8,11,30.31,-9.46,-1.04
1,17,0.0,1.8,1.8,15,30.31,-8.51,-0.92
1,17,0.0,1.8,1.8,19,30.31,-7.91,-0.85
1,17,0.0,1.8,2.1,3,30.31,-9.83,-1.08
1,17,0.0,1.8,2.1,7,30.31,-9.93,-1.1
1,17,0.0,1.8,2.1,11,30.31,-9.46,-1.04
1,17,0.0,1.8,2.1,15,30.31,-8.51,-0.92
1,17,0.0,1.8,2.1,19,30.31,-7.91,-0.85
1,17,0.0,2.1,0.0,3,18.15,-10.73,-0.97
1,17,0.0,2.1,0.0,7,18.25,-12.04,-1.12
1,17,0.0,2.1,0.0,11,18.34,-12.91,-1.22
1,17,0.0,2.1,0.0,15,18.25,-10.73,-0.97
1,17,0.0,2.1,0.0,19,17.9,-12.32,-1.13
1,17,0.0,2.1,0.3,3,30.31,-8.27,-0.88
1,17,0.0,2.1,0.3,7,30.25,-9.09,-0.99
1,17,0.0,2.1,0.3,11,30.25,-9.74,-1.07
1,17,0.0,2.1,0.3,15,30.25,-9.76,-1.07
1,17,0.0,2.1,0.3,19,30.25,-9.38,-1.02
1,17,0.0,2.1,0.6,3,30.31,-8.27,-0.88
1,17,0.0,2.1,0.6,7,30.25,-9.09,-0.99
1,17,0.0,2.1,0.6,11,30.25,-9.74,-1.07
1,17,0.0,2.1,0.6,15,30.25,-9.76,-1.07
1,17,0.0,2.1,0.6,19,30.25,-9.38,-1.02
1,17,0.0,2.1,0.9,3,30.31,-8.27,-0.88
1,17,0.0,2.1,0.9,7,30.25,-9.09,-0.99
1,17,0.0,2.1,0.9,11,30.25,-9.74,-1.07
1,17,0.0,2.1,0.9,15,30.25,-9.76,-1.07
1,17,0.0,2.1,0.9,19,30.25,-9.38,-1.02
1,17,0.0,2.1,1.2,3,30.31,-8.27,-0.88
1,17,0.0,2.1,1.2,7,30.25,-9.09,-0.99
1,17,0.0,2.1,1.2,11,30.25,-9.74,-1.07
1,17,0.0,2.1,1.2,15,30.25,-9.76,-1.07
1,17,0.0,2.1,1.2,19,30.25,-9.38,-1.02
1,17,0.0,2.1,1.5,3,30.31,-8.27,-0.88
1,17,0.0,2.1,1.5,7,30.25,-9.09,-0.99
1,17,0.0,2.1,1.5,11,30.25,-9.74,-1.07
1,17,0.0,2.1,1.5,15,30.25,-9.76,-1.07
1,17,0.0,2.1,1.5,19,30.25,-9.38,-1.02
1,17,0.0,2.1,1.8,3,30.31,-8.27,-0.88
1,17,0.0,2.1,1.8,7,30.25,-9.09,-0.99
1,17,0.0,2.1,1.8,11,30.25,-9.74,-1.07
1,17,0.0,2.1,1.8,15,30.25,-9.76,-1.07
1,17,0.0,2.1,1.8,19,30.25,-9.38,-1.02
1,17,0.0,2.1,2.1,3,30.31,-8.27,-0.88
1,17,0.0,2.1,2.1,7,30.25,-9.09,-0.99
1,17,0.0,2.1,2.1,11,30.25,-9.74,-1.07
1,17,0.0,2.1,2.1,15,30.25,-9.76,-1.07
1,17,0.0,2.1,2.1,19,30.25,-9.38,-1.02
1,17,0.3,0.0,0.0,3,53.66,-9.87,-1.16
1,17,0.3,0.0,0.0,7,53.04,-7.29,-0.92
1,17,0.3,0.0,0.0,11,53.22,-5.83,-0.71
1,17,0.3,0.0,0.0,15,53.39,-5.05,-0.61
1,17,0.3,0.0,0.0,19,53.39,-4.69,-0.56
1,17,0.3,0.0,0.3,3,53.66,-9.87,-1.16
1,17,0.3,0.0,0.3,7,53.04,-7.29,-0.92
1,17,0.3,0.0,0.3,11,53.22,-5.83,-0.71
1,17,0.3,0.0,0.3,15,53.39,-5.05,-0.61
1,17,0.3,0.0,0.3,19,53.39,-4.69,-0.56
1,17,0.3,0.0,0.6,3,53.66,-9.87,-1.16
1,17,0.3,0.0,0.6,7,53.04,-7.29,-0.92
1,17,0.3,0.0,0.6,11,53.22,-5.83,-0.71
1,17,0.3,0.0,0.6,15,53.39,-5.05,-0.61
1,17,0.3,0.0,0.6,19,53.39,-4.69,-0.56
1,17,0.3,0.0,0.9,3,53.66,-9.87,-1.16
1,17,0.3,0.0,0.9,7,53.04,-7.29,-0.92
1,17,0.3,0.0,0.9,11,53.22,-5.83,-0.71
1,17,0.3,0.0,0.9,15,53.39,-5.05,-0.61
1,17,0.3,0.0,0.9,19,53.39,-4.69,-0.56
1,17,0.3,0.0,1.2,3,53.66,-9.87,-1.16
1,17,0.3,0.0,1.2,7,53.04,-7.29,-0.92
1,17,0.3,0.0,1.2,11,53.22,-5.83,-0.71
1,17,0.3,0.0,1.2,15,53.39,-5.05,-0.61
1,17,0.3,0.0,1.2,19,53.39,-4.69,-0.56
1,17,0.3,0.0,1.5,3,53.66,-9.87,-1.16
1,17,0.3,0.0,1.5,7,53.04,-7.29,-0.92
1,17,0.3,0.0,1.5,11,53.22,-5.83,-0.71
1,17,0.3,0.0,1.5,15,53.39,-5.05,-0.61
1,17,0.3,0.0,1.5,19,53.39,-4.69,-0.56
1,17,0.3,0.0,1.8,3,53.66,-9.87,-1.16
1,17,0.3,0.0,1.8,7,53.04,-7.29,-0.92
1,17,0.3,0.0,1.8,11,53.22,-5.83,-0.71
1,17,0.3,0.0,1.8,15,53.39,-5.05,-0.61
1,17,0.3,0.0,1.8,19,53.39,-4.69,-0.56
1,17,0.3,0.0,2.1,3,53.66,-9.87,-1.16
1,17,0.3,0.0,2.1,7,53.04,-7.29,-0.92
1,17,0.3,0.0,2.1,11,53.22,-5.83,-0.71
1,17,0.3,0.0,2.1,15,53.39,-5.05,-0.61
1,17,0.3,0.0,2.1,19,53.39,-4.69,-0.56
1,17,0.3,0.3,0.0,3,43.7,-12.94,-1.41
1,17,0.3,0.3,0.0,7,42.73,-12.2,-1.46
1,17,0.3,0.3,0.0,11,42.91,-12.4,-1.5
1,17,0.3,0.3,0.0,15,43.08,-10.09,-1.19
1,17,0.3,0.3,0.0,19,43.35,-8.53,-0.99
1,17,0.3,0.3,0.3,3,42.91,-13.69,-1.52
1,17,0.3,0.3,0.3,7,42.11,-12.2,-1.47
1,17,0.3,0.3,0.3,11,42.38,-10.55,-1.26
1,17,0.3,0.3,0.3,15,42.73,-7.84,-0.9
1,17,0.3,0.3,0.3,19,43.08,-6.6,-0.74
1,17,0.3,0.3,0.6,3,42.91,-13.69,-1.52
1,17,0.3,0.3,0.6,7,42.11,-12.2,-1.47
1,17,0.3,0.3,0.6,11,42.38,-10.55,-1.26
1,17,0.3,0.3,0.6,15,42.73,-7.84,-0.9
1,17,0.3,0.3,0.6,19,43.08,-6.6,-0.74
1,17,0.3,0.3,0.9,3,42.91,-13.69,-1.52
1,17,0.3,0.3,0.9,7,42.11,-12.2,-1.47
1,17,0.3,0.3,0.9,11,42.38,-10.55,-1.26
1,17,0.3,0.3,0.9,15,42.73,-7.84,-0.9
1,17,0.3,0.3,0.9,19,43.08,-6.6,-0.74
1,17,0.3,0.3,1.2,3,42.91,-13.69,-1.52
1,17,0.3,0.3,1.2,7,42.11,-12.2,-1.47
1,17,0.3,0.3,1.2,11,42.38,-10.55,-1.26
1,17,0.3,0.3,1.2,15,42.73,-7.84,-0.9
1,17,0.3,0.3,1.2,19,43.08,-6.6,-0.74
1,17,0.3,0.3,1.5,3,42.91,-13.69,-1.52
1,17,0.3,0.3,1.5,7,42.11,-12.2,-1.47
1,17,0.3,0.3,1.5,11,42.38,-10.55,-1.26
1,17,0.3,0.3,1.5,15,42.73,-7.84,-0.9
1,17,0.3,0.3,1.5,19,43.08,-6.6,-0.74
1,17,0.3,0.3,1.8,3,42.91,-13.69,-1.52
1,17,0.3,0.3,1.8,7,42.11,-12.2,-1.47
1,17,0.3,0.3,1.8,11,42.38,-10.55,-1.26
1,17,0.3,0.3,1.8,15,42.73,-7.84,-0.9
1,17,0.3,0.3,1.8,19,43.08,-6.6,-0.74
1,17,0.3,0.3,2.1,3,42.91,-13.69,-1.52
1,17,0.3,0.3,2.1,7,42.11,-12.2,-1.47
1,17,0.3,0.3,2.1,11,42.38,-10.55,-1.26
1,17,0.3,0.3,2.1,15,42.73,-7.84,-0.9
1,17,0.3,0.3,2.1,19,43.08,-6.6,-0.74
1,17,0.3,0.6,0.0,3,36.3,-10.81,-1.06
1,17,0.3,0.6,0.0,7,36.12,-7.59,-0.77
1,17,0.3,0.6,0.0,11,36.21,-7.53,-0.77
1,17,0.3,0.6,0.0,15,35.77,-9.38,-0.99
1,17,0.3,0.6,0.0,19,35.86,-9.24,-0.97
1,17,0.3,0.6,0.3,3,36.39,-10.04,-1.01
1,17,0.3,0.6,0.3,7,36.48,-6.84,-0.71
1,17,0.3,0.6,0.3,11,36.56,-5.47,-0.56
1,17,0.3,0.6,0.3,15,36.39,-5.87,-0.6
1,17,0.3,0.6,0.3,19,36.74,-5.02,-0.5
1,17,0.3,0.6,0.6,3,36.39,-10.04,-1.01
1,17,0.3,0.6,0.6,7,36.48,-6.84,-0.71
1,17,0.3,0.6,0.6,11,36.56,-5.47,-0.56
1,17,0.3,0.6,0.6,15,36.39,-5.87,-0.6
1,17,0.3,0.6,0.6,19,36.74,-5.02,-0.5
1,17,0.3,0.6,0.9,3,36.39,-10.04,-1.01
1,17,0.3,0.6,0.9,7,36.48,-6.84,-0.71
1,17,0.3,0.6,0.9,11,36.56,-5.47,-0.56
1,17,0.3,0.6,0.9,15,36.39,-5.87,-0.6
1,17,0.3,0.6,0.9,19,36.74,-5.02,-0.5
1,17,0.3,0.6,1.2,3,36.39,-10.04,-1.01
1,17,0.3,0.6,1.2,7,36.48,-6.84,-0.71
1,17,0.3,0.6,1.2,11,36.56,-5.47,-0.56
1,17,0.3,0.6,1.2,15,36.39,-5.87,-0.6
1,17,0.3,0.6,1.2,19,36.74,-5.02,-0.5
1,17,0.3,0.6,1.5,3,36.39,-10.04,-1.01
1,17,0.3,0.6,1.5,7,36.48,-6.84,-0.71
1,17,0.3,0.6,1.5,11,36.56,-5.47,-0.56
1,17,0.3,0.6,1.5,15,36.39,-5.87,-0.6
1,17,0.3,0.6,1.5,19,36.74,-5.02,-0.5
1,17,0.3,0.6,1.8,3,36.39,-10.04,-1.01
1,17,0.3,0.6,1.8,7,36.48,-6.84,-0.71
1,17,0.3,0.6,1.8,11,36.56,-5.47,-0.56
1,17,0.3,0.6,1.8,15,36.39,-5.87,-0.6
1,17,0.3,0.6,1.8,19,36.74,-5.02,-0.5
1,17,0.3,0.6,2.1,3,36.39,-10.04,-1.01
1,17,0.3,0.6,2.1,7,36.48,-6.84,-0.71
1,17,0.3,0.6,2.1,11,36.56,-5.47,-0.56
1,17,0.3,0.6,2.1,15,36.39,-5.87,-0.6
1,17,0.3,0.6,2.1,19,36.74,-5.02,-0.5
1,17,0.3,0.9,0.0,3,30.93,-12.6,-1.13
1,17,0.3,0.9,0.0,7,31.01,-9.1,-0.86
1,17,0.3,0.9,0.0,11,31.37,-6.3,-0.56
1,17,0.3,0.9,0.0,15,31.1,-6.5,-0.58
1,17,0.3,0.9,0.0,19,30.75,-8.27,-0.77
1,17,0.3,0.9,0.3,3,33.57,-13.19,-1.28
1,17,0.3,0.9,0.3,7,33.66,-5.1,-0.47
1,17,0.3,0.9,0.3,11,33.83,-2.39,-0.17
1,17,0.3,0.9,0.3,15,33.74,-0.53,0.03
1,17,0.3,0.9,0.3,19,33.66,-1.82,-0.11
1,17,0.3,0.9,0.6,3,33.57,-13.19,-1.28
1,17,0.3,0.9,0.6,7,33.66,-5.1,-0.47
1,17,0.3,0.9,0.6,11,33.83,-2.39,-0.17
1,17,0.3,0.9,0.6,15,33.74,-0.53,0.03
1,17,0.3,0.9,0.6,19,33.66,-1.82,-0.11
1,17,0.3,0.9,0.9,3,33.57,-13.19,-1.28
1,17,0.3,0.9,0.9,7,33.66,-5.1,-0.47
1,17,0.3,0.9,0.9,11,33.83,-2.39,-0.17
1,17,0.3,0.9,0.9,15,33.74,-0.53,0.03
1,17,0.3,0.9,0.9,19,33.66,-1.82,-0.11
1,17,0.3,0.9,1.2,3,33.57,-13.19,-1.28
1,17,0.3,0.9,1.2,7,33.66,-5.1,-0.47
1,17,0.3,0.9,1.2,11,33.83,-2.39,-0.17
1,17,0.3,0.9,1.2,15,33.74,-0.53,0.03
1,17,0.3,0.9,1.2,19,33.66,-1.82,-0.11
1,17,0.3,0.9,1.5,3,33.57,-13.19,-1.28
1,17,0.3,0.9,1.5,7,33.66,-5.1,-0.47
1,17,0.3,0.9,1.5,11,33.83,-2.39,-0.17
1,17,0.3,0.9,1.5,15,33.74,-0.53,0.03
1,17,0.3,0.9,1.5,19,33.66,-1.82,-0.11
1,17,0.3,0.9,1.8,3,33.57,-13.19,-1.28
1,17,0.3,0.9,1.8,7,33.66,-5.1,-0.47
1,17,0.3,0.9,1.8,11,33.83,-2.39,-0.17
1,17,0.3,0.9,1.8,15,33.74,-0.53,0.03
1,17,0.3,0.9,1.8,19,33.66,-1.82,-0.11
1,17,0.3,0.9,2.1,3,33.57,-13.19,-1.28
1,17,0.3,0.9,2.1,7,33.66,-5.1,-0.47
1,17,0.3,0.9,2.1,11,33.83,-2.39,-0.17
1,17,0.3,0.9,2.1,15,33.74,-0.53,0.03
1,17,0.3,0.9,2.1,19,33.66,-1.82,-0.11
1,17,0.3,1.2,0.0,3,28.19,-13.66,-1.18
1,17,0.3,1.2,0.0,7,28.19,-9.7,-0.87
1,17,0.3,1.2,0.0,11,28.63,-7.54,-0.65
1,17,0.3,1.2,0.0,15,28.63,-6.3,-0.53
1,17,0.3,1.2,0.0,19,28.72,-3.81,-0.28
1,17,0.3,1.2,0.3,3,32.33,-15.01,-1.45
1,17,0.3,1.2,0.3,7,32.69,-5.05,-0.44
1,17,0.3,1.2,0.3,11,32.78,-2.22,-0.14
1,17,0.3,1.2,0.3,15,32.95,-0.08,0.08
1,17,0.3,1.2,0.3,19,33.22,2.49,0.35
1,17,0.3,1.2,0.6,3,32.33,-15.01,-1.45
1,17,0.3,1.2,0.6,7,32.69,-5.05,-0.44
1,17,0.3,1.2,0.6,11,32.78,-2.22,-0.14
1,17,0.3,1.2,0.6,15,32.95,-0.08,0.08
1,17,0.3,1.2,0.6,19,33.22,2.49,0.35
1,17,0.3,1.2,0.9,3,32.33,-15.01,-1.45
1,17,0.3,1.2,0.9,7,32.69,-5.05,-0.44
1,17,0.3,1.2,0.9,11,32.78,-2.22,-0.14
1,17,0.3,1.2,0.9,15,32.95,-0.08,0.08
1,17,0.3,1.2,0.9,19,33.22,2.49,0.35
1,17,0.3,1.2,1.2,3,32.33,-15.01,-1.45
1,17,0.3,1.2,1.2,7,32.69,-5.05,-0.44
1,17,0.3,1.2,1.2,11,32.78,-2.22,-0.14
1,17,0.3,1.2,1.2,15,32.95,-0.08,0.08
1,17,0.3,1.2,1.2,19,33.22,2.49,0.35
1,17,0.3,1.2,1.5,3,32.33,-15.01,-1.45
1,17,0.3,1.2,1.5,7,32.69,-5.05,-0.44
1,17,0.3,1.2,1.5,11,32.78,-2.22,-0.14
1,17,0.3,1.2,1.5,15,32.95,-0.08,0.08
1,17,0.3,1.2,1.5,19,33.22,2.49,0.35
1,17,0.3,1.2,1.8,3,32.33,-15.01,-1.45
1,17,0.3,1.2,1.8,7,32.69,-5.05,-0.44
1,17,0.3,1.2,1.8,11,32.78,-2.22,-0.14
1,17,0.3,1.2,1.8,15,32.95,-0.08,0.08
1,17,0.3,1.2,1.8,19,33.22,2.49,0.35
1,17,0.3,1.2,2.1,3,32.33,-15.01,-1.45
1,17,0.3,1.2,2.1,7,32.69,-5.05,-0.44
1,17,0.3,1.2,2.1,11,32.78,-2.22,-0.14
1,17,0.3,1.2,2.1,15,32.95,-0.08,0.08
1,17,0.3,1.2,2.1,19,33.22,2.49,0.35
1,17,0.3,1.5,0.0,3,26.34,-13.2,-1.08
1,17,0.3,1.5,0.0,7,26.08,-10.03,-0.85
1,17,0.3,1.5,0.0,11,26.08,-8.38,-0.69
1,17,0.3,1.5,0.0,15,26.26,-6.6,-0.52
1,17,0.3,1.5,0.0,19,26.34,-6.27,-0.49
1,17,0.3,1.5,0.3,3,32.07,-12.33,-1.13
1,17,0.3,1.5,0.3,7,32.07,-5.9,-0.52
1,17,0.3,1.5,0.3,11,32.42,0.89,0.18
1,17,0.3,1.5,0.3,15,32.6,3.3,0.42
1,17,0.3,1.5,0.3,19,32.86,3.15,0.41
1,17,0.3,1.5,0.6,3,32.07,-12.33,-1.13
1,17,0.3,1.5,0.6,7,32.07,-5.9,-0.52
1,17,0.3,1.5,0.6,11,32.42,0.89,0.18
1,17,0.3,1.5,0.6,15,32.6,3.3,0.42
1,17,0.3,1.5,0.6,19,32.86,3.15,0.41
1,17,0.3,1.5,0.9,3,32.07,-12.33,-1.13
1,17,0.3,1.5,0.9,7,32.07,-5.9,-0.52
1,17,0.3,1.5,0.9,11,32.42,0.89,0.18
1,17,0.3,1.5,0.9,15,32.6,3.3,0.42
1,17,0.3,1.5,0.9,19,32.86,3.15,0.41
1,17,0.3,1.5,1.2,3,32.07,-12.33,-1.13
1,17,0.3,1.5,1.2,7,32.07,-5.9,-0.52
1,17,0.3,1.5,1.2,11,32.42,0.89,0.18
1,17,0.3,1.5,1.2,15,32.6,3.3,0.42
1,17,0.3,1.5,1.2,19,32.86,3.15,0.41
1,17,0.3,1.5,1.5,3,32.07,-12.33,-1.13
1,17,0.3,1.5,1.5,7,32.07,-5.9,-0.52
1,17,0.3,1.5,1.5,11,32.42,0.89,0.18
1,17,0.3,1.5,1.5,15,32.6,3.3,0.42
1,17,0.3,1.5,1.5,19,32.86,3.15,0.41
1,17,0.3,1.5,1.8,3,32.07,-12.33,-1.13
1,17,0.3,1.5,1.8,7,32.07,-5.9,-0.52
1,17,0.3,1.5,1.8,11,32.42,0.89,0.18
1,17,0.3,1.5,1.8,15,32.6,3.3,0.42
1,17,0.3,1.5,1.8,19,32.86,3.15,0.41
1,17,0.3,1.5,2.1,3,32.07,-12.33,-1.13
1,17,0.3,1.5,2.1,7,32.07,-5.9,-0.52
1,17,0.3,1.5,2.1,11,32.42,0.89,0.18
1,17,0.3,1.5,2.1,15,32.6,3.3,0.42
1,17,0.3,1.5,2.1,19,32.86,3.15,0.41
1,17,0.3,1.8,0.0,3,24.93,-10.57,-0.79
1,17,0.3,1.8,0.0,7,24.67,-8.36,-0.65
1,17,0.3,1.8,0.0,11,24.76,-8.46,-0.66
1,17,0.3,1.8,0.0,15,24.58,-11.22,-0.94
1,17,0.3,1.8,0.0,19,24.76,-12.16,-1.04
1,17,0.3,1.8,0.3,3,31.89,-8.9,-0.75
1,17,0.3,1.8,0.3,7,31.89,-3.86,-0.29
1,17,0.3,1.8,0.3,11,32.16,1.07,0.2
1,17,0.3,1.8,0.3,15,32.25,0.19,0.11
1,17,0.3,1.8,0.3,19,32.51,-0.57,0.04
1,17,0.3,1.8,0.6,3,31.89,-8.9,-0.75
1,17,0.3,1.8,0.6,7,31.89,-3.86,-0.29
1,17,0.3,1.8,0.6,11,32.16,1.07,0.2
1,17,0.3,1.8,0.6,15,32.25,0.19,0.11
1,17,0.3,1.8,0.6,19,32.51,-0.57,0.04
1,17,0.3,1.8,0.9,3,31.89,-8.9,-0.75
1,17,0.3,1.8,0.9,7,31.89,-3.86,-0.29
1,17,0.3,1.8,0.9,11,32.16,1.07,0.2
1,17,0.3,1.8,0.9,15,32.25,0.19,0.11
1,17,0.3,1.8,0.9,19,32.51,-0.57,0.04
1,17,0.3,1.8,1.2,3,31.89,-8.9,-0.75
1,17,0.3,1.8,1.2,7,31.89,-3.86,-0.29
1,17,0.3,1.8,1.2,11,32.16,1.07,0.2
1,17,0.3,1.8,1.2,15,32.25,0.19,0.11
1,17,0.3,1.8,1.2,19,32.51,-0.57,0.04
1,17,0.3,1.8,1.5,3,31.89,-8.9,-0.75
1,17,0.3,1.8,1.5,7,31.89,-3.86,-0.29
1,17,0.3,1.8,1.5,11,32.16,1.07,0.2
1,17,0.3,1.8,1.5,15,32.25,0.19,0.11
1,17,0.3,1.8,1.5,19,32.51,-0.57,0.04
1,17,0.3,1.8,1.8,3,31.89,-8.9,-0.75
1,17,0.3,1.8,1.8,7,31.89,-3.86,-0.29
1,17,0.3,1.8,1.8,11,32.16,1.07,0.2
1,17,0.3,1.8,1.8,15,32.25,0.19,0.11
1,17,0.3,1.8,1.8,19,32.51,-0.57,0.04
1,17,0.3,1.8,2.1,3,31.89,-8.9,-0.75
1,17,0.3,1.8,2.1,7,31.89,-3.86,-0.29
1,17,0.3,1.8,2.1,11,32.16,1.07,0.2
1,17,0.3,1.8,2.1,15,32.25,0.19,0.11
1,17,0.3,1.8,2.1,19,32.51,-0.57,0.04
1,17,0.3,2.1,0.0,3,24.05,-9.91,-0.71
1,17,0.3,2.1,0.0,7,23.81,-10.17,-0.79
1,17,0.3,2.1,0.0,11,24.07,-8.6,-0.65
1,17,0.3,2.1,0.0,15,23.81,-7.34,-0.53
1,17,0.3,2.1,0.0,19,23.37,-9.33,-0.71
1,17,0.3,2.1,0.3,3,31.89,-6.01,-0.46
1,17,0.3,2.1,0.3,7,31.83,-3.55,-0.26
1,17,0.3,2.1,0.3,11,32.1,-0.8,0.02
1,17,0.3,2.1,0.3,15,32.19,1.53,0.25
1,17,0.3,2.1,0.3,19,32.45,0.4,0.14
1,17,0.3,2.1,0.6,3,31.89,-6.01,-0.46
1,17,0.3,2.1,0.6,7,31.83,-3.55,-0.26
1,17,0.3,2.1,0.6,11,32.1,-0.8,0.02
1,17,0.3,2.1,0.6,15,32.19,1.53,0.25
1,17,0.3,2.1,0.6,19,32.45,0.4,0.14
1,17,0.3,2.1,0.9,3,31.89,-6.01,-0.46
1,17,0.3,2.1,0.9,7,31.83,-3.55,-0.26
1,17,0.3,2.1,0.9,11,32.1,-0.8,0.02
1,17,0.3,2.1,0.9,15,32.19,1.53,0.25
1,17,0.3,2.1,0.9,19,32.45,0.4,0.14
1,17,0.3,2.1,1.2,3,31.89,-6.01,-0.46
1,17,0.3,2.1,1.2,7,31.83,-3.55,-0.26
1,17,0.3,2.1,1.2,11,32.1,-0.8,0.02
1,17,0.3,2.1,1.2,15,32.19,1.53,0.25
1,17,0.3,2.1,1.2,19,32.45,0.4,0.14
1,17,0.3,2.1,1.5,3,31.89,-6.01,-0.46
1,17,0.3,2.1,1.5,7,31.83,-3.55,-0.26
1,17,0.3,2.1,1.5,11,32.1,-0.8,0.02
1,17,0.3,2.1,1.5,15,32.19,1.53,0.25
1,17,0.3,2.1,1.5,19,32.45,0.4,0.14
1,17,0.3,2.1,1.8,3,31.89,-6.01,-0.46
1,17,0.3,2.1,1.8,7,31.83,-3.55,-0.26
1,17,0.3,2.1,1.8,11,32.1,-0.8,0.02
1,17,0.3,2.1,1.8,15,32.19,1.53,0.25
1,17,0.3,2.1,1.8,19,32.45,0.4,0.14
1,17,0.3,2.1,2.1,3,31.89,-6.01,-0.46
1,17,0.3,2.1,2.1,7,31.83,-3.55,-0.26
1,17,0.3,2.1,2.1,11,32.1,-0.8,0.02
1,17,0.3,2.1,2.1,15,32.19,1.53,0.25
1,17,0.3,2.1,2.1,19,32.45,0.4,0.14
1,17,0.6,0.0,0.0,3,57.89,-9.33,-1.03
1,17,0.6,0.0,0.0,7,57.27,-10.84,-1.25
1,17,0.6,0.0,0.0,11,56.92,-10.59,-1.22
1,17,0.6,0.0,0.0,15,56.39,-11.98,-1.41
1,17,0.6,0.0,0.0,19,56.65,-10.22,-1.17
1,17,0.6,0.0,0.3,3,57.89,-9.33,-1.03
1,17,0.6,0.0,0.3,7,57.27,-10.84,-1.25
1,17,0.6,0.0,0.3,11,56.92,-10.59,-1.22
1,17,0.6,0.0,0.3,15,56.39,-11.98,-1.41
1,17,0.6,0.0,0.3,19,56.65,-10.22,-1.17
1,17,0.6,0.0,0.6,3,57.89,-9.33,-1.03
1,17,0.6,0.0,0.6,7,57.27,-10.84,-1.25
1,17,0.6,0.0,0.6,11,56.92,-10.59,-1.22
1,17,0.6,0.0,0.6,15,56.39,-11.98,-1.41
1,17,0.6,0.0,0.6,19,56.65,-10.22,-1.17
1,17,0.6,0.0,0.9,3,57.89,-9.33,-1.03
1,17,0.6,0.0,0.9,7,57.27,-10.84,-1.25
1,17,0.6,0.0,0.9,11,56.92,-10.59,-1.22
1,17,0.6,0.0,0.9,15,56.39,-11.98,-1.41
1,17,0.6,0.0,0.9,19,56.65,-10.22,-1.17
1,17,0.6,0.0,1.2,3,57.89,-9.33,-1.03
1,17,0.6,0.0,1.2,7,57.27,-10.84,-1.25
1,17,0.6,0.0,1.2,11,56.92,-10.59,-1.22
1,17,0.6,0.0,1.2,15,56.39,-11.98,-1.41
1,17,0.6,0.0,1.2,19,56.65,-10.22,-1.17
1,17,0.6,0.0,1.5,3,57.89,-9.33,-1.03
1,17,0.6,0.0,1.5,7,57.27,-10.84,-1.25
1,17,0.6,0.0,1.5,11,56.92,-10.59,-1.22
1,17,0.6,0.0,1.5,15,56.39,-11.98,-1.41
1,17,0.6,0.0,1.5,19,56.65,-10.22,-1.17
1,17,0.6,0.0,1.8,3,57.89,-9.33,-1.03
1,17,0.6,0.0,1.8,7,57.27,-10.84,-1.25
1,17,0.6,0.0,1.8,11,56.92,-10.59,-1.22
1,17,0.6,0.0,1.8,15,56.39,-11.98,-1.41
1,17,0.6,0.0,1.8,19,56.65,-10.22,-1.17
1,17,0.6,0.0,2.1,3,57.89,-9.33,-1.03
1,17,0.6,0.0,2.1,7,57.27,-10.84,-1.25
1,17,0.6,0.0,2.1,11,56.92,-10.59,-1.22
1,17,0.6,0.0,2.1,15,56.39,-11.98,-1.41
1,17,0.6,0.0,2.1,19,56.65,-10.22,-1.17
1,17,0.6,0.3,0.0,3,47.05,-14.84,-1.55
1,17,0.6,0.3,0.0,7,45.99,-18.26,-2.04
1,17,0.6,0.3,0.0,11,46.08,-17.94,-2.02
1,17,0.6,0.3,0.0,15,45.99,-16.6,-1.86
1,17,0.6,0.3,0.0,19,46.43,-13.76,-1.49
1,17,0.6,0.3,0.3,3,46.87,-14.28,-1.49
1,17,0.6,0.3,0.3,7,45.81,-18.29,-2.05
1,17,0.6,0.3,0.3,11,45.9,-18.09,-2.05
1,17,0.6,0.3,0.3,15,45.46,-18.01,-2.05
1,17,0.6,0.3,0.3,19,45.99,-14.77,-1.62
1,17,0.6,0.3,0.6,3,46.87,-14.28,-1.49
1,17,0.6,0.3,0.6,7,45.81,-18.29,-2.05
1,17,0.6,0.3,0.6,11,45.9,-18.09,-2.05
1,17,0.6,0.3,0.6,15,45.46,-18.01,-2.05
1,17,0.6,0.3,0.6,19,45.99,-14.77,-1.62
1,17,0.6,0.3,0.9,3,46.87,-14.28,-1.49
1,17,0.6,0.3,0.9,7,45.81,-18.29,-2.05
1,17,0.6,0.3,0.9,11,45.9,-18.09,-2.05
1,17,0.6,0.3,0.9,15,45.46,-18.01,-2.05
1,17,0.6,0.3,0.9,19,45.99,-14.77,-1.62
1,17,0.6,0.3,1.2,3,46.87,-14.28,-1.49
1,17,0.6,0.3,1.2,7,45.81,-18.29,-2.05
1,17,0.6,0.3,1.2,11,45.9,-18.09,-2.05
1,17,0.6,0.3,1.2,15,45.46,-18.01,-2.05
1,17,0.6,0.3,1.2,19,45.99,-14.77,-1.62
1,17,0.6,0.3,1.5,3,46.87,-14.28,-1.49
1,17,0.6,0.3,1.5,7,45.81,-18.29,-2.05
1,17,0.6,0.3,1.5,11,45.9,-18.09,-2.05
1,17,0.6,0.3,1.5,15,45.46,-18.01,-2.05
1,17,0.6,0.3,1.5,19,45.99,-14.77,-1.62
1,17,0.6,0.3,1.8,3,46.87,-14.28,-1.49
1,17,0.6,0.3,1.8,7,45.81,-18.29,-2.05
1,17,0.6,0.3,1.8,11,45.9,-18.09,-2.05
1,17,0.6,0.3,1.8,15,45.46,-18.01,-2.05
1,17,0.6,0.3,1.8,19,45.99,-14.77,-1.62
1,17,0.6,0.3,2.1,3,46.87,-14.28,-1.49
1,17,0.6,0.3,2.1,7,45.81,-18.29,-2.05
1,17,0.6,0.3,2.1,11,45.9,-18.09,-2.05
1,17,0.6,0.3,2.1,15,45.46,-18.01,-2.05
1,17,0.6,0.3,2.1,19,45.99,-14.77,-1.62
1,17,0.6,0.6,0.0,3,39.38,-12.04,-1.12
1,17,0.6,0.6,0.0,7,38.94,-14.07,-1.4
1,17,0.6,0.6,0.0,11,38.94,-13.29,-1.32
1,17,0.6,0.6,0.0,15,38.15,-16.65,-1.71
1,17,0.6,0.6,0.0,19,38.41,-14.63,-1.46
1,17,0.6,0.6,0.3,3,38.68,-12.39,-1.17
1,17,0.6,0.6,0.3,7,38.41,-13.44,-1.33
1,17,0.6,0.6,0.3,11,38.24,-14.02,-1.41
1,17,0.6,0.6,0.3,15,37.36,-17.59,-1.84
1,17,0.6,0.6,0.3,19,37.44,-15.83,-1.62
1,17,0.6,0.6,0.6,3,38.68,-12.39,-1.17
1,17,0.6,0.6,0.6,7,38.41,-13.44,-1.33
1,17,0.6,0.6,0.6,11,38.24,-14.02,-1.41
1,17,0.6,0.6,0.6,15,37.36,-17.59,-1.84
1,17,0.6,0.6,0.6,19,37.44,-15.83,-1.62
1,17,0.6,0.6,0.9,3,38.68,-12.39,-1.17
1,17,0.6,0.6,0.9,7,38.41,-13.44,-1.33
1,17,0.6,0.6,0.9,11,38.24,-14.02,-1.41
1,17,0.6,0.6,0.9,15,37.36,-17.59,-1.84
1,17,0.6,0.6,0.9,19,37.44,-15.83,-1.62
1,17,0.6,0.6,1.2,3,38.68,-12.39,-1.17
1,17,0.6,0.6,1.2,7,38.41,-13.44,-1.33
1,17,0.6,0.6,1.2,11,38.24,-14.02,-1.41
1,17,0.6,0.6,1.2,15,37.36,-17.59,-1.84
1,17,0.6,0.6,1.2,19,37.44,-15.83,-1.62
1,17,0.6,0.6,1.5,3,38.68,-12.39,-1.17
1,17,0.6,0.6,1.5,7,38.41,-13.44,-1.33
1,17,0.6,0.6,1.5,11,38.24,-14.02,-1.41
1,17,0.6,0.6,1.5,15,37.36,-17.59,-1.84
1,17,0.6,0.6,1.5,19,37.44,-15.83,-1.62
1,17,0.6,0.6,1.8,3,38.68,-12.39,-1.17
1,17,0.6,0.6,1.8,7,38.41,-13.44,-1.33
1,17,0.6,0.6,1.8,11,38.24,-14.02,-1.41
1,17,0.6,0.6,1.8,15,37.36,-17.59,-1.84
1,17,0.6,0.6,1.8,19,37.44,-15.83,-1.62
1,17,0.6,0.6,2.1,3,38.68,-12.39,-1.17
1,17,0.6,0.6,2.1,7,38.41,-13.44,-1.33
1,17,0.6,0.6,2.1,11,38.24,-14.02,-1.41
1,17,0.6,0.6,2.1,15,37.36,-17.59,-1.84
1,17,0.6,0.6,2.1,19,37.44,-15.83,-1.62
1,17,0.6,0.9,0.0,3,33.92,-11.46,-0.94
1,17,0.6,0.9,0.0,7,34.1,-11.14,-0.97
1,17,0.6,0.9,0.0,11,34.1,-10.15,-0.88
1,17,0.6,0.9,0.0,15,33.57,-12.52,-1.12
1,17,0.6,0.9,0.0,19,33.3,-12.58,-1.12
1,17,0.6,0.9,0.3,3,33.57,-14.36,-1.27
1,17,0.6,0.9,0.3,7,33.22,-14.47,-1.36
1,17,0.6,0.9,0.3,11,33.04,-13.33,-1.25
1,17,0.6,0.9,0.3,15,32.51,-15.41,-1.48
1,17,0.6,0.9,0.3,19,32.33,-14.21,-1.34
1,17,0.6,0.9,0.6,3,33.57,-14.36,-1.27
1,17,0.6,0.9,0.6,7,33.22,-14.47,-1.36
1,17,0.6,0.9,0.6,11,33.04,-13.33,-1.25
1,17,0.6,0.9,0.6,15,32.51,-15.41,-1.48
1,17,0.6,0.9,0.6,19,32.33,-14.21,-1.34
1,17,0.6,0.9,0.9,3,33.57,-14.36,-1.27
1,17,0.6,0.9,0.9,7,33.22,-14.47,-1.36
1,17,0.6,0.9,0.9,11,33.04,-13.33,-1.25
1,17,0.6,0.9,0.9,15,32.51,-15.41,-1.48
1,17,0.6,0.9,0.9,19,32.33,-14.21,-1.34
1,17,0.6,0.9,1.2,3,33.57,-14.36,-1.27
1,17,0.6,0.9,1.2,7,33.22,-14.47,-1.36
1,17,0.6,0.9,1.2,11,33.04,-13.33,-1.25
1,17,0.6,0.9,1.2,15,32.51,-15.41,-1.48
1,17,0.6,0.9,1.2,19,32.33,-14.21,-1.34
1,17,0.6,0.9,1.5,3,33.57,-14.36,-1.27
1,17,0.6,0.9,1.5,7,33.22,-14.47,-1.36
1,17,0.6,0.9,1.5,11,33.04,-13.33,-1.25
1,17,0.6,0.9,1.5,15,32.51,-15.41,-1.48
1,17,0.6,0.9,1.5,19,32.33,-14.21,-1.34
1,17,0.6,0.9,1.8,3,33.57,-14.36,-1.27
1,17,0.6,0.9,1.8,7,33.22,-14.47,-1.36
1,17,0.6,0.9,1.8,11,33.04,-13.33,-1.25
1,17,0.6,0.9,1.8,15,32.51,-15.41,-1.48
1,17,0.6,0.9,1.8,19,32.33,-14.21,-1.34
1,17,0.6,0.9,2.1,3,33.57,-14.36,-1.27
1,17,0.6,0.9,2.1,7,33.22,-14.47,-1.36
1,17,0.6,0.9,2.1,11,33.04,-13.33,-1.25
1,17,0.6,0.9,2.1,15,32.51,-15.41,-1.48
1,17,0.6,0.9,2.1,19,32.33,-14.21,-1.34
1,17,0.6,1.2,0.0,3,31.19,-12.69,-1.01
1,17,0.6,1.2,0.0,7,31.01,-11.63,-0.96
1,17,0.6,1.2,0.0,11,31.19,-11.34,-0.95
1,17,0.6,1.2,0.0,15,30.66,-13.89,-1.21
1,17,0.6,1.2,0.0,19,30.84,-9.77,-0.79
1,17,0.6,1.2,0.3,3,31.54,-16.91,-1.48
1,17,0.6,1.2,0.3,7,31.37,-15.51,-1.42
1,17,0.6,1.2,0.3,11,31.1,-13.83,-1.26
1,17,0.6,1.2,0.3,15,31.01,-13.67,-1.25
1,17,0.6,1.2,0.3,19,31.28,-8.45,-0.71
1,17,0.6,1.2,0.6,3,31.54,-16.91,-1.48
1,17,0.6,1.2,0.6,7,31.37,-15.51,-1.42
1,17,0.6,1.2,0.6,11,31.1,-13.83,-1.26
1,17,0.6,1.2,0.6,15,31.01,-13.67,-1.25
1,17,0.6,1.2,0.6,19,31.28,-8.45,-0.71
1,17,0.6,1.2,0.9,3,31.54,-16.91,-1.48
1,17,0.6,1.2,0.9,7,31.37,-15.51,-1.42
1,17,0.6,1.2,0.9,11,31.1,-13.83,-1.26
1,17,0.6,1.2,0.9,15,31.01,-13.67,-1.25
1,17,0.6,1.2,0.9,19,31.28,-8.45,-0.71
1,17,0.6,1.2,1.2,3,31.54,-16.91,-1.48
1,17,0.6,1.2,1.2,7,31.37,-15.51,-1.42
1,17,0.6,1.2,1.2,11,31.1,-13.83,-1.26
1,17,0.6,1.2,1.2,15,31.01,-13.67,-1.25
1,17,0.6,1.2,1.2,19,31.28,-8.45,-0.71
1,17,0.6,1.2,1.5,3,31.54,-16.91,-1.48
1,17,0.6,1.2,1.5,7,31.37,-15.51,-1.42
1,17,0.6,1.2,1.5,11,31.1,-13.83,-1.26
1,17,0.6,1.2,1.5,15,31.01,-13.67,-1.25
1,17,0.6,1.2,1.5,19,31.28,-8.45,-0.71
1,17,0.6,1.2,1.8,3,31.54,-16.91,-1.48
1,17,0.6,1.2,1.8,7,31.37,-15.51,-1.42
1,17,0.6,1.2,1.8,11,31.1,-13.83,-1.26
1,17,0.6,1.2,1.8,15,31.01,-13.67,-1.25
1,17,0.6,1.2,1.8,19,31.28,-8.45,-0.71
1,17,0.6,1.2,2.1,3,31.54,-16.91,-1.48
1,17,0.6,1.2,2.1,7,31.37,-15.51,-1.42
1,17,0.6,1.2,2.1,11,31.1,-13.83,-1.26
1,17,0.6,1.2,2.1,15,31.01,-13.67,-1.25
1,17,0.6,1.2,2.1,19,31.28,-8.45,-0.71
1,17,0.6,1.5,0.0,3,29.16,-11.09,-0.82
1,17,0.6,1.5,0.0,7,28.9,-10.83,-0.83
1,17,0.6,1.5,0.0,11,28.55,-10.96,-0.85
1,17,0.6,1.5,0.0,15,28.19,-13.75,-1.13
1,17,0.6,1.5,0.0,19,28.37,-12.27,-0.98
1,17,0.6,1.5,0.3,3,30.84,-15.63,-1.32
1,17,0.6,1.5,0.3,7,30.66,-15.66,-1.39
1,17,0.6,1.5,0.3,11,30.57,-12.59,-1.09
1,17,0.6,1.5,0.3,15,30.22,-13.49,-1.19
1,17,0.6,1.5,0.3,19,30.4,-11.02,-0.93
1,17,0.6,1.5,0.6,3,30.84,-15.63,-1.32
1,17,0.6,1.5,0.6,7,30.66,-15.66,-1.39
1,17,0.6,1.5,0.6,11,30.57,-12.59,-1.09
1,17,0.6,1.5,0.6,15,30.22,-13.49,-1.19
1,17,0.6,1.5,0.6,19,30.4,-11.02,-0.93
1,17,0.6,1.5,0.9,3,30.84,-15.63,-1.32
1,17,0.6,1.5,0.9,7,30.66,-15.66,-1.39
1,17,0.6,1.5,0.9,11,30.57,-12.59,-1.09
1,17,0.6,1.5,0.9,15,30.22,-13.49,-1.19
1,17,0.6,1.5,0.9,19,30.4,-11.02,-0.93
1,17,0.6,1.5,1.2,3,30.84,-15.63,-1.32
1,17,0.6,1.5,1.2,7,30.66,-15.66,-1.39
1,17,0.6,1.5,1.2,11,30.57,-12.59,-1.09
1,17,0.6,1.5,1.2,15,30.22,-13.49,-1.19
1,17,0.6,1.5,1.2,19,30.4,-11.02,-0.93
1,17,0.6,1.5,1.5,3,30.84,-15.63,-1.32
1,17,0.6,1.5,1.5,7,30.66,-15.66,-1.39
1,17,0.6,1.5,1.5,11,30.57,-12.59,-1.09
1,17,0.6,1.5,1.5,15,30.22,-13.49,-1.19
1,17,0.6,1.5,1.5,19,30.4,-11.02,-0.93
1,17,0.6,1.5,1.8,3,30.84,-15.63,-1.32
1,17,0.6,1.5,1.8,7,30.66,-15.66,-1.39
1,17,0.6,1.5,1.8,11,30.57,-12.59,-1.09
1,17,0.6,1.5,1.8,15,30.22,-13.49,-1.19
1,17,0.6,1.5,1.8,19,30.4,-11.02,-0.93
1,17,0.6,1.5,2.1,3,30.84,-15.63,-1.32
1,17,0.6,1.5,2.1,7,30.66,-15.66,-1.39
1,17,0.6,1.5,2.1,11,30.57,-12.59,-1.09
1,17,0.6,1.5,2.1,15,30.22,-13.49,-1.19
1,17,0.6,1.5,2.1,19,30.4,-11.02,-0.93
1,17,0.6,1.8,0.0,3,27.49,-11.38,-0.81
1,17,0.6,1.8,0.0,7,27.31,-8.77,-0.61
1,17,0.6,1.8,0.0,11,27.05,-11.31,-0.84
1,17,0.6,1.8,0.0,15,26.43,-18.08,-1.49
1,17,0.6,1.8,0.0,19,26.7,-17.81,-1.47
1,17,0.6,1.8,0.3,3,30.48,-11.97,-0.93
1,17,0.6,1.8,0.3,7,30.22,-12.37,-1.02
1,17,0.6,1.8,0.3,11,29.87,-14.27,-1.22
1,17,0.6,1.8,0.3,15,29.52,-17.91,-1.61
1,17,0.6,1.8,0.3,19,29.69,-14.73,-1.28
1,17,0.6,1.8,0.6,3,30.48,-11.97,-0.93
1,17,0.6,1.8,0.6,7,30.22,-12.37,-1.02
1,17,0.6,1.8,0.6,11,29.87,-14.27,-1.22
1,17,0.6,1.8,0.6,15,29.52,-17.91,-1.61
1,17,0.6,1.8,0.6,19,29.69,-14.73,-1.28
1,17,0.6,1.8,0.9,3,30.48,-11.97,-0.93
1,17,0.6,1.8,0.9,7,30.22,-12.37,-1.02
1,17,0.6,1.8,0.9,11,29.87,-14.27,-1.22
1,17,0.6,1.8,0.9,15,29.52,-17.91,-1.61
1,17,0.6,1.8,0.9,19,29.69,-14.73,-1.28
1,17,0.6,1.8,1.2,3,30.48,-11.97,-0.93
1,17,0.6,1.8,1.2,7,30.22,-12.37,-1.02
1,17,0.6,1.8,1.2,11,29.87,-14.27,-1.22
1,17,0.6,1.8,1.2,15,29.52,-17.91,-1.61
1,17,0.6,1.8,1.2,19,29.69,-14.73,-1.28
1,17,0.6,1.8,1.5,3,30.48,-11.97,-0.93
1,17,0.6,1.8,1.5,7,30.22,-12.37,-1.02
1,17,0.6,1.8,1.5,11,29.87,-14.27,-1.22
1,17,0.6,1.8,1.5,15,29.52,-17.91,-1.61
1,17,0.6,1.8,1.5,19,29.69,-14.73,-1.28
1,17,0.6,1.8,1.8,3,30.48,-11.97,-0.93
1,17,0.6,1.8,1.8,7,30.22,-12.37,-1.02
1,17,0.6,1.8,1.8,11,29.87,-14.27,-1.22
1,17,0.6,1.8,1.8,15,29.52,-17.91,-1.61
1,17,0.6,1.8,1.8,19,29.69,-14.73,-1.28
1,17,0.6,1.8,2.1,3,30.48,-11.97,-0.93
1,17,0.6,1.8,2.1,7,30.22,-12.37,-1.02
1,17,0.6,1.8,2.1,11,29.87,-14.27,-1.22
1,17,0.6,1.8,2.1,15,29.52,-17.91,-1.61
1,17,0.6,1.8,2.1,19,29.69,-14.73,-1.28
1,17,0.6,2.1,0.0,3,26.61,-9.08,-0.59
1,17,0.6,2.1,0.0,7,26.28,-11.21,-0.8
1,17,0.6,2.1,0.0,11,26.19,-11.05,-0.79
1,17,0.6,2.1,0.0,15,25.57,-14.35,-1.09
1,17,0.6,2.1,0.0,19,25.31,-14.27,-1.07
1,17,0.6,2.1,0.3,3,30.4,-10.14,-0.75
1,17,0.6,2.1,0.3,7,29.98,-11.75,-0.94
1,17,0.6,2.1,0.3,11,29.81,-12.47,-1.02
1,17,0.6,2.1,0.3,15,29.37,-14.87,-1.26
1,17,0.6,2.1,0.3,19,29.54,-11.58,-0.94
1,17,0.6,2.1,0.6,3,30.4,-10.14,-0.75
1,17,0.6,2.1,0.6,7,29.98,-11.75,-0.94
1,17,0.6,2.1,0.6,11,29.81,-12.47,-1.02
1,17,0.6,2.1,0.6,15,29.37,-14.87,-1.26
1,17,0.6,2.1,0.6,19,29.54,-11.58,-0.94
1,17,0.6,2.1,0.9,3,30.4,-10.14,-0.75
1,17,0.6,2.1,0.9,7,29.98,-11.75,-0.94
1,17,0.6,2.1,0.9,11,29.81,-12.47,-1.02
1,17,0.6,2.1,0.9,15,29.37,-14.87,-1.26
1,17,0.6,2.1,0.9,19,29.54,-11.58,-0.94
1,17,0.6,2.1,1.2,3,30.4,-10.14,-0.75
1,17,0.6,2.1,1.2,7,29.98,-11.75,-0.94
1,17,0.6,2.1,1.2,11,29.81,-12.47,-1.02
1,17,0.6,2.1,1.2,15,29.37,-14.87,-1.26
1,17,0.6,2.1,1.2,19,29.54,-11.58,-0.94
1,17,0.6,2.1,1.5,3,30.4,-10.14,-0.75
1,17,0.6,2.1,1.5,7,29.98,-11.75,-0.94
1,17,0.6,2.1,1.5,11,29.81,-12.47,-1.02
1,17,0.6,2.1,1.5,15,29.37,-14.87,-1.26
1,17,0.6,2.1,1.5,19,29.54,-11.58,-0.94
1,17,0.6,2.1,1.8,3,30.4,-10.14,-0.75
1,17,0.6,2.1,1.8,7,29.98,-11.75,-0.94
1,17,0.6,2.1,1.8,11,29.81,-12.47,-1.02
1,17,0.6,2.1,1.8,15,29.37,-14.87,-1.26
1,17,0.6,2.1,1.8,19,29.54,-11.58,-0.94
1,17,0.6,2.1,2.1,3,30.4,-10.14,-0.75
1,17,0.6,2.1,2.1,7,29.98,-11.75,-0.94
1,17,0.6,2.1,2.1,11,29.81,-12.47,-1.02
1,17,0.6,2.1,2.1,15,29.37,-14.87,-1.26
1,17,0.6,2.1,2.1,19,29.54,-11.58,-0.94
1,17,0.9,0.0,0.0,3,59.3,-7.09,-0.71
1,17,0.9,0.0,0.0,7,58.85,-7.68,-0.8
1,17,0.9,0.0,0.0,11,58.24,-9.85,-1.08
1,17,0.9,0.0,0.0,15,58.24,-9.29,-1.01
1,17,0.9,0.0,0.0,19,58.24,-8.96,-0.97
1,17,0.9,0.0,0.3,3,59.3,-7.09,-0.71
1,17,0.9,0.0,0.3,7,58.85,-7.68,-0.8
1,17,0.9,0.0,0.3,11,58.24,-9.85,-1.08
1,17,0.9,0.0,0.3,15,58.24,-9.29,-1.01
1,17,0.9,0.0,0.3,19,58.24,-8.96,-0.97
1,17,0.9,0.0,0.6,3,59.3,-7.09,-0.71
1,17,0.9,0.0,0.6,7,58.85,-7.68,-0.8
1,17,0.9,0.0,0.6,11,58.24,-9.85,-1.08
1,17,0.9,0.0,0.6,15,58.24,-9.29,-1.01
1,17,0.9,0.0,0.6,19,58.24,-8.96,-0.97
1,17,0.9,0.0,0.9,3,59.3,-7.09,-0.71
1,17,0.9,0.0,0.9,7,58.85,-7.68,-0.8
1,17,0.9,0.0,0.9,11,58.24,-9.85,-1.08
1,17,0.9,0.0,0.9,15,58.24,-9.29,-1.01
1,17,0.9,0.0,0.9,19,58.24,-8.96,-0.97
1,17,0.9,0.0,1.2,3,59.3,-7.09,-0.71
1,17,0.9,0.0,1.2,7,58.85,-7.68,-0.8
1,17,0.9,0.0,1.2,11,58.24,-9.85,-1.08
1,17,0.9,0.0,1.2,15,58.24,-9.29,-1.01
1,17,0.9,0.0,1.2,19,58.24,-8.96,-0.97
1,17,0.9,0.0,1.5,3,59.3,-7.09,-0.71
1,17,0.9,0.0,1.5,7,58.85,-7.68,-0.8
1,17,0.9,0.0,1.5,11,58.24,-9.85,-1.08
1,17,0.9,0.0,1.5,15,58.24,-9.29,-1.01
1,17,0.9,0.0,1.5,19,58.24,-8.96,-0.97
1,17,0.9,0.0,1.8,3,59.3,-7.09,-0.71
1,17,0.9,0.0,1.8,7,58.85,-7.68,-0.8
1,17,0.9,0.0,1.8,11,58.24,-9.85,-1.08
1,17,0.9,0.0,1.8,15,58.24,-9.29,-1.01
1,17,0.9,0.0,1.8,19,58.24,-8.96,-0.97
1,17,0.9,0.0,2.1,3,59.3,-7.09,-0.71
1,17,0.9,0.0,2.1,7,58.85,-7.68,-0.8
1,17,0.9,0.0,2.1,11,58.24,-9.85,-1.08
1,17,0.9,0.0,2.1,15,58.24,-9.29,-1.01
1,17,0.9,0.0,2.1,19,58.24,-8.96,-0.97
1,17,0.9,0.3,0.0,3,48.19,-14.62,-1.46
1,17,0.9,0.3,0.0,7,47.58,-16.93,-1.78
1,17,0.9,0.3,0.0,11,47.4,-18.87,-2.07
1,17,0.9,0.3,0.0,15,47.67,-16.05,-1.72
1,17,0.9,0.3,0.0,19,47.93,-14.67,-1.55
1,17,0.9,0.3,0.3,3,48.19,-14.51,-1.44
1,17,0.9,0.3,0.3,7,47.4,-16.66,-1.75
1,17,0.9,0.3,0.3,11,47.22,-18.91,-2.08
1,17,0.9,0.3,0.3,15,47.49,-16.02,-1.71
1,17,0.9,0.3,0.3,19,47.93,-14.24,-1.5
1,17,0.9,0.3,0.6,3,48.19,-14.51,-1.44
1,17,0.9,0.3,0.6,7,47.4,-16.66,-1.75
1,17,0.9,0.3,0.6,11,47.22,-18.91,-2.08
1,17,0.9,0.3,0.6,15,47.49,-16.02,-1.71
1,17,0.9,0.3,0.6,19,47.93,-14.24,-1.5
1,17,0.9,0.3,0.9,3,48.19,-14.51,-1.44
1,17,0.9,0.3,0.9,7,47.4,-16.66,-1.75
1,17,0.9,0.3,0.9,11,47.22,-18.91,-2.08
1,17,0.9,0.3,0.9,15,47.49,-16.02,-1.71
1,17,0.9,0.3,0.9,19,47.93,-14.24,-1.5
1,17,0.9,0.3,1.2,3,48.19,-14.51,-1.44
1,17,0.9,0.3,1.2,7,47.4,-16.66,-1.75
1,17,0.9,0.3,1.2,11,47.22,-18.91,-2.08
1,17,0.9,0.3,1.2,15,47.49,-16.02,-1.71
1,17,0.9,0.3,1.2,19,47.93,-14.24,-1.5
1,17,0.9,0.3,1.5,3,48.19,-14.51,-1.44
1,17,0.9,0.3,1.5,7,47.4,-16.66,-1.75
1,17,0.9,0.3,1.5,11,47.22,-18.91,-2.08
1,17,0.9,0.3,1.5,15,47.49,-16.02,-1.71
1,17,0.9,0.3,1.5,19,47.93,-14.24,-1.5
1,17,0.9,0.3,1.8,3,48.19,-14.51,-1.44
1,17,0.9,0.3,1.8,7,47.4,-16.66,-1.75
1,17,0.9,0.3,1.8,11,47.22,-18.91,-2.08
1,17,0.9,0.3,1.8,15,47.49,-16.02,-1.71
1,17,0.9,0.3,1.8,19,47.93,-14.24,-1.5
1,17,0.9,0.3,2.1,3,48.19,-14.51,-1.44
1,17,0.9,0.3,2.1,7,47.4,-16.66,-1.75
1,17,0.9,0.3,2.1,11,47.22,-18.91,-2.08
1,17,0.9,0.3,2.1,15,47.49,-16.02,-1.71
1,17,0.9,0.3,2.1,19,47.93,-14.24,-1.5
1,17,0.9,0.6,0.0,3,40.53,-11.41,-1.0
1,17,0.9,0.6,0.0,7,40.35,-12.67,-1.18
1,17,0.9,0.6,0.0,11,40.0,-14.48,-1.4
1,17,0.9,0.6,0.0,15,39.47,-16.01,-1.57
1,17,0.9,0.6,0.0,19,39.56,-15.92,-1.56
1,17,0.9,0.6,0.3,3,40.09,-12.38,-1.11
1,17,0.9,0.6,0.3,7,40.09,-12.46,-1.16
1,17,0.9,0.6,0.3,11,39.65,-15.13,-1.48
1,17,0.9,0.6,0.3,15,39.12,-16.26,-1.6
1,17,0.9,0.6,0.3,19,39.3,-15.81,-1.55
1,17,0.9,0.6,0.6,3,40.09,-12.38,-1.11
1,17,0.9,0.6,0.6,7,40.09,-12.46,-1.16
1,17,0.9,0.6,0.6,11,39.65,-15.13,-1.48
1,17,0.9,0.6,0.6,15,39.12,-16.26,-1.6
1,17,0.9,0.6,0.6,19,39.3,-15.81,-1.55
1,17,0.9,0.6,0.9,3,40.09,-12.38,-1.11
1,17,0.9,0.6,0.9,7,40.09,-12.46,-1.16
1,17,0.9,0.6,0.9,11,39.65,-15.13,-1.48
1,17,0.9,0.6,0.9,15,39.12,-16.26,-1.6
1,17,0.9,0.6,0.9,19,39.3,-15.81,-1.55
1,17,0.9,0.6,1.2,3,40.09,-12.38,-1.11
1,17,0.9,0.6,1.2,7,40.09,-12.46,-1.16
1,17,0.9,0.6,1.2,11,39.65,-15.13,-1.48
1,17,0.9,0.6,1.2,15,39.12,-16.26,-1.6
1,17,0.9,0.6,1.2,19,39.3,-15.81,-1.55
1,17,0.9,0.6,1.5,3,40.09,-12.38,-1.11
1,17,0.9,0.6,1.5,7,40.09,-12.46,-1.16
1,17,0.9,0.6,1.5,11,39.65,-15.13,-1.48
1,17,0.9,0.6,1.5,15,39.12,-16.26,-1.6
1,17,0.9,0.6,1.5,19,39.3,-15.81,-1.55
1,17,0.9,0.6,1.8,3,40.09,-12.38,-1.11
1,17,0.9,0.6,1.8,7,40.09,-12.46,-1.16
1,17,0.9,0.6,1.8,11,39.65,-15.13,-1.48
1,17,0.9,0.6,1.8,15,39.12,-16.26,-1.6
1,17,0.9,0.6,1.8,19,39.3,-15.81,-1.55
1,17,0.9,0.6,2.1,3,40.09,-12.38,-1.11
1,17,0.9,0.6,2.1,7,40.09,-12.46,-1.16
1,17,0.9,0.6,2.1,11,39.65,-15.13,-1.48
1,17,0.9,0.6,2.1,15,39.12,-16.26,-1.6
1,17,0.9,0.6,2.1,19,39.3,-15.81,-1.55
1,17,0.9,0.9,0.0,3,34.8,-11.66,-0.92
1,17,0.9,0.9,0.0,7,35.33,-10.61,-0.87
1,17,0.9,0.9,0.0,11,35.15,-10.49,-0.88
1,17,0.9,0.9,0.0,15,34.89,-10.8,-0.91
1,17,0.9,0.9,0.0,19,34.45,-12.72,-1.1
1,17,0.9,0.9,0.3,3,33.92,-14.72,-1.23
1,17,0.9,0.9,0.3,7,34.19,-12.51,-1.07
1,17,0.9,0.9,0.3,11,34.19,-13.38,-1.19
1,17,0.9,0.9,0.3,15,34.1,-12.52,-1.09
1,17,0.9,0.9,0.3,19,33.74,-14.14,-1.26
1,17,0.9,0.9,0.6,3,33.92,-14.72,-1.23
1,17,0.9,0.9,0.6,7,34.19,-12.51,-1.07
1,17,0.9,0.9,0.6,11,34.19,-13.38,-1.19
1,17,0.9,0.9,0.6,15,34.1,-12.52,-1.09
1,17,0.9,0.9,0.6,19,33.74,-14.14,-1.26
1,17,0.9,0.9,0.9,3,33.92,-14.72,-1.23
1,17,0.9,0.9,0.9,7,34.19,-12.51,-1.07
1,17,0.9,0.9,0.9,11,34.19,-13.38,-1.19
1,17,0.9,0.9,0.9,15,34.1,-12.52,-1.09
1,17,0.9,0.9,0.9,19,33.74,-14.14,-1.26
1,17,0.9,0.9,1.2,3,33.92,-14.72,-1.23
1,17,0.9,0.9,1.2,7,34.19,-12.51,-1.07
1,17,0.9,0.9,1.2,11,34.19,-13.38,-1.19
1,17,0.9,0.9,1.2,15,34.1,-12.52,-1.09
1,17,0.9,0.9,1.2,19,33.74,-14.14,-1.26
1,17,0.9,0.9,1.5,3,33.92,-14.72,-1.23
1,17,0.9,0.9,1.5,7,34.19,-12.51,-1.07
1,17,0.9,0.9,1.5,11,34.19,-13.38,-1.19
1,17,0.9,0.9,1.5,15,34.1,-12.52,-1.09
1,17,0.9,0.9,1.5,19,33.74,-14.14,-1.26
1,17,0.9,0.9,1.8,3,33.92,-14.72,-1.23
1,17,0.9,0.9,1.8,7,34.19,-12.51,-1.07
1,17,0.9,0.9,1.8,11,34.19,-13.38,-1.19
1,17,0.9,0.9,1.8,15,34.1,-12.52,-1.09
1,17,0.9,0.9,1.8,19,33.74,-14.14,-1.26
1,17,0.9,0.9,2.1,3,33.92,-14.72,-1.23
1,17,0.9,0.9,2.1,7,34.19,-12.51,-1.07
1,17,0.9,0.9,2.1,11,34.19,-13.38,-1.19
1,17,0.9,0.9,2.1,15,34.1,-12.52,-1.09
1,17,0.9,0.9,2.1,19,33.74,-14.14,-1.26
1,17,0.9,1.2,0.0,3,31.98,-13.23,-1.02
1,17,0.9,1.2,0.0,7,32.07,-11.06,-0.87
1,17,0.9,1.2,0.0,11,32.16,-12.12,-0.99
1,17,0.9,1.2,0.0,15,31.89,-12.3,-1.01
1,17,0.9,1.2,0.0,19,31.98,-9.25,-0.72
1,17,0.9,1.2,0.3,3,31.1,-15.71,-1.27
1,17,0.9,1.2,0.3,7,31.28,-12.32,-1.01
1,17,0.9,1.2,0.3,11,31.45,-13.03,-1.1
1,17,0.9,1.2,0.3,15,31.37,-12.55,-1.05
1,17,0.9,1.2,0.3,19,31.54,-10.45,-0.85
1,17,0.9,1.2,0.6,3,31.1,-15.71,-1.27
1,17,0.9,1.2,0.6,7,31.28,-12.32,-1.01
1,17,0.9,1.2,0.6,11,31.45,-13.03,-1.1
1,17,0.9,1.2,0.6,15,31.37,-12.55,-1.05
1,17,0.9,1.2,0.6,19,31.54,-10.45,-0.85
1,17,0.9,1.2,0.9,3,31.1,-15.71,-1.27
1,17,0.9,1.2,0.9,7,31.28,-12.32,-1.01
1,17,0.9,1.2,0.9,11,31.45,-13.03,-1.1
1,17,0.9,1.2,0.9,15,31.37,-12.55,-1.05
1,17,0.9,1.2,0.9,19,31.54,-10.45,-0.85
1,17,0.9,1.2,1.2,3,31.1,-15.71,-1.27
1,17,0.9,1.2,1.2,7,31.28,-12.32,-1.01
1,17,0.9,1.2,1.2,11,31.45,-13.03,-1.1
1,17,0.9,1.2,1.2,15,31.37,-12.55,-1.05
1,17,0.9,1.2,1.2,19,31.54,-10.45,-0.85
1,17,0.9,1.2,1.5,3,31.1,-15.71,-1.27
1,17,0.9,1.2,1.5,7,31.28,-12.32,-1.01
1,17,0.9,1.2,1.5,11,31.45,-13.03,-1.1
1,17,0.9,1.2,1.5,15,31.37,-12.55,-1.05
1,17,0.9,1.2,1.5,19,31.54,-10.45,-0.85
1,17,0.9,1.2,1.8,3,31.1,-15.71,-1.27
1,17,0.9,1.2,1.8,7,31.28,-12.32,-1.01
1,17,0.9,1.2,1.8,11,31.45,-13.03,-1.1
1,17,0.9,1.2,1.8,15,31.37,-12.55,-1.05
1,17,0.9,1.2,1.8,19,31.54,-10.45,-0.85
1,17,0.9,1.2,2.1,3,31.1,-15.71,-1.27
1,17,0.9,1.2,2.1,7,31.28,-12.32,-1.01
1,17,0.9,1.2,2.1,11,31.45,-13.03,-1.1
1,17,0.9,1.2,2.1,15,31.37,-12.55,-1.05
1,17,0.9,1.2,2.1,19,31.54,-10.45,-0.85
1,17,0.9,1.5,0.0,3,29.96,-11.04,-0.78
1,17,0.9,1.5,0.0,7,29.96,-10.68,-0.78
1,17,0.9,1.5,0.0,11,29.52,-12.38,-0.95
1,17,0.9,1.5,0.0,15,29.43,-11.48,-0.88
1,17,0.9,1.5,0.0,19,29.52,-10.99,-0.83
1,17,0.9,1.5,0.3,3,29.96,-12.16,-0.9
1,17,0.9,1.5,0.3,7,29.87,-13.51,-1.07
1,17,0.9,1.5,0.3,11,29.78,-14.15,-1.15
1,17,0.9,1.5,0.3,15,29.87,-11.72,-0.93
1,17,0.9,1.5,0.3,19,30.04,-12.02,-0.95
1,17,0.9,1.5,0.6,3,29.96,-12.16,-0.9
1,17,0.9,1.5,0.6,7,29.87,-13.51,-1.07
1,17,0.9,1.5,0.6,11,29.78,-14.15,-1.15
1,17,0.9,1.5,0.6,15,29.87,-11.72,-0.93
1,17,0.9,1.5,0.6,19,30.04,-12.02,-0.95
1,17,0.9,1.5,0.9,3,29.96,-12.16,-0.9
1,17,0.9,1.5,0.9,7,29.87,-13.51,-1.07
1,17,0.9,1.5,0.9,11,29.78,-14.15,-1.15
1,17,0.9,1.5,0.9,15,29.87,-11.72,-0.93
1,17,0.9,1.5,0.9,19,30.04,-12.02,-0.95
1,17,0.9,1.5,1.2,3,29.96,-12.16,-0.9
1,17,0.9,1.5,1.2,7,29.87,-13.51,-1.07
1,17,0.9,1.5,1.2,11,29.78,-14.15,-1.15
1,17,0.9,1.5,1.2,15,29.87,-11.72,-0.93
1,17,0.9,1.5,1.2,19,30.04,-12.02,-0.95
1,17,0.9,1.5,1.5,3,29.96,-12.16,-0.9
1,17,0.9,1.5,1.5,7,29.87,-13.51,-1.07
1,17,0.9,1.5,1.5,11,29.78,-14.15,-1.15
1,17,0.9,1.5,1.5,15,29.87,-11.72,-0.93
1,17,0.9,1.5,1.5,19,30.04,-12.02,-0.95
1,17,0.9,1.5,1.8,3,29.96,-12.16,-0.9
1,17,0.9,1.5,1.8,7,29.87,-13.51,-1.07
1,17,0.9,1.5,1.8,11,29.78,-14.15,-1.15
1,17,0.9,1.5,1.8,15,29.87,-11.72,-0.93
1,17,0.9,1.5,1.8,19,30.04,-12.02,-0.95
1,17,0.9,1.5,2.1,3,29.96,-12.16,-0.9
1,17,0.9,1.5,2.1,7,29.87,-13.51,-1.07
1,17,0.9,1.5,2.1,11,29.78,-14.15,-1.15
1,17,0.9,1.5,2.1,15,29.87,-11.72,-0.93
1,17,0.9,1.5,2.1,19,30.04,-12.02,-0.95
1,17,0.9,1.8,0.0,3,28.28,-11.36,-0.77
1,17,0.9,1.8,0.0,7,28.37,-8.41,-0.55
1,17,0.9,1.8,0.0,11,28.11,-12.67,-0.93
1,17,0.9,1.8,0.0,15,27.75,-16.11,-1.26
1,17,0.9,1.8,0.0,19,27.93,-16.17,-1.28
1,17,0.9,1.8,0.3,3,29.34,-9.64,-0.65
1,17,0.9,1.8,0.3,7,29.16,-10.63,-0.77
1,17,0.9,1.8,0.3,11,28.99,-15.0,-1.19
1,17,0.9,1.8,0.3,15,28.72,-17.3,-1.42
1,17,0.9,1.8,0.3,19,28.99,-16.28,-1.34
1,17,0.9,1.8,0.6,3,29.34,-9.64,-0.65
1,17,0.9,1.8,0.6,7,29.16,-10.63,-0.77
1,17,0.9,1.8,0.6,11,28.99,-15.0,-1.19
1,17,0.9,1.8,0.6,15,28.72,-17.3,-1.42
1,17,0.9,1.8,0.6,19,28.99,-16.28,-1.34
1,17,0.9,1.8,0.9,3,29.34,-9.64,-0.65
1,17,0.9,1.8,0.9,7,29.16,-10.63,-0.77
1,17,0.9,1.8,0.9,11,28.99,-15.0,-1.19
1,17,0.9,1.8,0.9,15,28.72,-17.3,-1.42
1,17,0.9,1.8,0.9,19,28.99,-16.28,-1.34
1,17,0.9,1.8,1.2,3,29.34,-9.64,-0.65
1,17,0.9,1.8,1.2,7,29.16,-10.63,-0.77
1,17,0.9,1.8,1.2,11,28.99,-15.0,-1.19
1,17,0.9,1.8,1.2,15,28.72,-17.3,-1.42
1,17,0.9,1.8,1.2,19,28.99,-16.28,-1.34
1,17,0.9,1.8,1.5,3,29.34,-9.64,-0.65
1,17,0.9,1.8,1.5,7,29.16,-10.63,-0.77
1,17,0.9,1.8,1.5,11,28.99,-15.0,-1.19
1,17,0.9,1.8,1.5,15,28.72,-17.3,-1.42
1,17,0.9,1.8,1.5,19,28.99,-16.28,-1.34
1,17,0.9,1.8,1.8,3,29.34,-9.64,-0.65
1,17,0.9,1.8,1.8,7,29.16,-10.63,-0.77
1,17,0.9,1.8,1.8,11,28.99,-15.0,-1.19
1,17,0.9,1.8,1.8,15,28.72,-17.3,-1.42
1,17,0.9,1.8,1.8,19,28.99,-16.28,-1.34
1,17,0.9,1.8,2.1,3,29.34,-9.64,-0.65
1,17,0.9,1.8,2.1,7,29.16,-10.63,-0.77
1,17,0.9,1.8,2.1,11,28.99,-15.0,-1.19
1,17,0.9,1.8,2.1,15,28.72,-17.3,-1.42
1,17,0.9,1.8,2.1,19,28.99,-16.28,-1.34
1,17,0.9,2.1,0.0,3,27.4,-9.17,-0.57
1,17,0.9,2.1,0.0,7,27.34,-11.31,-0.77
1,17,0.9,2.1,0.0,11,27.25,-12.7,-0.91
1,17,0.9,2.1,0.0,15,26.9,-11.5,-0.8
1,17,0.9,2.1,0.0,19,26.54,-12.17,-0.86
1,17,0.9,2.1,0.3,3,28.99,-9.36,-0.61
1,17,0.9,2.1,0.3,7,28.57,-10.82,-0.77
1,17,0.9,2.1,0.3,11,28.57,-14.62,-1.13
1,17,0.9,2.1,0.3,15,28.57,-12.84,-0.97
1,17,0.9,2.1,0.3,19,28.57,-12.11,-0.9
1,17,0.9,2.1,0.6,3,28.99,-9.36,-0.61
1,17,0.9,2.1,0.6,7,28.57,-10.82,-0.77
1,17,0.9,2.1,0.6,11,28.57,-14.62,-1.13
1,17,0.9,2.1,0.6,15,28.57,-12.84,-0.97
1,17,0.9,2.1,0.6,19,28.57,-12.11,-0.9
1,17,0.9,2.1,0.9,3,28.99,-9.36,-0.61
1,17,0.9,2.1,0.9,7,28.57,-10.82,-0.77
1,17,0.9,2.1,0.9,11,28.57,-14.62,-1.13
1,17,0.9,2.1,0.9,15,28.57,-12.84,-0.97
1,17,0.9,2.1,0.9,19,28.57,-12.11,-0.9
1,17,0.9,2.1,1.2,3,28.99,-9.36,-0.61
1,17,0.9,2.1,1.2,7,28.57,-10.82,-0.77
1,17,0.9,2.1,1.2,11,28.57,-14.62,-1.13
1,17,0.9,2.1,1.2,15,28.57,-12.84,-0.97
1,17,0.9,2.1,1.2,19,28.57,-12.11,-0.9
1,17,0.9,2.1,1.5,3,28.99,-9.36,-0.61
1,17,0.9,2.1,1.5,7,28.57,-10.82,-0.77
1,17,0.9,2.1,1.5,11,28.57,-14.62,-1.13
1,17,0.9,2.1,1.5,15,28.57,-12.84,-0.97
1,17,0.9,2.1,1.5,19,28.57,-12.11,-0.9
1,17,0.9,2.1,1.8,3,28.99,-9.36,-0.61
1,17,0.9,2.1,1.8,7,28.57,-10.82,-0.77
1,17,0.9,2.1,1.8,11,28.57,-14.62,-1.13
1,17,0.9,2.1,1.8,15,28.57,-12.84,-0.97
1,17,0.9,2.1,1.8,19,28.57,-12.11,-0.9
1,17,0.9,2.1,2.1,3,28.99,-9.36,-0.61
1,17,0.9,2.1,2.1,7,28.57,-10.82,-0.77
1,17,0.9,2.1,2.1,11,28.57,-14.62,-1.13
1,17,0.9,2.1,2.1,15,28.57,-12.84,-0.97
1,17,0.9,2.1,2.1,19,28.57,-12.11,-0.9
1,17,1.2,0.0,0.0,3,59.74,-3.99,-0.35
1,17,1.2,0.0,0.0,7,59.56,-5.13,-0.49
1,17,1.2,0.0,0.0,11,59.47,-5.93,-0.58
1,17,1.2,0.0,0.0,15,59.47,-5.85,-0.58
1,17,1.2,0.0,0.0,19,59.47,-5.36,-0.52
1,17,1.2,0.0,0.3,3,59.74,-3.99,-0.35
1,17,1.2,0.0,0.3,7,59.56,-5.13,-0.49
1,17,1.2,0.0,0.3,11,59.47,-5.93,-0.58
1,17,1.2,0.0,0.3,15,59.47,-5.85,-0.58
1,17,1.2,0.0,0.3,19,59.47,-5.36,-0.52
1,17,1.2,0.0,0.6,3,59.74,-3.99,-0.35
1,17,1.2,0.0,0.6,7,59.56,-5.13,-0.49
1,17,1.2,0.0,0.6,11,59.47,-5.93,-0.58
1,17,1.2,0.0,0.6,15,59.47,-5.85,-0.58
1,17,1.2,0.0,0.6,19,59.47,-5.36,-0.52
1,17,1.2,0.0,0.9,3,59.74,-3.99,-0.35
1,17,1.2,0.0,0.9,7,59.56,-5.13,-0.49
1,17,1.2,0.0,0.9,11,59.47,-5.93,-0.58
1,17,1.2,0.0,0.9,15,59.47,-5.85,-0.58
1,17,1.2,0.0,0.9,19,59.47,-5.36,-0.52
1,17,1.2,0.0,1.2,3,59.74,-3.99,-0.35
1,17,1.2,0.0,1.2,7,59.56,-5.13,-0.49
1,17,1.2,0.0,1.2,11,59.47,-5.93,-0.58
1,17,1.2,0.0,1.2,15,59.47,-5.85,-0.58
1,17,1.2,0.0,1.2,19,59.47,-5.36,-0.52
1,17,1.2,0.0,1.5,3,59.74,-3.99,-0.35
1,17,1.2,0.0,1.5,7,59.56,-5.13,-0.49
1,17,1.2,0.0,1.5,11,59.47,-5.93,-0.58
1,17,1.2,0.0,1.5,15,59.47,-5.85,-0.58
1,17,1.2,0.0,1.5,19,59.47,-5.36,-0.52
1,17,1.2,0.0,1.8,3,59.74,-3.99,-0.35
1,17,1.2,0.0,1.8,7,59.56,-5.13,-0.49
1,17,1.2,0.0,1.8,11,59.47,-5.93,-0.58
1,17,1.2,0.0,1.8,15,59.47,-5.85,-0.58
1,17,1.2,0.0,1.8,19,59.47,-5.36,-0.52
1,17,1.2,0.0,2.1,3,59.74,-3.99,-0.35
1,17,1.2,0.0,2.1,7,59.56,-5.13,-0.49
1,17,1.2,0.0,2.1,11,59.47,-5.93,-0.58
1,17,1.2,0.0,2.1,15,59.47,-5.85,-0.58
1,17,1.2,0.0,2.1,19,59.47,-5.36,-0.52
1,17,1.2,0.3,0.0,3,48.55,-14.25,-1.37
1,17,1.2,0.3,0.0,7,48.11,-17.43,-1.78
1,17,1.2,0.3,0.0,11,48.37,-18.32,-1.91
1,17,1.2,0.3,0.0,15,48.63,-15.79,-1.61
1,17,1.2,0.3,0.0,19,48.9,-13.99,-1.4
1,17,1.2,0.3,0.3,3,48.55,-14.04,-1.35
1,17,1.2,0.3,0.3,7,48.11,-17.23,-1.76
1,17,1.2,0.3,0.3,11,48.37,-17.95,-1.86
1,17,1.2,0.3,0.3,15,48.63,-15.7,-1.6
1,17,1.2,0.3,0.3,19,48.9,-14.06,-1.41
1,17,1.2,0.3,0.6,3,48.55,-14.04,-1.35
1,17,1.2,0.3,0.6,7,48.11,-17.23,-1.76
1,17,1.2,0.3,0.6,11,48.37,-17.95,-1.86
1,17,1.2,0.3,0.6,15,48.63,-15.7,-1.6
1,17,1.2,0.3,0.6,19,48.9,-14.06,-1.41
1,17,1.2,0.3,0.9,3,48.55,-14.04,-1.35
1,17,1.2,0.3,0.9,7,48.11,-17.23,-1.76
1,17,1.2,0.3,0.9,11,48.37,-17.95,-1.86
1,17,1.2,0.3,0.9,15,48.63,-15.7,-1.6
1,17,1.2,0.3,0.9,19,48.9,-14.06,-1.41
1,17,1.2,0.3,1.2,3,48.55,-14.04,-1.35
1,17,1.2,0.3,1.2,7,48.11,-17.23,-1.76
1,17,1.2,0.3,1.2,11,48.37,-17.95,-1.86
1,17,1.2,0.3,1.2,15,48.63,-15.7,-1.6
1,17,1.2,0.3,1.2,19,48.9,-14.06,-1.41
1,17,1.2,0.3,1.5,3,48.55,-14.04,-1.35
1,17,1.2,0.3,1.5,7,48.11,-17.23,-1.76
1,17,1.2,0.3,1.5,11,48.37,-17.95,-1.86
1,17,1.2,0.3,1.5,15,48.63,-15.7,-1.6
1,17,1.2,0.3,1.5,19,48.9,-14.06,-1.41
1,17,1.2,0.3,1.8,3,48.55,-14.04,-1.35
1,17,1.2,0.3,1.8,7,48.11,-17.23,-1.76
1,17,1.2,0.3,1.8,11,48.37,-17.95,-1.86
1,17,1.2,0.3,1.8,15,48.63,-15.7,-1.6
1,17,1.2,0.3,1.8,19,48.9,-14.06,-1.41
1,17,1.2,0.3,2.1,3,48.55,-14.04,-1.35
1,17,1.2,0.3,2.1,7,48.11,-17.23,-1.76
1,17,1.2,0.3,2.1,11,48.37,-17.95,-1.86
1,17,1.2,0.3,2.1,15,48.63,-15.7,-1.6
1,17,1.2,0.3,2.1,19,48.9,-14.06,-1.41
1,17,1.2,0.6,0.0,3,40.88,-10.7,-0.9
1,17,1.2,0.6,0.0,7,40.79,-13.59,-1.24
1,17,1.2,0.6,0.0,11,40.88,-14.26,-1.32
1,17,1.2,0.6,0.0,15,40.35,-15.91,-1.5
1,17,1.2,0.6,0.0,19,40.44,-15.52,-1.45
1,17,1.2,0.6,0.3,3,40.7,-10.96,-0.93
1,17,1.2,0.6,0.3,7,40.79,-13.38,-1.22
1,17,1.2,0.6,0.3,11,40.79,-13.91,-1.28
1,17,1.2,0.6,0.3,15,40.26,-15.9,-1.49
1,17,1.2,0.6,0.3,19,40.35,-15.55,-1.46
1,17,1.2,0.6,0.6,3,40.7,-10.96,-0.93
1,17,1.2,0.6,0.6,7,40.79,-13.38,-1.22
1,17,1.2,0.6,0.6,11,40.79,-13.91,-1.28
1,17,1.2,0.6,0.6,15,40.26,-15.9,-1.49
1,17,1.2,0.6,0.6,19,40.35,-15.55,-1.46
1,17,1.2,0.6,0.9,3,40.7,-10.96,-0.93
1,17,1.2,0.6,0.9,7,40.79,-13.38,-1.22
1,17,1.2,0.6,0.9,11,40.79,-13.91,-1.28
1,17,1.2,0.6,0.9,15,40.26,-15.9,-1.49
1,17,1.2,0.6,0.9,19,40.35,-15.55,-1.46
1,17,1.2,0.6,1.2,3,40.7,-10.96,-0.93
1,17,1.2,0.6,1.2,7,40.79,-13.38,-1.22
1,17,1.2,0.6,1.2,11,40.79,-13.91,-1.28
1,17,1.2,0.6,1.2,15,40.26,-15.9,-1.49
1,17,1.2,0.6,1.2,19,40.35,-15.55,-1.46
1,17,1.2,0.6,1.5,3,40.7,-10.96,-0.93
1,17,1.2,0.6,1.5,7,40.79,-13.38,-1.22
1,17,1.2,0.6,1.5,11,40.79,-13.91,-1.28
1,17,1.2,0.6,1.5,15,40.26,-15.9,-1.49
1,17,1.2,0.6,1.5,19,40.35,-15.55,-1.46
1,17,1.2,0.6,1.8,3,40.7,-10.96,-0.93
1,17,1.2,0.6,1.8,7,40.79,-13.38,-1.22
1,17,1.2,0.6,1.8,11,40.79,-13.91,-1.28
1,17,1.2,0.6,1.8,15,40.26,-15.9,-1.49
1,17,1.2,0.6,1.8,19,40.35,-15.55,-1.46
1,17,1.2,0.6,2.1,3,40.7,-10.96,-0.93
1,17,1.2,0.6,2.1,7,40.79,-13.38,-1.22
1,17,1.2,0.6,2.1,11,40.79,-13.91,-1.28
1,17,1.2,0.6,2.1,15,40.26,-15.9,-1.49
1,17,1.2,0.6,2.1,19,40.35,-15.55,-1.46
1,17,1.2,0.9,0.0,3,35.24,-10.44,-0.79
1,17,1.2,0.9,0.0,7,35.86,-10.25,-0.81
1,17,1.2,0.9,0.0,11,35.95,-9.53,-0.75
1,17,1.2,0.9,0.0,15,35.77,-9.35,-0.73
1,17,1.2,0.9,0.0,19,35.33,-10.98,-0.89
1,17,1.2,0.9,0.3,3,35.15,-9.55,-0.71
1,17,1.2,0.9,0.3,7,35.68,-9.92,-0.78
1,17,1.2,0.9,0.3,11,35.86,-9.01,-0.7
1,17,1.2,0.9,0.3,15,35.68,-9.12,-0.71
1,17,1.2,0.9,0.3,19,35.15,-11.67,-0.96
1,17,1.2,0.9,0.6,3,35.15,-9.55,-0.71
1,17,1.2,0.9,0.6,7,35.68,-9.92,-0.78
1,17,1.2,0.9,0.6,11,35.86,-9.01,-0.7
1,17,1.2,0.9,0.6,15,35.68,-9.12,-0.71
1,17,1.2,0.9,0.6,19,35.15,-11.67,-0.96
1,17,1.2,0.9,0.9,3,35.15,-9.55,-0.71
1,17,1.2,0.9,0.9,7,35.68,-9.92,-0.78
1,17,1.2,0.9,0.9,11,35.86,-9.01,-0.7
1,17,1.2,0.9,0.9,15,35.68,-9.12,-0.71
1,17,1.2,0.9,0.9,19,35.15,-11.67,-0.96
1,17,1.2,0.9,1.2,3,35.15,-9.55,-0.71
1,17,1.2,0.9,1.2,7,35.68,-9.92,-0.78
1,17,1.2,0.9,1.2,11,35.86,-9.01,-0.7
1,17,1.2,0.9,1.2,15,35.68,-9.12,-0.71
1,17,1.2,0.9,1.2,19,35.15,-11.67,-0.96
1,17,1.2,0.9,1.5,3,35.15,-9.55,-0.71
1,17,1.2,0.9,1.5,7,35.68,-9.92,-0.78
1,17,1.2,0.9,1.5,11,35.86,-9.01,-0.7
1,17,1.2,0.9,1.5,15,35.68,-9.12,-0.71
1,17,1.2,0.9,1.5,19,35.15,-11.67,-0.96
1,17,1.2,0.9,1.8,3,35.15,-9.55,-0.71
1,17,1.2,0.9,1.8,7,35.68,-9.92,-0.78
1,17,1.2,0.9,1.8,11,35.86,-9.01,-0.7
1,17,1.2,0.9,1.8,15,35.68,-9.12,-0.71
1,17,1.2,0.9,1.8,19,35.15,-11.67,-0.96
1,17,1.2,0.9,2.1,3,35.15,-9.55,-0.71
1,17,1.2,0.9,2.1,7,35.68,-9.92,-0.78
1,17,1.2,0.9,2.1,11,35.86,-9.01,-0.7
1,17,1.2,0.9,2.1,15,35.68,-9.12,-0.71
1,17,1.2,0.9,2.1,19,35.15,-11.67,-0.96
1,17,1.2,1.2,0.0,3,32.33,-12.05,-0.89
1,17,1.2,1.2,0.0,7,32.51,-10.55,-0.79
1,17,1.2,1.2,0.0,11,32.86,-10.78,-0.82
1,17,1.2,1.2,0.0,15,32.69,-10.89,-0.84
1,17,1.2,1.2,0.0,19,32.78,-7.46,-0.53
1,17,1.2,1.2,0.3,3,32.16,-10.4,-0.75
1,17,1.2,1.2,0.3,7,32.33,-10.25,-0.77
1,17,1.2,1.2,0.3,11,32.6,-9.36,-0.7
1,17,1.2,1.2,0.3,15,32.51,-9.23,-0.69
1,17,1.2,1.2,0.3,19,32.51,-7.25,-0.51
1,17,1.2,1.2,0.6,3,32.16,-10.4,-0.75
1,17,1.2,1.2,0.6,7,32.33,-10.25,-0.77
1,17,1.2,1.2,0.6,11,32.6,-9.36,-0.7
1,17,1.2,1.2,0.6,15,32.51,-9.23,-0.69
1,17,1.2,1.2,0.6,19,32.51,-7.25,-0.51
1,17,1.2,1.2,0.9,3,32.16,-10.4,-0.75
1,17,1.2,1.2,0.9,7,32.33,-10.25,-0.77
1,17,1.2,1.2,0.9,11,32.6,-9.36,-0.7
1,17,1.2,1.2,0.9,15,32.51,-9.23,-0.69
1,17,1.2,1.2,0.9,19,32.51,-7.25,-0.51
1,17,1.2,1.2,1.2,3,32.16,-10.4,-0.75
1,17,1.2,1.2,1.2,7,32.33,-10.25,-0.77
1,17,1.2,1.2,1.2,11,32.6,-9.36,-0.7
1,17,1.2,1.2,1.2,15,32.51,-9.23,-0.69
1,17,1.2,1.2,1.2,19,32.51,-7.25,-0.51
1,17,1.2,1.2,1.5,3,32.16,-10.4,-0.75
1,17,1.2,1.2,1.5,7,32.33,-10.25,-0.77
1,17,1.2,1.2,1.5,11,32.6,-9.36,-0.7
1,17,1.2,1.2,1.5,15,32.51,-9.23,-0.69
1,17,1.2,1.2,1.5,19,32.51,-7.25,-0.51
1,17,1.2,1.2,1.8,3,32.16,-10.4,-0.75
1,17,1.2,1.2,1.8,7,32.33,-10.25,-0.77
1,17,1.2,1.2,1.8,11,32.6,-9.36,-0.7
1,17,1.2,1.2,1.8,15,32.51,-9.23,-0.69
1,17,1.2,1.2,1.8,19,32.51,-7.25,-0.51
1,17,1.2,1.2,2.1,3,32.16,-10.4,-0.75
1,17,1.2,1.2,2.1,7,32.33,-10.25,-0.77
1,17,1.2,1.2,2.1,11,32.6,-9.36,-0.7
1,17,1.2,1.2,2.1,15,32.51,-9.23,-0.69
1,17,1.2,1.2,2.1,19,32.51,-7.25,-0.51
1,17,1.2,1.5,0.0,3,30.31,-9.83,-0.66
1,17,1.2,1.5,0.0,7,30.4,-9.7,-0.68
1,17,1.2,1.5,0.0,11,30.13,-10.94,-0.79
1,17,1.2,1.5,0.0,15,30.13,-9.75,-0.69
1,17,1.2,1.5,0.0,19,30.22,-9.34,-0.66
1,17,1.2,1.5,0.3,3,30.22,-8.97,-0.59
1,17,1.2,1.5,0.3,7,30.13,-10.64,-0.76
1,17,1.2,1.5,0.3,11,29.96,-12.14,-0.91
1,17,1.2,1.5,0.3,15,30.22,-8.61,-0.6
1,17,1.2,1.5,0.3,19,30.13,-9.21,-0.65
1,17,1.2,1.5,0.6,3,30.22,-8.97,-0.59
1,17,1.2,1.5,0.6,7,30.13,-10.64,-0.76
1,17,1.2,1.5,0.6,11,29.96,-12.14,-0.91
1,17,1.2,1.5,0.6,15,30.22,-8.61,-0.6
1,17,1.2,1.5,0.6,19,30.13,-9.21,-0.65
1,17,1.2,1.5,0.9,3,30.22,-8.97,-0.59
1,17,1.2,1.5,0.9,7,30.13,-10.64,-0.76
1,17,1.2,1.5,0.9,11,29.96,-12.14,-0.91
1,17,1.2,1.5,0.9,15,30.22,-8.61,-0.6
1,17,1.2,1.5,0.9,19,30.13,-9.21,-0.65
1,17,1.2,1.5,1.2,3,30.22,-8.97,-0.59
1,17,1.2,1.5,1.2,7,30.13,-10.64,-0.76
1,17,1.2,1.5,1.2,11,29.96,-12.14,-0.91
1,17,1.2,1.5,1.2,15,30.22,-8.61,-0.6
1,17,1.2,1.5,1.2,19,30.13,-9.21,-0.65
1,17,1.2,1.5,1.5,3,30.22,-8.97,-0.59
1,17,1.2,1.5,1.5,7,30.13,-10.64,-0.76
1,17,1.2,1.5,1.5,11,29.96,-12.14,-0.91
1,17,1.2,1.5,1.5,15,30.22,-8.61,-0.6
1,17,1.2,1.5,1.5,19,30.13,-9.21,-0.65
1,17,1.2,1.5,1.8,3,30.22,-8.97,-0.59
1,17,1.2,1.5,1.8,7,30.13,-10.64,-0.76
1,17,1.2,1.5,1.8,11,29.96,-12.14,-0.91
1,17,1.2,1.5,1.8,15,30.22,-8.61,-0.6
1,17,1.2,1.5,1.8,19,30.13,-9.21,-0.65
1,17,1.2,1.5,2.1,3,30.22,-8.97,-0.59
1,17,1.2,1.5,2.1,7,30.13,-10.64,-0.76
1,17,1.2,1.5,2.1,11,29.96,-12.14,-0.91
1,17,1.2,1.5,2.1,15,30.22,-8.61,-0.6
1,17,1.2,1.5,2.1,19,30.13,-9.21,-0.65
1,17,1.2,1.8,0.0,3,28.63,-10.06,-0.65
1,17,1.2,1.8,0.0,7,28.81,-7.05,-0.42
1,17,1.2,1.8,0.0,11,28.72,-10.84,-0.74
1,17,1.2,1.8,0.0,15,28.46,-13.81,-1.01
1,17,1.2,1.8,0.0,19,28.63,-14.11,-1.04
1,17,1.2,1.8,0.3,3,29.16,-7.23,-0.43
1,17,1.2,1.8,0.3,7,28.9,-9.18,-0.61
1,17,1.2,1.8,0.3,11,28.72,-13.92,-1.03
1,17,1.2,1.8,0.3,15,28.55,-13.99,-1.04
1,17,1.2,1.8,0.3,19,28.63,-13.55,-1.01
1,17,1.2,1.8,0.6,3,29.16,-7.23,-0.43
1,17,1.2,1.8,0.6,7,28.9,-9.18,-0.61
1,17,1.2,1.8,0.6,11,28.72,-13.92,-1.03
1,17,1.2,1.8,0.6,15,28.55,-13.99,-1.04
1,17,1.2,1.8,0.6,19,28.63,-13.55,-1.01
1,17,1.2,1.8,0.9,3,29.16,-7.23,-0.43
1,17,1.2,1.8,0.9,7,28.9,-9.18,-0.61
1,17,1.2,1.8,0.9,11,28.72,-13.92,-1.03
1,17,1.2,1.8,0.9,15,28.55,-13.99,-1.04
1,17,1.2,1.8,0.9,19,28.63,-13.55,-1.01
1,17,1.2,1.8,1.2,3,29.16,-7.23,-0.43
1,17,1.2,1.8,1.2,7,28.9,-9.18,-0.61
1,17,1.2,1.8,1.2,11,28.72,-13.92,-1.03
1,17,1.2,1.8,1.2,15,28.55,-13.99,-1.04
1,17,1.2,1.8,1.2,19,28.63,-13.55,-1.01
1,17,1.2,1.8,1.5,3,29.16,-7.23,-0.43
1,17,1.2,1.8,1.5,7,28.9,-9.18,-0.61
1,17,1.2,1.8,1.5,11,28.72,-13.92,-1.03
1,17,1.2,1.8,1.5,15,28.55,-13.99,-1.04
1,17,1.2,1.8,1.5,19,28.63,-13.55,-1.01
1,17,1.2,1.8,1.8,3,29.16,-7.23,-0.43
1,17,1.2,1.8,1.8,7,28.9,-9.18,-0.61
1,17,1.2,1.8,1.8,11,28.72,-13.92,-1.03
1,17,1.2,1.8,1.8,15,28.55,-13.99,-1.04
1,17,1.2,1.8,1.8,19,28.63,-13.55,-1.01
1,17,1.2,1.8,2.1,3,29.16,-7.23,-0.43
1,17,1.2,1.8,2.1,7,28.9,-9.18,-0.61
1,17,1.2,1.8,2.1,11,28.72,-13.92,-1.03
1,17,1.2,1.8,2.1,15,28.55,-13.99,-1.04
1,17,1.2,1.8,2.1,19,28.63,-13.55,-1.01
1,17,1.2,2.1,0.0,3,27.75,-8.45,-0.5
1,17,1.2,2.1,0.0,7,27.78,-9.88,-0.63
1,17,1.2,2.1,0.0,11,27.87,-10.71,-0.71
1,17,1.2,2.1,0.0,15,27.6,-9.34,-0.6
1,17,1.2,2.1,0.0,19,27.25,-10.27,-0.67
1,17,1.2,2.1,0.3,3,28.55,-8.06,-0.48
1,17,1.2,2.1,0.3,7,28.22,-10.76,-0.73
1,17,1.2,2.1,0.3,11,28.13,-13.81,-1.0
1,17,1.2,2.1,0.3,15,28.13,-9.52,-0.62
1,17,1.2,2.1,0.3,19,27.78,-11.44,-0.78
1,17,1.2,2.1,0.6,3,28.55,-8.06,-0.48
1,17,1.2,2.1,0.6,7,28.22,-10.76,-0.73
1,17,1.2,2.1,0.6,11,28.13,-13.81,-1.0
1,17,1.2,2.1,0.6,15,28.13,-9.52,-0.62
1,17,1.2,2.1,0.6,19,27.78,-11.44,-0.78
1,17,1.2,2.1,0.9,3,28.55,-8.06,-0.48
1,17,1.2,2.1,0.9,7,28.22,-10.76,-0.73
1,17,1.2,2.1,0.9,11,28.13,-13.81,-1.0
1,17,1.2,2.1,0.9,15,28.13,-9.52,-0.62
1,17,1.2,2.1,0.9,19,27.78,-11.44,-0.78
1,17,1.2,2.1,1.2,3,28.55,-8.06,-0.48
1,17,1.2,2.1,1.2,7,28.22,-10.76,-0.73
1,17,1.2,2.1,1.2,11,28.13,-13.81,-1.0
1,17,1.2,2.1,1.2,15,28.13,-9.52,-0.62
1,17,1.2,2.1,1.2,19,27.78,-11.44,-0.78
1,17,1.2,2.1,1.5,3,28.55,-8.06,-0.48
1,17,1.2,2.1,1.5,7,28.22,-10.76,-0.73
1,17,1.2,2.1,1.5,11,28.13,-13.81,-1.0
1,17,1.2,2.1,1.5,15,28.13,-9.52,-0.62
1,17,1.2,2.1,1.5,19,27.78,-11.44,-0.78
1,17,1.2,2.1,1.8,3,28.55,-8.06,-0.48
1,17,1.2,2.1,1.8,7,28.22,-10.76,-0.73
1,17,1.2,2.1,1.8,11,28.13,-13.81,-1.0
1,17,1.2,2.1,1.8,15,28.13,-9.52,-0.62
1,17,1.2,2.1,1.8,19,27.78,-11.44,-0.78
1,17,1.2,2.1,2.1,3,28.55,-8.06,-0.48
1,17,1.2,2.1,2.1,7,28.22,-10.76,-0.73
1,17,1.2,2.1,2.1,11,28.13,-13.81,-1.0
1,17,1.2,2.1,2.1,15,28.13,-9.52,-0.62
1,17,1.2,2.1,2.1,19,27.78,-11.44,-0.78
1,17,1.5,0.0,0.0,3,59.82,-3.67,-0.31
1,17,1.5,0.0,0.0,7,59.74,-5.77,-0.55
1,17,1.5,0.0,0.0,11,59.56,-6.94,-0.69
1,17,1.5,0.0,0.0,15,59.56,-7.33,-0.74
1,17,1.5,0.0,0.0,19,59.56,-7.1,-0.71
1,17,1.5,0.0,0.3,3,59.82,-3.67,-0.31
1,17,1.5,0.0,0.3,7,59.74,-5.77,-0.55
1,17,1.5,0.0,0.3,11,59.56,-6.94,-0.69
1,17,1.5,0.0,0.3,15,59.56,-7.33,-0.74
1,17,1.5,0.0,0.3,19,59.56,-7.1,-0.71
1,17,1.5,0.0,0.6,3,59.82,-3.67,-0.31
1,17,1.5,0.0,0.6,7,59.74,-5.77,-0.55
1,17,1.5,0.0,0.6,11,59.56,-6.94,-0.69
1,17,1.5,0.0,0.6,15,59.56,-7.33,-0.74
1,17,1.5,0.0,0.6,19,59.56,-7.1,-0.71
1,17,1.5,0.0,0.9,3,59.82,-3.67,-0.31
1,17,1.5,0.0,0.9,7,59.74,-5.77,-0.55
1,17,1.5,0.0,0.9,11,59.56,-6.94,-0.69
1,17,1.5,0.0,0.9,15,59.56,-7.33,-0.74
1,17,1.5,0.0,0.9,19,59.56,-7.1,-0.71
1,17,1.5,0.0,1.2,3,59.82,-3.67,-0.31
1,17,1.5,0.0,1.2,7,59.74,-5.77,-0.55
1,17,1.5,0.0,1.2,11,59.56,-6.94,-0.69
1,17,1.5,0.0,1.2,15,59.56,-7.33,-0.74
1,17,1.5,0.0,1.2,19,59.56,-7.1,-0.71
1,17,1.5,0.0,1.5,3,59.82,-3.67,-0.31
1,17,1.5,0.0,1.5,7,59.74,-5.77,-0.55
1,17,1.5,0.0,1.5,11,59.56,-6.94,-0.69
1,17,1.5,0.0,1.5,15,59.56,-7.33,-0.74
1,17,1.5,0.0,1.5,19,59.56,-7.1,-0.71
1,17,1.5,0.0,1.8,3,59.82,-3.67,-0.31
1,17,1.5,0.0,1.8,7,59.74,-5.77,-0.55
1,17,1.5,0.0,1.8,11,59.56,-6.94,-0.69
1,17,1.5,0.0,1.8,15,59.56,-7.33,-0.74
1,17,1.5,0.0,1.8,19,59.56,-7.1,-0.71
1,17,1.5,0.0,2.1,3,59.82,-3.67,-0.31
1,17,1.5,0.0,2.1,7,59.74,-5.77,-0.55
1,17,1.5,0.0,2.1,11,59.56,-6.94,-0.69
1,17,1.5,0.0,2.1,15,59.56,-7.33,-0.74
1,17,1.5,0.0,2.1,19,59.56,-7.1,-0.71
1,17,1.5,0.3,0.0,3,48.63,-13.86,-1.33
1,17,1.5,0.3,0.0,7,48.19,-18.4,-1.88
1,17,1.5,0.3,0.0,11,48.46,-19.28,-2.0
1,17,1.5,0.3,0.0,15,48.72,-17.57,-1.8
1,17,1.5,0.3,0.0,19,48.99,-16.12,-1.63
1,17,1.5,0.3,0.3,3,48.63,-13.86,-1.33
1,17,1.5,0.3,0.3,7,48.19,-18.4,-1.88
1,17,1.5,0.3,0.3,11,48.46,-19.28,-2.0
1,17,1.5,0.3,0.3,15,48.72,-17.49,-1.79
1,17,1.5,0.3,0.3,19,48.99,-15.65,-1.58
1,17,1.5,0.3,0.6,3,48.63,-13.86,-1.33
1,17,1.5,0.3,0.6,7,48.19,-18.4,-1.88
1,17,1.5,0.3,0.6,11,48.46,-19.28,-2.0
1,17,1.5,0.3,0.6,15,48.72,-17.49,-1.79
1,17,1.5,0.3,0.6,19,48.99,-15.65,-1.58
1,17,1.5,0.3,0.9,3,48.63,-13.86,-1.33
1,17,1.5,0.3,0.9,7,48.19,-18.4,-1.88
1,17,1.5,0.3,0.9,11,48.46,-19.28,-2.0
1,17,1.5,0.3,0.9,15,48.72,-17.49,-1.79
1,17,1.5,0.3,0.9,19,48.99,-15.65,-1.58
1,17,1.5,0.3,1.2,3,48.63,-13.86,-1.33
1,17,1.5,0.3,1.2,7,48.19,-18.4,-1.88
1,17,1.5,0.3,1.2,11,48.46,-19.28,-2.0
1,17,1.5,0.3,1.2,15,48.72,-17.49,-1.79
1,17,1.5,0.3,1.2,19,48.99,-15.65,-1.58
1,17,1.5,0.3,1.5,3,48.63,-13.86,-1.33
1,17,1.5,0.3,1.5,7,48.19,-18.4,-1.88
1,17,1.5,0.3,1.5,11,48.46,-19.28,-2.0
1,17,1.5,0.3,1.5,15,48.72,-17.49,-1.79
1,17,1.5,0.3,1.5,19,48.99,-15.65,-1.58
1,17,1.5,0.3,1.8,3,48.63,-13.86,-1.33
1,17,1.5,0.3,1.8,7,48.19,-18.4,-1.88
1,17,1.5,0.3,1.8,11,48.46,-19.28,-2.0
1,17,1.5,0.3,1.8,15,48.72,-17.49,-1.79
1,17,1.5,0.3,1.8,19,48.99,-15.65,-1.58
1,17,1.5,0.3,2.1,3,48.63,-13.86,-1.33
1,17,1.5,0.3,2.1,7,48.19,-18.4,-1.88
1,17,1.5,0.3,2.1,11,48.46,-19.28,-2.0
1,17,1.5,0.3,2.1,15,48.72,-17.49,-1.79
1,17,1.5,0.3,2.1,19,48.99,-15.65,-1.58
1,17,1.5,0.6,0.0,3,40.97,-10.29,-0.86
1,17,1.5,0.6,0.0,7,40.88,-14.6,-1.33
1,17,1.5,0.6,0.0,11,40.88,-15.62,-1.45
1,17,1.5,0.6,0.0,15,40.35,-18.04,-1.71
1,17,1.5,0.6,0.0,19,40.44,-17.96,-1.7
1,17,1.5,0.6,0.3,3,40.97,-10.29,-0.86
1,17,1.5,0.6,0.3,7,40.88,-14.6,-1.33
1,17,1.5,0.6,0.3,11,40.88,-15.62,-1.45
1,17,1.5,0.6,0.3,15,40.35,-17.96,-1.7
1,17,1.5,0.6,0.3,19,40.44,-17.5,-1.65
1,17,1.5,0.6,0.6,3,40.97,-10.29,-0.86
1,17,1.5,0.6,0.6,7,40.88,-14.6,-1.33
1,17,1.5,0.6,0.6,11,40.88,-15.62,-1.45
1,17,1.5,0.6,0.6,15,40.35,-17.96,-1.7
1,17,1.5,0.6,0.6,19,40.44,-17.5,-1.65
1,17,1.5,0.6,0.9,3,40.97,-10.29,-0.86
1,17,1.5,0.6,0.9,7,40.88,-14.6,-1.33
1,17,1.5,0.6,0.9,11,40.88,-15.62,-1.45
1,17,1.5,0.6,0.9,15,40.35,-17.96,-1.7
1,17,1.5,0.6,0.9,19,40.44,-17.5,-1.65
1,17,1.5,0.6,1.2,3,40.97,-10.29,-0.86
1,17,1.5,0.6,1.2,7,40.88,-14.6,-1.33
1,17,1.5,0.6,1.2,11,40.88,-15.62,-1.45
1,17,1.5,0.6,1.2,15,40.35,-17.96,-1.7
1,17,1.5,0.6,1.2,19,40.44,-17.5,-1.65
1,17,1.5,0.6,1.5,3,40.97,-10.29,-0.86
1,17,1.5,0.6,1.5,7,40.88,-14.6,-1.33
1,17,1.5,0.6,1.5,11,40.88,-15.62,-1.45
1,17,1.5,0.6,1.5,15,40.35,-17.96,-1.7
1,17,1.5,0.6,1.5,19,40.44,-17.5,-1.65
1,17,1.5,0.6,1.8,3,40.97,-10.29,-0.86
1,17,1.5,0.6,1.8,7,40.88,-14.6,-1.33
1,17,1.5,0.6,1.8,11,40.88,-15.62,-1.45
1,17,1.5,0.6,1.8,15,40.35,-17.96,-1.7
1,17,1.5,0.6,1.8,19,40.44,-17.5,-1.65
1,17,1.5,0.6,2.1,3,40.97,-10.29,-0.86
1,17,1.5,0.6,2.1,7,40.88,-14.6,-1.33
1,17,1.5,0.6,2.1,11,40.88,-15.62,-1.45
1,17,1.5,0.6,2.1,15,40.35,-17.96,-1.7
1,17,1.5,0.6,2.1,19,40.44,-17.5,-1.65
1,17,1.5,0.9,0.0,3,35.33,-9.37,-0.69
1,17,1.5,0.9,0.0,7,35.95,-10.94,-0.86
1,17,1.5,0.9,0.0,11,35.95,-10.97,-0.88
1,17,1.5,0.9,0.0,15,35.77,-11.64,-0.94
1,17,1.5,0.9,0.0,19,35.33,-13.55,-1.12
1,17,1.5,0.9,0.3,3,35.24,-9.72,-0.72
1,17,1.5,0.9,0.3,7,35.86,-11.25,-0.89
1,17,1.5,0.9,0.3,11,35.95,-10.97,-0.88
1,17,1.5,0.9,0.3,15,35.77,-11.59,-0.93
1,17,1.5,0.9,0.3,19,35.33,-13.07,-1.08
1,17,1.5,0.9,0.6,3,35.24,-9.72,-0.72
1,17,1.5,0.9,0.6,7,35.86,-11.25,-0.89
1,17,1.5,0.9,0.6,11,35.95,-10.97,-0.88
1,17,1.5,0.9,0.6,15,35.77,-11.59,-0.93
1,17,1.5,0.9,0.6,19,35.33,-13.07,-1.08
1,17,1.5,0.9,0.9,3,35.24,-9.72,-0.72
1,17,1.5,0.9,0.9,7,35.86,-11.25,-0.89
1,17,1.5,0.9,0.9,11,35.95,-10.97,-0.88
1,17,1.5,0.9,0.9,15,35.77,-11.59,-0.93
1,17,1.5,0.9,0.9,19,35.33,-13.07,-1.08
1,17,1.5,0.9,1.2,3,35.24,-9.72,-0.72
1,17,1.5,0.9,1.2,7,35.86,-11.25,-0.89
1,17,1.5,0.9,1.2,11,35.95,-10.97,-0.88
1,17,1.5,0.9,1.2,15,35.77,-11.59,-0.93
1,17,1.5,0.9,1.2,19,35.33,-13.07,-1.08
1,17,1.5,0.9,1.5,3,35.24,-9.72,-0.72
1,17,1.5,0.9,1.5,7,35.86,-11.25,-0.89
1,17,1.5,0.9,1.5,11,35.95,-10.97,-0.88
1,17,1.5,0.9,1.5,15,35.77,-11.59,-0.93
1,17,1.5,0.9,1.5,19,35.33,-13.07,-1.08
1,17,1.5,0.9,1.8,3,35.24,-9.72,-0.72
1,17,1.5,0.9,1.8,7,35.86,-11.25,-0.89
1,17,1.5,0.9,1.8,11,35.95,-10.97,-0.88
1,17,1.5,0.9,1.8,15,35.77,-11.59,-0.93
1,17,1.5,0.9,1.8,19,35.33,-13.07,-1.08
1,17,1.5,0.9,2.1,3,35.24,-9.72,-0.72
1,17,1.5,0.9,2.1,7,35.86,-11.25,-0.89
1,17,1.5,0.9,2.1,11,35.95,-10.97,-0.88
1,17,1.5,0.9,2.1,15,35.77,-11.59,-0.93
1,17,1.5,0.9,2.1,19,35.33,-13.07,-1.08
1,17,1.5,1.2,0.0,3,32.42,-11.0,-0.8
1,17,1.5,1.2,0.0,7,32.6,-11.23,-0.85
1,17,1.5,1.2,0.0,11,32.86,-12.2,-0.94
1,17,1.5,1.2,0.0,15,32.69,-13.15,-1.04
1,17,1.5,1.2,0.0,19,32.78,-10.14,-0.76
1,17,1.5,1.2,0.3,3,32.33,-11.26,-0.82
1,17,1.5,1.2,0.3,7,32.51,-11.94,-0.91
1,17,1.5,1.2,0.3,11,32.78,-12.47,-0.97
1,17,1.5,1.2,0.3,15,32.6,-13.24,-1.05
1,17,1.5,1.2,0.3,19,32.69,-10.33,-0.78
1,17,1.5,1.2,0.6,3,32.33,-11.26,-0.82
1,17,1.5,1.2,0.6,7,32.51,-11.94,-0.91
1,17,1.5,1.2,0.6,11,32.78,-12.47,-0.97
1,17,1.5,1.2,0.6,15,32.6,-13.24,-1.05
1,17,1.5,1.2,0.6,19,32.69,-10.33,-0.78
1,17,1.5,1.2,0.9,3,32.33,-11.26,-0.82
1,17,1.5,1.2,0.9,7,32.51,-11.94,-0.91
1,17,1.5,1.2,0.9,11,32.78,-12.47,-0.97
1,17,1.5,1.2,0.9,15,32.6,-13.24,-1.05
1,17,1.5,1.2,0.9,19,32.69,-10.33,-0.78
1,17,1.5,1.2,1.2,3,32.33,-11.26,-0.82
1,17,1.5,1.2,1.2,7,32.51,-11.94,-0.91
1,17,1.5,1.2,1.2,11,32.78,-12.47,-0.97
1,17,1.5,1.2,1.2,15,32.6,-13.24,-1.05
1,17,1.5,1.2,1.2,19,32.69,-10.33,-0.78
1,17,1.5,1.2,1.5,3,32.33,-11.26,-0.82
1,17,1.5,1.2,1.5,7,32.51,-11.94,-0.91
1,17,1.5,1.2,1.5,11,32.78,-12.47,-0.97
1,17,1.5,1.2,1.5,15,32.6,-13.24,-1.05
1,17,1.5,1.2,1.5,19,32.69,-10.33,-0.78
1,17,1.5,1.2,1.8,3,32.33,-11.26,-0.82
1,17,1.5,1.2,1.8,7,32.51,-11.94,-0.91
1,17,1.5,1.2,1.8,11,32.78,-12.47,-0.97
1,17,1.5,1.2,1.8,15,32.6,-13.24,-1.05
1,17,1.5,1.2,1.8,19,32.69,-10.33,-0.78
1,17,1.5,1.2,2.1,3,32.33,-11.26,-0.82
1,17,1.5,1.2,2.1,7,32.51,-11.94,-0.91
1,17,1.5,1.2,2.1,11,32.78,-12.47,-0.97
1,17,1.5,1.2,2.1,15,32.6,-13.24,-1.05
1,17,1.5,1.2,2.1,19,32.69,-10.33,-0.78
1,17,1.5,1.5,0.0,3,30.4,-8.75,-0.57
1,17,1.5,1.5,0.0,7,30.48,-10.4,-0.73
1,17,1.5,1.5,0.0,11,30.13,-12.35,-0.91
1,17,1.5,1.5,0.0,15,30.13,-12.03,-0.89
1,17,1.5,1.5,0.0,19,30.22,-11.96,-0.88
1,17,1.5,1.5,0.3,3,30.22,-9.5,-0.63
1,17,1.5,1.5,0.3,7,30.13,-12.52,-0.92
1,17,1.5,1.5,0.3,11,29.96,-13.78,-1.04
1,17,1.5,1.5,0.3,15,30.04,-12.13,-0.9
1,17,1.5,1.5,0.3,19,30.13,-11.5,-0.84
1,17,1.5,1.5,0.6,3,30.22,-9.5,-0.63
1,17,1.5,1.5,0.6,7,30.13,-12.52,-0.92
1,17,1.5,1.5,0.6,11,29.96,-13.78,-1.04
1,17,1.5,1.5,0.6,15,30.04,-12.13,-0.9
1,17,1.5,1.5,0.6,19,30.13,-11.5,-0.84
1,17,1.5,1.5,0.9,3,30.22,-9.5,-0.63
1,17,1.5,1.5,0.9,7,30.13,-12.52,-0.92
1,17,1.5,1.5,0.9,11,29.96,-13.78,-1.04
1,17,1.5,1.5,0.9,15,30.04,-12.13,-0.9
1,17,1.5,1.5,0.9,19,30.13,-11.5,-0.84
1,17,1.5,1.5,1.2,3,30.22,-9.5,-0.63
1,17,1.5,1.5,1.2,7,30.13,-12.52,-0.92
1,17,1.5,1.5,1.2,11,29.96,-13.78,-1.04
1,17,1.5,1.5,1.2,15,30.04,-12.13,-0.9
1,17,1.5,1.5,1.2,19,30.13,-11.5,-0.84
1,17,1.5,1.5,1.5,3,30.22,-9.5,-0.63
1,17,1.5,1.5,1.5,7,30.13,-12.52,-0.92
1,17,1.5,1.5,1.5,11,29.96,-13.78,-1.04
1,17,1.5,1.5,1.5,15,30.04,-12.13,-0.9
1,17,1.5,1.5,1.5,19,30.13,-11.5,-0.84
1,17,1.5,1.5,1.8,3,30.22,-9.5,-0.63
1,17,1.5,1.5,1.8,7,30.13,-12.52,-0.92
1,17,1.5,1.5,1.8,11,29.96,-13.78,-1.04
1,17,1.5,1.5,1.8,15,30.04,-12.13,-0.9
1,17,1.5,1.5,1.8,19,30.13,-11.5,-0.84
1,17,1.5,1.5,2.1,3,30.22,-9.5,-0.63
1,17,1.5,1.5,2.1,7,30.13,-12.52,-0.92
1,17,1.5,1.5,2.1,11,29.96,-13.78,-1.04
1,17,1.5,1.5,2.1,15,30.04,-12.13,-0.9
1,17,1.5,1.5,2.1,19,30.13,-11.5,-0.84
1,17,1.5,1.8,0.0,3,28.72,-8.98,-0.56
1,17,1.5,1.8,0.0,7,28.9,-7.76,-0.48
1,17,1.5,1.8,0.0,11,28.72,-12.26,-0.86
1,17,1.5,1.8,0.0,15,28.46,-15.99,-1.19
1,17,1.5,1.8,0.0,19,28.63,-16.59,-1.26
1,17,1.5,1.8,0.3,3,28.72,-9.09,-0.57
1,17,1.5,1.8,0.3,7,28.63,-9.46,-0.62
1,17,1.5,1.8,0.3,11,28.46,-13.53,-0.97
1,17,1.5,1.8,0.3,15,28.11,-17.27,-1.32
1,17,1.5,1.8,0.3,19,28.28,-16.83,-1.29
1,17,1.5,1.8,0.6,3,28.72,-9.09,-0.57
1,17,1.5,1.8,0.6,7,28.63,-9.46,-0.62
1,17,1.5,1.8,0.6,11,28.46,-13.53,-0.97
1,17,1.5,1.8,0.6,15,28.11,-17.27,-1.32
1,17,1.5,1.8,0.6,19,28.28,-16.83,-1.29
1,17,1.5,1.8,0.9,3,28.72,-9.09,-0.57
1,17,1.5,1.8,0.9,7,28.63,-9.46,-0.62
1,17,1.5,1.8,0.9,11,28.46,-13.53,-0.97
1,17,1.5,1.8,0.9,15,28.11,-17.27,-1.32
1,17,1.5,1.8,0.9,19,28.28,-16.83,-1.29
1,17,1.5,1.8,1.2,3,28.72,-9.09,-0.57
1,17,1.5,1.8,1.2,7,28.63,-9.46,-0.62
1,17,1.5,1.8,1.2,11,28.46,-13.53,-0.97
1,17,1.5,1.8,1.2,15,28.11,-17.27,-1.32
1,17,1.5,1.8,1.2,19,28.28,-16.83,-1.29
1,17,1.5,1.8,1.5,3,28.72,-9.09,-0.57
1,17,1.5,1.8,1.5,7,28.63,-9.46,-0.62
1,17,1.5,1.8,1.5,11,28.46,-13.53,-0.97
1,17,1.5,1.8,1.5,15,28.11,-17.27,-1.32
1,17,1.5,1.8,1.5,19,28.28,-16.83,-1.29
1,17,1.5,1.8,1.8,3,28.72,-9.09,-0.57
1,17,1.5,1.8,1.8,7,28.63,-9.46,-0.62
1,17,1.5,1.8,1.8,11,28.46,-13.53,-0.97
1,17,1.5,1.8,1.8,15,28.11,-17.27,-1.32
1,17,1.5,1.8,1.8,19,28.28,-16.83,-1.29
1,17,1.5,1.8,2.1,3,28.72,-9.09,-0.57
1,17,1.5,1.8,2.1,7,28.63,-9.46,-0.62
1,17,1.5,1.8,2.1,11,28.46,-13.53,-0.97
1,17,1.5,1.8,2.1,15,28.11,-17.27,-1.32
1,17,1.5,1.8,2.1,19,28.28,-16.83,-1.29
1,17,1.5,2.1,0.0,3,27.84,-7.35,-0.41
1,17,1.5,2.1,0.0,7,27.87,-10.57,-0.68
1,17,1.5,2.1,0.0,11,27.87,-12.13,-0.82
1,17,1.5,2.1,0.0,15,27.6,-11.63,-0.78
1,17,1.5,2.1,0.0,19,27.25,-12.86,-0.88
1,17,1.5,2.1,0.3,3,27.84,-8.36,-0.49
1,17,1.5,2.1,0.3,7,27.95,-11.25,-0.75
1,17,1.5,2.1,0.3,11,27.78,-13.65,-0.96
1,17,1.5,2.1,0.3,15,27.51,-13.25,-0.92
1,17,1.5,2.1,0.3,19,27.34,-14.56,-1.03
1,17,1.5,2.1,0.6,3,27.84,-8.36,-0.49
1,17,1.5,2.1,0.6,7,27.95,-11.25,-0.75
1,17,1.5,2.1,0.6,11,27.78,-13.65,-0.96
1,17,1.5,2.1,0.6,15,27.51,-13.25,-0.92
1,17,1.5,2.1,0.6,19,27.34,-14.56,-1.03
1,17,1.5,2.1,0.9,3,27.84,-8.36,-0.49
1,17,1.5,2.1,0.9,7,27.95,-11.25,-0.75
1,17,1.5,2.1,0.9,11,27.78,-13.65,-0.96
1,17,1.5,2.1,0.9,15,27.51,-13.25,-0.92
1,17,1.5,2.1,0.9,19,27.34,-14.56,-1.03
1,17,1.5,2.1,1.2,3,27.84,-8.36,-0.49
1,17,1.5,2.1,1.2,7,27.95,-11.25,-0.75
1,17,1.5,2.1,1.2,11,27.78,-13.65,-0.96
1,17,1.5,2.1,1.2,15,27.51,-13.25,-0.92
1,17,1.5,2.1,1.2,19,27.34,-14.56,-1.03
1,17,1.5,2.1,1.5,3,27.84,-8.36,-0.49
1,17,1.5,2.1,1.5,7,27.95,-11.25,-0.75
1,17,1.5,2.1,1.5,11,27.78,-13.65,-0.96
1,17,1.5,2.1,1.5,15,27.51,-13.25,-0.92
1,17,1.5,2.1,1.5,19,27.34,-14.56,-1.03
1,17,1.5,2.1,1.8,3,27.84,-8.36,-0.49
1,17,1.5,2.1,1.8,7,27.95,-11.25,-0.75
1,17,1.5,2.1,1.8,11,27.78,-13.65,-0.96
1,17,1.5,2.1,1.8,15,27.51,-13.25,-0.92
1,17,1.5,2.1,1.8,19,27.34,-14.56,-1.03
1,17,1.5,2.1,2.1,3,27.84,-8.36,-0.49
1,17,1.5,2.1,2.1,7,27.95,-11.25,-0.75
1,17,1.5,2.1,2.1,11,27.78,-13.65,-0.96
1,17,1.5,2.1,2.1,15,27.51,-13.25,-0.92
1,17,1.5,2.1,2.1,19,27.34,-14.56,-1.03
1,17,1.8,0.0,0.0,3,59.82,-3.67,-0.31
1,17,1.8,0.0,0.0,7,59.82,-3.67,-0.31
1,17,1.8,0.0,0.0,11,59.74,-5.68,-0.54
1,17,1.8,0.0,0.0,15,59.74,-5.58,-0.53
1,17,1.8,0.0,0.0,19,59.65,-6.41,-0.63
1,17,1.8,0.0,0.3,3,59.82,-3.67,-0.31
1,17,1.8,0.0,0.3,7,59.82,-3.67,-0.31
1,17,1.8,0.0,0.3,11,59.74,-5.68,-0.54
1,17,1.8,0.0,0.3,15,59.74,-5.58,-0.53
1,17,1.8,0.0,0.3,19,59.65,-6.41,-0.63
1,17,1.8,0.0,0.6,3,59.82,-3.67,-0.31
1,17,1.8,0.0,0.6,7,59.82,-3.67,-0.31
1,17,1.8,0.0,0.6,11,59.74,-5.68,-0.54
1,17,1.8,0.0,0.6,15,59.74,-5.58,-0.53
1,17,1.8,0.0,0.6,19,59.65,-6.41,-0.63
1,17,1.8,0.0,0.9,3,59.82,-3.67,-0.31
1,17,1.8,0.0,0.9,7,59.82,-3.67,-0.31
1,17,1.8,0.0,0.9,11,59.74,-5.68,-0.54
1,17,1.8,0.0,0.9,15,59.74,-5.58,-0.53
1,17,1.8,0.0,0.9,19,59.65,-6.41,-0.63
1,17,1.8,0.0,1.2,3,59.82,-3.67,-0.31
1,17,1.8,0.0,1.2,7,59.82,-3.67,-0.31
1,17,1.8,0.0,1.2,11,59.74,-5.68,-0.54
1,17,1.8,0.0,1.2,15,59.74,-5.58,-0.53
1,17,1.8,0.0,1.2,19,59.65,-6.41,-0.63
1,17,1.8,0.0,1.5,3,59.82,-3.67,-0.31
1,17,1.8,0.0,1.5,7,59.82,-3.67,-0.31
1,17,1.8,0.0,1.5,11,59.74,-5.68,-0.54
1,17,1.8,0.0,1.5,15,59.74,-5.58,-0.53
1,17,1.8,0.0,1.5,19,59.65,-6.41,-0.63
1,17,1.8,0.0,1.8,3,59.82,-3.67,-0.31
1,17,1.8,0.0,1.8,7,59.82,-3.67,-0.31
1,17,1.8,0.0,1.8,11,59.74,-5.68,-0.54
1,17,1.8,0.0,1.8,15,59.74,-5.58,-0.53
1,17,1.8,0.0,1.8,19,59.65,-6.41,-0.63
1,17,1.8,0.0,2.1,3,59.82,-3.67,-0.31
1,17,1.8,0.0,2.1,7,59.82,-3.67,-0.31
1,17,1.8,0.0,2.1,11,59.74,-5.68,-0.54
1,17,1.8,0.0,2.1,15,59.74,-5.58,-0.53
1,17,1.8,0.0,2.1,19,59.65,-6.41,-0.63
1,17,1.8,0.3,0.0,3,48.63,-13.86,-1.33
1,17,1.8,0.3,0.0,7,48.28,-16.58,-1.65
1,17,1.8,0.3,0.0,11,48.55,-18.6,-1.91
1,17,1.8,0.3,0.0,15,48.81,-16.43,-1.66
1,17,1.8,0.3,0.0,19,49.07,-15.5,-1.55
1,17,1.8,0.3,0.3,3,48.63,-13.86,-1.33
1,17,1.8,0.3,0.3,7,48.28,-16.58,-1.65
1,17,1.8,0.3,0.3,11,48.55,-18.6,-1.91
1,17,1.8,0.3,0.3,15,48.81,-16.43,-1.66
1,17,1.8,0.3,0.3,19,49.07,-15.5,-1.55
1,17,1.8,0.3,0.6,3,48.63,-13.86,-1.33
1,17,1.8,0.3,0.6,7,48.28,-16.58,-1.65
1,17,1.8,0.3,0.6,11,48.55,-18.6,-1.91
1,17,1.8,0.3,0.6,15,48.81,-16.43,-1.66
1,17,1.8,0.3,0.6,19,49.07,-15.5,-1.55
1,17,1.8,0.3,0.9,3,48.63,-13.86,-1.33
1,17,1.8,0.3,0.9,7,48.28,-16.58,-1.65
1,17,1.8,0.3,0.9,11,48.55,-18.6,-1.91
1,17,1.8,0.3,0.9,15,48.81,-16.43,-1.66
1,17,1.8,0.3,0.9,19,49.07,-15.5,-1.55
1,17,1.8,0.3,1.2,3,48.63,-13.86,-1.33
1,17,1.8,0.3,1.2,7,48.28,-16.58,-1.65
1,17,1.8,0.3,1.2,11,48.55,-18.6,-1.91
1,17,1.8,0.3,1.2,15,48.81,-16.43,-1.66
1,17,1.8,0.3,1.2,19,49.07,-15.5,-1.55
1,17,1.8,0.3,1.5,3,48.63,-13.86,-1.33
1,17,1.8,0.3,1.5,7,48.28,-16.58,-1.65
1,17,1.8,0.3,1.5,11,48.55,-18.6,-1.91
1,17,1.8,0.3,1.5,15,48.81,-16.43,-1.66
1,17,1.8,0.3,1.5,19,49.07,-15.5,-1.55
1,17,1.8,0.3,1.8,3,48.63,-13.86,-1.33
1,17,1.8,0.3,1.8,7,48.28,-16.58,-1.65
1,17,1.8,0.3,1.8,11,48.55,-18.6,-1.91
1,17,1.8,0.3,1.8,15,48.81,-16.43,-1.66
1,17,1.8,0.3,1.8,19,49.07,-15.5,-1.55
1,17,1.8,0.3,2.1,3,48.63,-13.86,-1.33
1,17,1.8,0.3,2.1,7,48.28,-16.58,-1.65
1,17,1.8,0.3,2.1,11,48.55,-18.6,-1.91
1,17,1.8,0.3,2.1,15,48.81,-16.43,-1.66
1,17,1.8,0.3,2.1,19,49.07,-15.5,-1.55
1,17,1.8,0.6,0.0,3,40.97,-10.29,-0.86
1,17,1.8,0.6,0.0,7,40.97,-12.69,-1.12
1,17,1.8,0.6,0.0,11,40.97,-14.92,-1.37
1,17,1.8,0.6,0.0,15,40.44,-16.91,-1.58
1,17,1.8,0.6,0.0,19,40.53,-17.35,-1.63
1,17,1.8,0.6,0.3,3,40.97,-10.29,-0.86
1,17,1.8,0.6,0.3,7,40.97,-12.69,-1.12
1,17,1.8,0.6,0.3,11,40.97,-14.92,-1.37
1,17,1.8,0.6,0.3,15,40.44,-16.91,-1.58
1,17,1.8,0.6,0.3,19,40.53,-17.35,-1.63
1,17,1.8,0.6,0.6,3,40.97,-10.29,-0.86
1,17,1.8,0.6,0.6,7,40.97,-12.69,-1.12
1,17,1.8,0.6,0.6,11,40.97,-14.92,-1.37
1,17,1.8,0.6,0.6,15,40.44,-16.91,-1.58
1,17,1.8,0.6,0.6,19,40.53,-17.35,-1.63
1,17,1.8,0.6,0.9,3,40.97,-10.29,-0.86
1,17,1.8,0.6,0.9,7,40.97,-12.69,-1.12
1,17,1.8,0.6,0.9,11,40.97,-14.92,-1.37
1,17,1.8,0.6,0.9,15,40.44,-16.91,-1.58
1,17,1.8,0.6,0.9,19,40.53,-17.35,-1.63
1,17,1.8,0.6,1.2,3,40.97,-10.29,-0.86
1,17,1.8,0.6,1.2,7,40.97,-12.69,-1.12
1,17,1.8,0.6,1.2,11,40.97,-14.92,-1.37
1,17,1.8,0.6,1.2,15,40.44,-16.91,-1.58
1,17,1.8,0.6,1.2,19,40.53,-17.35,-1.63
1,17,1.8,0.6,1.5,3,40.97,-10.29,-0.86
1,17,1.8,0.6,1.5,7,40.97,-12.69,-1.12
1,17,1.8,0.6,1.5,11,40.97,-14.92,-1.37
1,17,1.8,0.6,1.5,15,40.44,-16.91,-1.58
1,17,1.8,0.6,1.5,19,40.53,-17.35,-1.63
1,17,1.8,0.6,1.8,3,40.97,-10.29,-0.86
1,17,1.8,0.6,1.8,7,40.97,-12.69,-1.12
1,17,1.8,0.6,1.8,11,40.97,-14.92,-1.37
1,17,1.8,0.6,1.8,15,40.44,-16.91,-1.58
1,17,1.8,0.6,1.8,19,40.53,-17.35,-1.63
1,17,1.8,0.6,2.1,3,40.97,-10.29,-0.86
1,17,1.8,0.6,2.1,7,40.97,-12.69,-1.12
1,17,1.8,0.6,2.1,11,40.97,-14.92,-1.37
1,17,1.8,0.6,2.1,15,40.44,-16.91,-1.58
1,17,1.8,0.6,2.1,19,40.53,-17.35,-1.63
1,17,1.8,0.9,0.0,3,35.33,-9.37,-0.69
1,17,1.8,0.9,0.0,7,36.04,-8.95,-0.67
1,17,1.8,0.9,0.0,11,36.04,-9.85,-0.77
1,17,1.8,0.9,0.0,15,35.86,-10.05,-0.78
1,17,1.8,0.9,0.0,19,35.42,-12.55,-1.02
1,17,1.8,0.9,0.3,3,35.33,-9.37,-0.69
1,17,1.8,0.9,0.3,7,36.04,-8.95,-0.67
1,17,1.8,0.9,0.3,11,36.04,-9.85,-0.77
1,17,1.8,0.9,0.3,15,35.86,-10.05,-0.78
1,17,1.8,0.9,0.3,19,35.42,-12.55,-1.02
1,17,1.8,0.9,0.6,3,35.33,-9.37,-0.69
1,17,1.8,0.9,0.6,7,36.04,-8.95,-0.67
1,17,1.8,0.9,0.6,11,36.04,-9.85,-0.77
1,17,1.8,0.9,0.6,15,35.86,-10.05,-0.78
1,17,1.8,0.9,0.6,19,35.42,-12.55,-1.02
1,17,1.8,0.9,0.9,3,35.33,-9.37,-0.69
1,17,1.8,0.9,0.9,7,36.04,-8.95,-0.67
1,17,1.8,0.9,0.9,11,36.04,-9.85,-0.77
1,17,1.8,0.9,0.9,15,35.86,-10.05,-0.78
1,17,1.8,0.9,0.9,19,35.42,-12.55,-1.02
1,17,1.8,0.9,1.2,3,35.33,-9.37,-0.69
1,17,1.8,0.9,1.2,7,36.04,-8.95,-0.67
1,17,1.8,0.9,1.2,11,36.04,-9.85,-0.77
1,17,1.8,0.9,1.2,15,35.86,-10.05,-0.78
1,17,1.8,0.9,1.2,19,35.42,-12.55,-1.02
1,17,1.8,0.9,1.5,3,35.33,-9.37,-0.69
1,17,1.8,0.9,1.5,7,36.04,-8.95,-0.67
1,17,1.8,0.9,1.5,11,36.04,-9.85,-0.77
1,17,1.8,0.9,1.5,15,35.86,-10.05,-0.78
1,17,1.8,0.9,1.5,19,35.42,-12.55,-1.02
1,17,1.8,0.9,1.8,3,35.33,-9.37,-0.69
1,17,1.8,0.9,1.8,7,36.04,-8.95,-0.67
1,17,1.8,0.9,1.8,11,36.04,-9.85,-0.77
1,17,1.8,0.9,1.8,15,35.86,-10.05,-0.78
1,17,1.8,0.9,1.8,19,35.42,-12.55,-1.02
1,17,1.8,0.9,2.1,3,35.33,-9.37,-0.69
1,17,1.8,0.9,2.1,7,36.04,-8.95,-0.67
1,17,1.8,0.9,2.1,11,36.04,-9.85,-0.77
1,17,1.8,0.9,2.1,15,35.86,-10.05,-0.78
1,17,1.8,0.9,2.1,19,35.42,-12.55,-1.02
1,17,1.8,1.2,0.0,3,32.42,-11.0,-0.8
1,17,1.8,1.2,0.0,7,32.69,-9.25,-0.66
1,17,1.8,1.2,0.0,11,32.95,-11.09,-0.84
1,17,1.8,1.2,0.0,15,32.78,-11.58,-0.89
1,17,1.8,1.2,0.0,19,32.86,-9.1,-0.66
1,17,1.8,1.2,0.3,3,32.42,-11.0,-0.8
1,17,1.8,1.2,0.3,7,32.69,-9.25,-0.66
1,17,1.8,1.2,0.3,11,32.95,-11.09,-0.84
1,17,1.8,1.2,0.3,15,32.78,-11.18,-0.85
1,17,1.8,1.2,0.3,19,32.86,-9.14,-0.67
1,17,1.8,1.2,0.6,3,32.42,-11.0,-0.8
1,17,1.8,1.2,0.6,7,32.69,-9.25,-0.66
1,17,1.8,1.2,0.6,11,32.95,-11.09,-0.84
1,17,1.8,1.2,0.6,15,32.78,-11.18,-0.85
1,17,1.8,1.2,0.6,19,32.86,-9.14,-0.67
1,17,1.8,1.2,0.9,3,32.42,-11.0,-0.8
1,17,1.8,1.2,0.9,7,32.69,-9.25,-0.66
1,17,1.8,1.2,0.9,11,32.95,-11.09,-0.84
1,17,1.8,1.2,0.9,15,32.78,-11.18,-0.85
1,17,1.8,1.2,0.9,19,32.86,-9.14,-0.67
1,17,1.8,1.2,1.2,3,32.42,-11.0,-0.8
1,17,1.8,1.2,1.2,7,32.69,-9.25,-0.66
1,17,1.8,1.2,1.2,11,32.95,-11.09,-0.84
1,17,1.8,1.2,1.2,15,32.78,-11.18,-0.85
1,17,1.8,1.2,1.2,19,32.86,-9.14,-0.67
1,17,1.8,1.2,1.5,3,32.42,-11.0,-0.8
1,17,1.8,1.2,1.5,7,32.69,-9.25,-0.66
1,17,1.8,1.2,1.5,11,32.95,-11.09,-0.84
1,17,1.8,1.2,1.5,15,32.78,-11.18,-0.85
1,17,1.8,1.2,1.5,19,32.86,-9.14,-0.67
1,17,1.8,1.2,1.8,3,32.42,-11.0,-0.8
1,17,1.8,1.2,1.8,7,32.69,-9.25,-0.66
1,17,1.8,1.2,1.8,11,32.95,-11.09,-0.84
1,17,1.8,1.2,1.8,15,32.78,-11.18,-0.85
1,17,1.8,1.2,1.8,19,32.86,-9.14,-0.67
1,17,1.8,1.2,2.1,3,32.42,-11.0,-0.8
1,17,1.8,1.2,2.1,7,32.69,-9.25,-0.66
1,17,1.8,1.2,2.1,11,32.95,-11.09,-0.84
1,17,1.8,1.2,2.1,15,32.78,-11.18,-0.85
1,17,1.8,1.2,2.1,19,32.86,-9.14,-0.67
1,17,1.8,1.5,0.0,3,30.4,-8.75,-0.57
1,17,1.8,1.5,0.0,7,30.57,-8.23,-0.54
1,17,1.8,1.5,0.0,11,30.22,-11.25,-0.81
1,17,1.8,1.5,0.0,15,30.22,-10.45,-0.74
1,17,1.8,1.5,0.0,19,30.31,-10.94,-0.79
1,17,1.8,1.5,0.3,3,30.4,-8.79,-0.57
1,17,1.8,1.5,0.3,7,30.48,-8.61,-0.57
1,17,1.8,1.5,0.3,11,30.13,-12.13,-0.89
1,17,1.8,1.5,0.3,15,30.22,-10.16,-0.72
1,17,1.8,1.5,0.3,19,30.31,-10.47,-0.75
1,17,1.8,1.5,0.6,3,30.4,-8.79,-0.57
1,17,1.8,1.5,0.6,7,30.48,-8.61,-0.57
1,17,1.8,1.5,0.6,11,30.13,-12.13,-0.89
1,17,1.8,1.5,0.6,15,30.22,-10.16,-0.72
1,17,1.8,1.5,0.6,19,30.31,-10.47,-0.75
1,17,1.8,1.5,0.9,3,30.4,-8.79,-0.57
1,17,1.8,1.5,0.9,7,30.48,-8.61,-0.57
1,17,1.8,1.5,0.9,11,30.13,-12.13,-0.89
1,17,1.8,1.5,0.9,15,30.22,-10.16,-0.72
1,17,1.8,1.5,0.9,19,30.31,-10.47,-0.75
1,17,1.8,1.5,1.2,3,30.4,-8.79,-0.57
1,17,1.8,1.5,1.2,7,30.48,-8.61,-0.57
1,17,1.8,1.5,1.2,11,30.13,-12.13,-0.89
1,17,1.8,1.5,1.2,15,30.22,-10.16,-0.72
1,17,1.8,1.5,1.2,19,30.31,-10.47,-0.75
1,17,1.8,1.5,1.5,3,30.4,-8.79,-0.57
1,17,1.8,1.5,1.5,7,30.48,-8.61,-0.57
1,17,1.8,1.5,1.5,11,30.13,-12.13,-0.89
1,17,1.8,1.5,1.5,15,30.22,-10.16,-0.72
1,17,1.8,1.5,1.5,19,30.31,-10.47,-0.75
1,17,1.8,1.5,1.8,3,30.4,-8.79,-0.57
1,17,1.8,1.5,1.8,7,30.48,-8.61,-0.57
1,17,1.8,1.5,1.8,11,30.13,-12.13,-0.89
1,17,1.8,1.5,1.8,15,30.22,-10.16,-0.72
1,17,1.8,1.5,1.8,19,30.31,-10.47,-0.75
1,17,1.8,1.5,2.1,3,30.4,-8.79,-0.57
1,17,1.8,1.5,2.1,7,30.48,-8.61,-0.57
1,17,1.8,1.5,2.1,11,30.13,-12.13,-0.89
1,17,1.8,1.5,2.1,15,30.22,-10.16,-0.72
1,17,1.8,1.5,2.1,19,30.31,-10.47,-0.75
1,17,1.8,1.8,0.0,3,28.72,-8.98,-0.56
1,17,1.8,1.8,0.0,7,28.99,-6.2,-0.35
1,17,1.8,1.8,0.0,11,28.81,-11.16,-0.76
1,17,1.8,1.8,0.0,15,28.55,-14.48,-1.05
1,17,1.8,1.8,0.0,19,28.72,-15.62,-1.17
1,17,1.8,1.8,0.3,3,28.72,-9.04,-0.57
1,17,1.8,1.8,0.3,7,28.9,-6.44,-0.37
1,17,1.8,1.8,0.3,11,28.63,-12.44,-0.87
1,17,1.8,1.8,0.3,15,28.28,-15.01,-1.11
1,17,1.8,1.8,0.3,19,28.55,-16.16,-1.22
1,17,1.8,1.8,0.6,3,28.72,-9.04,-0.57
1,17,1.8,1.8,0.6,7,28.9,-6.44,-0.37
1,17,1.8,1.8,0.6,11,28.63,-12.44,-0.87
1,17,1.8,1.8,0.6,15,28.28,-15.01,-1.11
1,17,1.8,1.8,0.6,19,28.55,-16.16,-1.22
1,17,1.8,1.8,0.9,3,28.72,-9.04,-0.57
1,17,1.8,1.8,0.9,7,28.9,-6.44,-0.37
1,17,1.8,1.8,0.9,11,28.63,-12.44,-0.87
1,17,1.8,1.8,0.9,15,28.28,-15.01,-1.11
1,17,1.8,1.8,0.9,19,28.55,-16.16,-1.22
1,17,1.8,1.8,1.2,3,28.72,-9.04,-0.57
1,17,1.8,1.8,1.2,7,28.9,-6.44,-0.37
1,17,1.8,1.8,1.2,11,28.63,-12.44,-0.87
1,17,1.8,1.8,1.2,15,28.28,-15.01,-1.11
1,17,1.8,1.8,1.2,19,28.55,-16.16,-1.22
1,17,1.8,1.8,1.5,3,28.72,-9.04,-0.57
1,17,1.8,1.8,1.5,7,28.9,-6.44,-0.37
1,17,1.8,1.8,1.5,11,28.63,-12.44,-0.87
1,17,1.8,1.8,1.5,15,28.28,-15.01,-1.11
1,17,1.8,1.8,1.5,19,28.55,-16.16,-1.22
1,17,1.8,1.8,1.8,3,28.72,-9.04,-0.57
1,17,1.8,1.8,1.8,7,28.9,-6.44,-0.37
1,17,1.8,1.8,1.8,11,28.63,-12.44,-0.87
1,17,1.8,1.8,1.8,15,28.28,-15.01,-1.11
1,17,1.8,1.8,1.8,19,28.55,-16.16,-1.22
1,17,1.8,1.8,2.1,3,28.72,-9.04,-0.57
1,17,1.8,1.8,2.1,7,28.9,-6.44,-0.37
1,17,1.8,1.8,2.1,11,28.63,-12.44,-0.87
1,17,1.8,1.8,2.1,15,28.28,-15.01,-1.11
1,17,1.8,1.8,2.1,19,28.55,-16.16,-1.22
1,17,1.8,2.1,0.0,3,27.84,-7.35,-0.41
1,17,1.8,2.1,0.0,7,27.95,-9.05,-0.56
1,17,1.8,2.1,0.0,11,27.95,-11.02,-0.73
1,17,1.8,2.1,0.0,15,27.69,-10.04,-0.64
1,17,1.8,2.1,0.0,19,27.34,-11.85,-0.79
1,17,1.8,2.1,0.3,3,27.75,-8.33,-0.49
1,17,1.8,2.1,0.3,7,27.95,-10.26,-0.66
1,17,1.8,2.1,0.3,11,27.78,-13.33,-0.93
1,17,1.8,2.1,0.3,15,27.51,-11.5,-0.77
1,17,1.8,2.1,0.3,19,27.07,-14.0,-0.98
1,17,1.8,2.1,0.6,3,27.75,-8.33,-0.49
1,17,1.8,2.1,0.6,7,27.95,-10.26,-0.66
1,17,1.8,2.1,0.6,11,27.78,-13.33,-0.93
1,17,1.8,2.1,0.6,15,27.51,-11.5,-0.77
1,17,1.8,2.1,0.6,19,27.07,-14.0,-0.98
1,17,1.8,2.1,0.9,3,27.75,-8.33,-0.49
1,17,1.8,2.1,0.9,7,27.95,-10.26,-0.66
1,17,1.8,2.1,0.9,11,27.78,-13.33,-0.93
1,17,1.8,2.1,0.9,15,27.51,-11.5,-0.77
1,17,1.8,2.1,0.9,19,27.07,-14.0,-0.98
1,17,1.8,2.1,1.2,3,27.75,-8.33,-0.49
1,17,1.8,2.1,1.2,7,27.95,-10.26,-0.66
1,17,1.8,2.1,1.2,11,27.78,-13.33,-0.93
1,17,1.8,2.1,1.2,15,27.51,-11.5,-0.77
1,17,1.8,2.1,1.2,19,27.07,-14.0,-0.98
1,17,1.8,2.1,1.5,3,27.75,-8.33,-0.49
1,17,1.8,2.1,1.5,7,27.95,-10.26,-0.66
1,17,1.8,2.1,1.5,11,27.78,-13.33,-0.93
1,17,1.8,2.1,1.5,15,27.51,-11.5,-0.77
1,17,1.8,2.1,1.5,19,27.07,-14.0,-0.98
1,17,1.8,2.1,1.8,3,27.75,-8.33,-0.49
1,17,1.8,2.1,1.8,7,27.95,-10.26,-0.66
1,17,1.8,2.1,1.8,11,27.78,-13.33,-0.93
1,17,1.8,2.1,1.8,15,27.51,-11.5,-0.77
1,17,1.8,2.1,1.8,19,27.07,-14.0,-0.98
1,17,1.8,2.1,2.1,3,27.75,-8.33,-0.49
1,17,1.8,2.1,2.1,7,27.95,-10.26,-0.66
1,17,1.8,2.1,2.1,11,27.78,-13.33,-0.93
1,17,1.8,2.1,2.1,15,27.51,-11.5,-0.77
1,17,1.8,2.1,2.1,19,27.07,-14.0,-0.98
1,17,2.1,0.0,0.0,3,59.82,-3.67,-0.31
1,17,2.1,0.0,0.0,7,59.82,-3.67,-0.31
1,17,2.1,0.0,0.0,11,59.82,-3.67,-0.31
1,17,2.1,0.0,0.0,15,59.74,-5.68,-0.54
1,17,2.1,0.0,0.0,19,59.74,-5.68,-0.54
1,17,2.1,0.0,0.3,3,59.82,-3.67,-0.31
1,17,2.1,0.0,0.3,7,59.82,-3.67,-0.31
1,17,2.1,0.0,0.3,11,59.82,-3.67,-0.31
1,17,2.1,0.0,0.3,15,59.74,-5.68,-0.54
1,17,2.1,0.0,0.3,19,59.74,-5.68,-0.54
1,17,2.1,0.0,0.6,3,59.82,-3.67,-0.31
1,17,2.1,0.0,0.6,7,59.82,-3.67,-0.31
1,17,2.1,0.0,0.6,11,59.82,-3.67,-0.31
1,17,2.1,0.0,0.6,15,59.74,-5.68,-0.54
1,17,2.1,0.0,0.6,19,59.74,-5.68,-0.54
1,17,2.1,0.0,0.9,3,59.82,-3.67,-0.31
1,17,2.1,0.0,0.9,7,59.82,-3.67,-0.31
1,17,2.1,0.0,0.9,11,59.82,-3.67,-0.31
1,17,2.1,0.0,0.9,15,59.74,-5.68,-0.54
1,17,2.1,0.0,0.9,19,59.74,-5.68,-0.54
1,17,2.1,0.0,1.2,3,59.82,-3.67,-0.31
1,17,2.1,0.0,1.2,7,59.82,-3.67,-0.31
1,17,2.1,0.0,1.2,11,59.82,-3.67,-0.31
1,17,2.1,0.0,1.2,15,59.74,-5.68,-0.54
1,17,2.1,0.0,1.2,19,59.74,-5.68,-0.54
1,17,2.1,0.0,1.5,3,59.82,-3.67,-0.31
1,17,2.1,0.0,1.5,7,59.82,-3.67,-0.31
1,17,2.1,0.0,1.5,11,59.82,-3.67,-0.31
1,17,2.1,0.0,1.5,15,59.74,-5.68,-0.54
1,17,2.1,0.0,1.5,19,59.74,-5.68,-0.54
1,17,2.1,0.0,1.8,3,59.82,-3.67,-0.31
1,17,2.1,0.0,1.8,7,59.82,-3.67,-0.31
1,17,2.1,0.0,1.8,11,59.82,-3.67,-0.31
1,17,2.1,0.0,1.8,15,59.74,-5.68,-0.54
1,17,2.1,0.0,1.8,19,59.74,-5.68,-0.54
1,17,2.1,0.0,2.1,3,59.82,-3.67,-0.31
1,17,2.1,0.0,2.1,7,59.82,-3.67,-0.31
1,17,2.1,0.0,2.1,11,59.82,-3.67,-0.31
1,17,2.1,0.0,2.1,15,59.74,-5.68,-0.54
1,17,2.1,0.0,2.1,19,59.74,-5.68,-0.54
1,17,2.1,0.3,0.0,3,48.63,-13.86,-1.33
1,17,2.1,0.3,0.0,7,48.28,-16.58,-1.65
1,17,2.1,0.3,0.0,11,48.63,-16.86,-1.69
1,17,2.1,0.3,0.0,15,48.81,-16.52,-1.67
1,17,2.1,0.3,0.0,19,49.07,-15.26,-1.52
1,17,2.1,0.3,0.3,3,48.63,-13.86,-1.33
1,17,2.1,0.3,0.3,7,48.28,-16.58,-1.65
1,17,2.1,0.3,0.3,11,48.63,-16.86,-1.69
1,17,2.1,0.3,0.3,15,48.81,-16.52,-1.67
1,17,2.1,0.3,0.3,19,49.07,-15.26,-1.52
1,17,2.1,0.3,0.6,3,48.63,-13.86,-1.33
1,17,2.1,0.3,0.6,7,48.28,-16.58,-1.65
1,17,2.1,0.3,0.6,11,48.63,-16.86,-1.69
1,17,2.1,0.3,0.6,15,48.81,-16.52,-1.67
1,17,2.1,0.3,0.6,19,49.07,-15.26,-1.52
1,17,2.1,0.3,0.9,3,48.63,-13.86,-1.33
1,17,2.1,0.3,0.9,7,48.28,-16.58,-1.65
1,17,2.1,0.3,0.9,11,48.63,-16.86,-1.69
1,17,2.1,0.3,0.9,15,48.81,-16.52,-1.67
1,17,2.1,0.3,0.9,19,49.07,-15.26,-1.52
1,17,2.1,0.3,1.2,3,48.63,-13.86,-1.33
1,17,2.1,0.3,1.2,7,48.28,-16.58,-1.65
1,17,2.1,0.3,1.2,11,48.63,-16.86,-1.69
1,17,2.1,0.3,1.2,15,48.81,-16.52,-1.67
1,17,2.1,0.3,1.2,19,49.07,-15.26,-1.52
1,17,2.1,0.3,1.5,3,48.63,-13.86,-1.33
1,17,2.1,0.3,1.5,7,48.28,-16.58,-1.65
1,17,2.1,0.3,1.5,11,48.63,-16.86,-1.69
1,17,2.1,0.3,1.5,15,48.81,-16.52,-1.67
1,17,2.1,0.3,1.5,19,49.07,-15.26,-1.52
1,17,2.1,0.3,1.8,3,48.63,-13.86,-1.33
1,17,2.1,0.3,1.8,7,48.28,-16.58,-1.65
1,17,2.1,0.3,1.8,11,48.63,-16.86,-1.69
1,17,2.1,0.3,1.8,15,48.81,-16.52,-1.67
1,17,2.1,0.3,1.8,19,49.07,-15.26,-1.52
1,17,2.1,0.3,2.1,3,48.63,-13.86,-1.33
1,17,2.1,0.3,2.1,7,48.28,-16.58,-1.65
1,17,2.1,0.3,2.1,11,48.63,-16.86,-1.69
1,17,2.1,0.3,2.1,15,48.81,-16.52,-1.67
1,17,2.1,0.3,2.1,19,49.07,-15.26,-1.52
1,17,2.1,0.6,0.0,3,40.97,-10.29,-0.86
1,17,2.1,0.6,0.0,7,40.97,-12.69,-1.12
1,17,2.1,0.6,0.0,11,41.06,-13.1,-1.17
1,17,2.1,0.6,0.0,15,40.44,-17.0,-1.59
1,17,2.1,0.6,0.0,19,40.53,-17.12,-1.6
1,17,2.1,0.6,0.3,3,40.97,-10.29,-0.86
1,17,2.1,0.6,0.3,7,40.97,-12.69,-1.12
1,17,2.1,0.6,0.3,11,41.06,-13.1,-1.17
1,17,2.1,0.6,0.3,15,40.44,-17.0,-1.59
1,17,2.1,0.6,0.3,19,40.53,-17.12,-1.6
1,17,2.1,0.6,0.6,3,40.97,-10.29,-0.86
1,17,2.1,0.6,0.6,7,40.97,-12.69,-1.12
1,17,2.1,0.6,0.6,11,41.06,-13.1,-1.17
1,17,2.1,0.6,0.6,15,40.44,-17.0,-1.59
1,17,2.1,0.6,0.6,19,40.53,-17.12,-1.6
1,17,2.1,0.6,0.9,3,40.97,-10.29,-0.86
1,17,2.1,0.6,0.9,7,40.97,-12.69,-1.12
1,17,2.1,0.6,0.9,11,41.06,-13.1,-1.17
1,17,2.1,0.6,0.9,15,40.44,-17.0,-1.59
1,17,2.1,0.6,0.9,19,40.53,-17.12,-1.6
1,17,2.1,0.6,1.2,3,40.97,-10.29,-0.86
1,17,2.1,0.6,1.2,7,40.97,-12.69,-1.12
1,17,2.1,0.6,1.2,11,41.06,-13.1,-1.17
1,17,2.1,0.6,1.2,15,40.44,-17.0,-1.59
1,17,2.1,0.6,1.2,19,40.53,-17.12,-1.6
1,17,2.1,0.6,1.5,3,40.97,-10.29,-0.86
1,17,2.1,0.6,1.5,7,40.97,-12.69,-1.12
1,17,2.1,0.6,1.5,11,41.06,-13.1,-1.17
1,17,2.1,0.6,1.5,15,40.44,-17.0,-1.59
1,17,2.1,0.6,1.5,19,40.53,-17.12,-1.6
1,17,2.1,0.6,1.8,3,40.97,-10.29,-0.86
1,17,2.1,0.6,1.8,7,40.97,-12.69,-1.12
1,17,2.1,0.6,1.8,11,41.06,-13.1,-1.17
1,17,2.1,0.6,1.8,15,40.44,-17.0,-1.59
1,17,2.1,0.6,1.8,19,40.53,-17.12,-1.6
1,17,2.1,0.6,2.1,3,40.97,-10.29,-0.86
1,17,2.1,0.6,2.1,7,40.97,-12.69,-1.12
1,17,2.1,0.6,2.1,11,41.06,-13.1,-1.17
1,17,2.1,0.6,2.1,15,40.44,-17.0,-1.59
1,17,2.1,0.6,2.1,19,40.53,-17.12,-1.6
1,17,2.1,0.9,0.0,3,35.33,-9.37,-0.69
1,17,2.1,0.9,0.0,7,36.04,-8.95,-0.67
1,17,2.1,0.9,0.0,11,36.12,-7.93,-0.59
1,17,2.1,0.9,0.0,15,35.86,-10.15,-0.79
1,17,2.1,0.9,0.0,19,35.42,-12.31,-1.0
1,17,2.1,0.9,0.3,3,35.33,-9.37,-0.69
1,17,2.1,0.9,0.3,7,36.04,-8.95,-0.67
1,17,2.1,0.9,0.3,11,36.12,-7.93,-0.59
1,17,2.1,0.9,0.3,15,35.86,-10.15,-0.79
1,17,2.1,0.9,0.3,19,35.42,-12.31,-1.0
1,17,2.1,0.9,0.6,3,35.33,-9.37,-0.69
1,17,2.1,0.9,0.6,7,36.04,-8.95,-0.67
1,17,2.1,0.9,0.6,11,36.12,-7.93,-0.59
1,17,2.1,0.9,0.6,15,35.86,-10.15,-0.79
1,17,2.1,0.9,0.6,19,35.42,-12.31,-1.0
1,17,2.1,0.9,0.9,3,35.33,-9.37,-0.69
1,17,2.1,0.9,0.9,7,36.04,-8.95,-0.67
1,17,2.1,0.9,0.9,11,36.12,-7.93,-0.59
1,17,2.1,0.9,0.9,15,35.86,-10.15,-0.79
1,17,2.1,0.9,0.9,19,35.42,-12.31,-1.0
1,17,2.1,0.9,1.2,3,35.33,-9.37,-0.69
1,17,2.1,0.9,1.2,7,36.04,-8.95,-0.67
1,17,2.1,0.9,1.2,11,36.12,-7.93,-0.59
1,17,2.1,0.9,1.2,15,35.86,-10.15,-0.79
1,17,2.1,0.9,1.2,19,35.42,-12.31,-1.0
1,17,2.1,0.9,1.5,3,35.33,-9.37,-0.69
1,17,2.1,0.9,1.5,7,36.04,-8.95,-0.67
1,17,2.1,0.9,1.5,11,36.12,-7.93,-0.59
1,17,2.1,0.9,1.5,15,35.86,-10.15,-0.79
1,17,2.1,0.9,1.5,19,35.42,-12.31,-1.0
1,17,2.1,0.9,1.8,3,35.33,-9.37,-0.69
1,17,2.1,0.9,1.8,7,36.04,-8.95,-0.67
1,17,2.1,0.9,1.8,11,36.12,-7.93,-0.59
1,17,2.1,0.9,1.8,15,35.86,-10.15,-0.79
1,17,2.1,0.9,1.8,19,35.42,-12.31,-1.0
1,17,2.1,0.9,2.1,3,35.33,-9.37,-0.69
1,17,2.1,0.9,2.1,7,36.04,-8.95,-0.67
1,17,2.1,0.9,2.1,11,36.12,-7.93,-0.59
1,17,2.1,0.9,2.1,15,35.86,-10.15,-0.79
1,17,2.1,0.9,2.1,19,35.42,-12.31,-1.0
1,17,2.1,1.2,0.0,3,32.42,-11.0,-0.8
1,17,2.1,1.2,0.0,7,32.69,-9.25,-0.66
1,17,2.1,1.2,0.0,11,33.04,-9.19,-0.67
1,17,2.1,1.2,0.0,15,32.78,-11.68,-0.9
1,17,2.1,1.2,0.0,19,32.86,-8.85,-0.64
1,17,2.1,1.2,0.3,3,32.42,-11.0,-0.8
1,17,2.1,1.2,0.3,7,32.69,-9.25,-0.66
1,17,2.1,1.2,0.3,11,33.04,-9.19,-0.67
1,17,2.1,1.2,0.3,15,32.78,-11.68,-0.9
1,17,2.1,1.2,0.3,19,32.86,-8.85,-0.64
1,17,2.1,1.2,0.6,3,32.42,-11.0,-0.8
1,17,2.1,1.2,0.6,7,32.69,-9.25,-0.66
1,17,2.1,1.2,0.6,11,33.04,-9.19,-0.67
1,17,2.1,1.2,0.6,15,32.78,-11.68,-0.9
1,17,2.1,1.2,0.6,19,32.86,-8.85,-0.64
1,17,2.1,1.2,0.9,3,32.42,-11.0,-0.8
1,17,2.1,1.2,0.9,7,32.69,-9.25,-0.66
1,17,2.1,1.2,0.9,11,33.04,-9.19,-0.67
1,17,2.1,1.2,0.9,15,32.78,-11.68,-0.9
1,17,2.1,1.2,0.9,19,32.86,-8.85,-0.64
1,17,2.1,1.2,1.2,3,32.42,-11.0,-0.8
1,17,2.1,1.2,1.2,7,32.69,-9.25,-0.66
1,17,2.1,1.2,1.2,11,33.04,-9.19,-0.67
1,17,2.1,1.2,1.2,15,32.78,-11.68,-0.9
1,17,2.1,1.2,1.2,19,32.86,-8.85,-0.64
1,17,2.1,1.2,1.5,3,32.42,-11.0,-0.8
1,17,2.1,1.2,1.5,7,32.69,-9.25,-0.66
1,17,2.1,1.2,1.5,11,33.04,-9.19,-0.67
1,17,2.1,1.2,1.5,15,32.78,-11.68,-0.9
1,17,2.1,1.2,1.5,19,32.86,-8.85,-0.64
1,17,2.1,1.2,1.8,3,32.42,-11.0,-0.8
1,17,2.1,1.2,1.8,7,32.69,-9.25,-0.66
1,17,2.1,1.2,1.8,11,33.04,-9.19,-0.67
1,17,2.1,1.2,1.8,15,32.78,-11.68,-0.9
1,17,2.1,1.2,1.8,19,32.86,-8.85,-0.64
1,17,2.1,1.2,2.1,3,32.42,-11.0,-0.8
1,17,2.1,1.2,2.1,7,32.69,-9.25,-0.66
1,17,2.1,1.2,2.1,11,33.04,-9.19,-0.67
1,17,2.1,1.2,2.1,15,32.78,-11.68,-0.9
1,17,2.1,1.2,2.1,19,32.86,-8.85,-0.64
1,17,2.1,1.5,0.0,3,30.4,-8.75,-0.57
1,17,2.1,1.5,0.0,7,30.57,-8.23,-0.54
1,17,2.1,1.5,0.0,11,30.31,-9.36,-0.64
1,17,2.1,1.5,0.0,15,30.22,-10.55,-0.75
1,17,2.1,1.5,0.0,19,30.31,-10.69,-0.76
1,17,2.1,1.5,0.3,3,30.4,-8.75,-0.57
1,17,2.1,1.5,0.3,7,30.57,-8.23,-0.54
1,17,2.1,1.5,0.3,11,30.31,-9.16,-0.62
1,17,2.1,1.5,0.3,15,30.22,-10.55,-0.75
1,17,2.1,1.5,0.3,19,30.31,-10.28,-0.73
1,17,2.1,1.5,0.6,3,30.4,-8.75,-0.57
1,17,2.1,1.5,0.6,7,30.57,-8.23,-0.54
1,17,2.1,1.5,0.6,11,30.31,-9.16,-0.62
1,17,2.1,1.5,0.6,15,30.22,-10.55,-0.75
1,17,2.1,1.5,0.6,19,30.31,-10.28,-0.73
1,17,2.1,1.5,0.9,3,30.4,-8.75,-0.57
1,17,2.1,1.5,0.9,7,30.57,-8.23,-0.54
1,17,2.1,1.5,0.9,11,30.31,-9.16,-0.62
1,17,2.1,1.5,0.9,15,30.22,-10.55,-0.75
1,17,2.1,1.5,0.9,19,30.31,-10.28,-0.73
1,17,2.1,1.5,1.2,3,30.4,-8.75,-0.57
1,17,2.1,1.5,1.2,7,30.57,-8.23,-0.54
1,17,2.1,1.5,1.2,11,30.31,-9.16,-0.62
1,17,2.1,1.5,1.2,15,30.22,-10.55,-0.75
1,17,2.1,1.5,1.2,19,30.31,-10.28,-0.73
1,17,2.1,1.5,1.5,3,30.4,-8.75,-0.57
1,17,2.1,1.5,1.5,7,30.57,-8.23,-0.54
1,17,2.1,1.5,1.5,11,30.31,-9.16,-0.62
1,17,2.1,1.5,1.5,15,30.22,-10.55,-0.75
1,17,2.1,1.5,1.5,19,30.31,-10.28,-0.73
1,17,2.1,1.5,1.8,3,30.4,-8.75,-0.57
1,17,2.1,1.5,1.8,7,30.57,-8.23,-0.54
1,17,2.1,1.5,1.8,11,30.31,-9.16,-0.62
1,17,2.1,1.5,1.8,15,30.22,-10.55,-0.75
1,17,2.1,1.5,1.8,19,30.31,-10.28,-0.73
1,17,2.1,1.5,2.1,3,30.4,-8.75,-0.57
1,17,2.1,1.5,2.1,7,30.57,-8.23,-0.54
1,17,2.1,1.5,2.1,11,30.31,-9.16,-0.62
1,17,2.1,1.5,2.1,15,30.22,-10.55,-0.75
1,17,2.1,1.5,2.1,19,30.31,-10.28,-0.73
1,17,2.1,1.8,0.0,3,28.72,-8.98,-0.56
1,17,2.1,1.8,0.0,7,28.99,-6.2,-0.35
1,17,2.1,1.8,0.0,11,28.9,-9.2,-0.59
1,17,2.1,1.8,0.0,15,28.55,-14.57,-1.06
1,17,2.1,1.8,0.0,19,28.72,-15.39,-1.15
1,17,2.1,1.8,0.3,3,28.72,-8.98,-0.56
1,17,2.1,1.8,0.3,7,28.99,-6.24,-0.35
1,17,2.1,1.8,0.3,11,28.81,-9.42,-0.61
1,17,2.1,1.8,0.3,15,28.46,-14.78,-1.08
1,17,2.1,1.8,0.3,19,28.55,-16.07,-1.21
1,17,2.1,1.8,0.6,3,28.72,-8.98,-0.56
1,17,2.1,1.8,0.6,7,28.99,-6.24,-0.35
1,17,2.1,1.8,0.6,11,28.81,-9.42,-0.61
1,17,2.1,1.8,0.6,15,28.46,-14.78,-1.08
1,17,2.1,1.8,0.6,19,28.55,-16.07,-1.21
1,17,2.1,1.8,0.9,3,28.72,-8.98,-0.56
1,17,2.1,1.8,0.9,7,28.99,-6.24,-0.35
1,17,2.1,1.8,0.9,11,28.81,-9.42,-0.61
1,17,2.1,1.8,0.9,15,28.46,-14.78,-1.08
1,17,2.1,1.8,0.9,19,28.55,-16.07,-1.21
1,17,2.1,1.8,1.2,3,28.72,-8.98,-0.56
1,17,2.1,1.8,1.2,7,28.99,-6.24,-0.35
1,17,2.1,1.8,1.2,11,28.81,-9.42,-0.61
1,17,2.1,1.8,1.2,15,28.46,-14.78,-1.08
1,17,2.1,1.8,1.2,19,28.55,-16.07,-1.21
1,17,2.1,1.8,1.5,3,28.72,-8.98,-0.56
1,17,2.1,1.8,1.5,7,28.99,-6.24,-0.35
1,17,2.1,1.8,1.5,11,28.81,-9.42,-0.61
1,17,2.1,1.8,1.5,15,28.46,-14.78,-1.08
1,17,2.1,1.8,1.5,19,28.55,-16.07,-1.21
1,17,2.1,1.8,1.8,3,28.72,-8.98,-0.56
1,17,2.1,1.8,1.8,7,28.99,-6.24,-0.35
1,17,2.1,1.8,1.8,11,28.81,-9.42,-0.61
1,17,2.1,1.8,1.8,15,28.46,-14.78,-1.08
1,17,2.1,1.8,1.8,19,28.55,-16.07,-1.21
1,17,2.1,1.8,2.1,3,28.72,-8.98,-0.56
1,17,2.1,1.8,2.1,7,28.99,-6.24,-0.35
1,17,2.1,1.8,2.1,11,28.81,-9.42,-0.61
1,17,2.1,1.8,2.1,15,28.46,-14.78,-1.08
1,17,2.1,1.8,2.1,19,28.55,-16.07,-1.21
1,17,2.1,2.1,0.0,3,27.84,-7.35,-0.41
1,17,2.1,2.1,0.0,7,27.95,-9.05,-0.56
1,17,2.1,2.1,0.0,11,28.04,-9.6,-0.61
1,17,2.1,2.1,0.0,15,27.69,-10.14,-0.65
1,17,2.1,2.1,0.0,19,27.34,-11.61,-0.77
1,17,2.1,2.1,0.3,3,27.84,-7.13,-0.4
1,17,2.1,2.1,0.3,7,27.95,-9.04,-0.56
1,17,2.1,2.1,0.3,11,27.95,-9.83,-0.63
1,17,2.1,2.1,0.3,15,27.6,-10.37,-0.67
1,17,2.1,2.1,0.3,19,27.16,-12.49,-0.84
1,17,2.1,2.1,0.6,3,27.84,-7.13,-0.4
1,17,2.1,2.1,0.6,7,27.95,-9.04,-0.56
1,17,2.1,2.1,0.6,11,27.95,-9.83,-0.63
1,17,2.1,2.1,0.6,15,27.6,-10.37,-0.67
1,17,2.1,2.1,0.6,19,27.16,-12.49,-0.84
1,17,2.1,2.1,0.9,3,27.84,-7.13,-0.4
1,17,2.1,2.1,0.9,7,27.95,-9.04,-0.56
1,17,2.1,2.1,0.9,11,27.95,-9.83,-0.63
1,17,2.1,2.1,0.9,15,27.6,-10.37,-0.67
1,17,2.1,2.1,0.9,19,27.16,-12.49,-0.84
1,17,2.1,2.1,1.2,3,27.84,-7.13,-0.4
1,17,2.1,2.1,1.2,7,27.95,-9.04,-0.56
1,17,2.1,2.1,1.2,11,27.95,-9.83,-0.63
1,17,2.1,2.1,1.2,15,27.6,-10.37,-0.67
1,17,2.1,2.1,1.2,19,27.16,-12.49,-0.84
1,17,2.1,2.1,1.5,3,27.84,-7.13,-0.4
1,17,2.1,2.1,1.5,7,27.95,-9.04,-0.56
1,17,2.1,2.1,1.5,11,27.95,-9.83,-0.63
1,17,2.1,2.1,1.5,15,27.6,-10.37,-0.67
1,17,2.1,2.1,1.5,19,27.16,-12.49,-0.84
1,17,2.1,2.1,1.8,3,27.84,-7.13,-0.4
1,17,2.1,2.1,1.8,7,27.95,-9.04,-0.56
1,17,2.1,2.1,1.8,11,27.95,-9.83,-0.63
1,17,2.1,2.1,1.8,15,27.6,-10.37,-0.67
1,17,2.1,2.1,1.8,19,27.16,-12.49,-0.84
1,17,2.1,2.1,2.1,3,27.84,-7.13,-0.4
1,17,2.1,2.1,2.1,7,27.95,-9.04,-0.56
1,17,2.1,2.1,2.1,11,27.95,-9.83,-0.63
1,17,2.1,2.1,2.1,15,27.6,-10.37,-0.67
1,17,2.1,2.1,2.1,19,27.16,-12.49,-0.84
1,20,0.0,0.0,0.0,3,44.78,-9.24,-1.39
1,20,0.0,0.0,0.0,7,44.78,-9.24,-1.39
1,20,0.0,0.0,0.0,11,44.78,-9.24,-1.39
1,20,0.0,0.0,0.0,15,44.78,-9.24,-1.39
1,20,0.0,0.0,0.0,19,44.78,-9.24,-1.39
1,20,0.0,0.0,0.3,3,44.78,-9.24,-1.39
1,20,0.0,0.0,0.3,7,44.78,-9.24,-1.39
1,20,0.0,0.0,0.3,11,44.78,-9.24,-1.39
1,20,0.0,0.0,0.3,15,44.78,-9.24,-1.39
1,20,0.0,0.0,0.3,19,44.78,-9.24,-1.39
1,20,0.0,0.0,0.6,3,44.78,-9.24,-1.39
1,20,0.0,0.0,0.6,7,44.78,-9.24,-1.39
1,20,0.0,0.0,0.6,11,44.78,-9.24,-1.39
1,20,0.0,0.0,0.6,15,44.78,-9.24,-1.39
1,20,0.0,0.0,0.6,19,44.78,-9.24,-1.39
1,20,0.0,0.0,0.9,3,44.78,-9.24,-1.39
1,20,0.0,0.0,0.9,7,44.78,-9.24,-1.39
1,20,0.0,0.0,0.9,11,44.78,-9.24,-1.39
1,20,0.0,0.0,0.9,15,44.78,-9.24,-1.39
1,20,0.0,0.0,0.9,19,44.78,-9.24,-1.39
1,20,0.0,0.0,1.2,3,44.78,-9.24,-1.39
1,20,0.0,0.0,1.2,7,44.78,-9.24,-1.39
1,20,0.0,0.0,1.2,11,44.78,-9.24,-1.39
1,20,0.0,0.0,1.2,15,44.78,-9.24,-1.39
1,20,0.0,0.0,1.2,19,44.78,-9.24,-1.39
1,20,0.0,0.0,1.5,3,44.78,-9.24,-1.39
1,20,0.0,0.0,1.5,7,44.78,-9.24,-1.39
1,20,0.0,0.0,1.5,11,44.78,-9.24,-1.39
1,20,0.0,0.0,1.5,15,44.78,-9.24,-1.39
1,20,0.0,0.0,1.5,19,44.78,-9.24,-1.39
1,20,0.0,0.0,1.8,3,44.78,-9.24,-1.39
1,20,0.0,0.0,1.8,7,44.78,-9.24,-1.39
1,20,0.0,0.0,1.8,11,44.78,-9.24,-1.39
1,20,0.0,0.0,1.8,15,44.78,-9.24,-1.39
1,20,0.0,0.0,1.8,19,44.78,-9.24,-1.39
1,20,0.0,0.0,2.1,3,44.78,-9.24,-1.39
1,20,0.0,0.0,2.1,7,44.78,-9.24,-1.39
1,20,0.0,0.0,2.1,11,44.78,-9.24,-1.39
1,20,0.0,0.0,2.1,15,44.78,-9.24,-1.39
1,20,0.0,0.0,2.1,19,44.78,-9.24,-1.39
1,20,0.0,0.3,0.0,3,33.95,-15.58,-2.14
1,20,0.0,0.3,0.0,7,33.95,-17.34,-2.44
1,20,0.0,0.3,0.0,11,34.14,-17.37,-2.46
1,20,0.0,0.3,0.0,15,34.04,-17.34,-2.46
1,20,0.0,0.3,0.0,19,34.33,-16.58,-2.34
1,20,0.0,0.3,0.3,3,35.3,-14.15,-1.94
1,20,0.0,0.3,0.3,7,35.11,-15.81,-2.22
1,20,0.0,0.3,0.3,11,35.3,-15.86,-2.24
1,20,0.0,0.3,0.3,15,35.2,-15.83,-2.24
1,20,0.0,0.3,0.3,19,35.4,-15.46,-2.18
1,20,0.0,0.3,0.6,3,35.3,-14.15,-1.94
1,20,0.0,0.3,0.6,7,35.11,-15.81,-2.22
1,20,0.0,0.3,0.6,11,35.3,-15.86,-2.24
1,20,0.0,0.3,0.6,15,35.2,-15.83,-2.24
1,20,0.0,0.3,0.6,19,35.4,-15.46,-2.18
1,20,0.0,0.3,0.9,3,35.3,-14.15,-1.94
1,20,0.0,0.3,0.9,7,35.11,-15.81,-2.22
1,20,0.0,0.3,0.9,11,35.3,-15.86,-2.24
1,20,0.0,0.3,0.9,15,35.2,-15.83,-2.24
1,20,0.0,0.3,0.9,19,35.4,-15.46,-2.18
1,20,0.0,0.3,1.2,3,35.3,-14.15,-1.94
1,20,0.0,0.3,1.2,7,35.11,-15.81,-2.22
1,20,0.0,0.3,1.2,11,35.3,-15.86,-2.24
1,20,0.0,0.3,1.2,15,35.2,-15.83,-2.24
1,20,0.0,0.3,1.2,19,35.4,-15.46,-2.18
1,20,0.0,0.3,1.5,3,35.3,-14.15,-1.94
1,20,0.0,0.3,1.5,7,35.11,-15.81,-2.22
1,20,0.0,0.3,1.5,11,35.3,-15.86,-2.24
1,20,0.0,0.3,1.5,15,35.2,-15.83,-2.24
1,20,0.0,0.3,1.5,19,35.4,-15.46,-2.18
1,20,0.0,0.3,1.8,3,35.3,-14.15,-1.94
1,20,0.0,0.3,1.8,7,35.11,-15.81,-2.22
1,20,0.0,0.3,1.8,11,35.3,-15.86,-2.24
1,20,0.0,0.3,1.8,15,35.2,-15.83,-2.24
1,20,0.0,0.3,1.8,19,35.4,-15.46,-2.18
1,20,0.0,0.3,2.1,3,35.3,-14.15,-1.94
1,20,0.0,0.3,2.1,7,35.11,-15.81,-2.22
1,20,0.0,0.3,2.1,11,35.3,-15.86,-2.24
1,20,0.0,0.3,2.1,15,35.2,-15.83,-2.24
1,20,0.0,0.3,2.1,19,35.4,-15.46,-2.18
1,20,0.0,0.6,0.0,3,27.47,-13.82,-1.74
1,20,0.0,0.6,0.0,7,27.76,-13.27,-1.68
1,20,0.0,0.6,0.0,11,28.24,-12.77,-1.61
1,20,0.0,0.6,0.0,15,28.05,-13.63,-1.74
1,20,0.0,0.6,0.0,19,28.05,-13.74,-1.75
1,20,0.0,0.6,0.3,3,31.91,-12.07,-1.55
1,20,0.0,0.6,0.3,7,32.11,-11.63,-1.49
1,20,0.0,0.6,0.3,11,32.01,-11.85,-1.53
1,20,0.0,0.6,0.3,15,31.91,-12.36,-1.61
1,20,0.0,0.6,0.3,19,31.82,-12.48,-1.62
1,20,0.0,0.6,0.6,3,31.91,-12.07,-1.55
1,20,0.0,0.6,0.6,7,32.11,-11.63,-1.49
1,20,0.0,0.6,0.6,11,32.01,-11.85,-1.53
1,20,0.0,0.6,0.6,15,31.91,-12.36,-1.61
1,20,0.0,0.6,0.6,19,31.82,-12.48,-1.62
1,20,0.0,0.6,0.9,3,31.91,-12.07,-1.55
1,20,0.0,0.6,0.9,7,32.11,-11.63,-1.49
1,20,0.0,0.6,0.9,11,32.01,-11.85,-1.53
1,20,0.0,0.6,0.9,15,31.91,-12.36,-1.61
1,20,0.0,0.6,0.9,19,31.82,-12.48,-1.62
1,20,0.0,0.6,1.2,3,31.91,-12.07,-1.55
1,20,0.0,0.6,1.2,7,32.11,-11.63,-1.49
1,20,0.0,0.6,1.2,11,32.01,-11.85,-1.53
1,20,0.0,0.6,1.2,15,31.91,-12.36,-1.61
1,20,0.0,0.6,1.2,19,31.82,-12.48,-1.62
1,20,0.0,0.6,1.5,3,31.91,-12.07,-1.55
1,20,0.0,0.6,1.5,7,32.11,-11.63,-1.49
1,20,0.0,0.6,1.5,11,32.01,-11.85,-1.53
1,20,0.0,0.6,1.5,15,31.91,-12.36,-1.61
1,20,0.0,0.6,1.5,19,31.82,-12.48,-1.62
1,20,0.0,0.6,1.8,3,31.91,-12.07,-1.55
1,20,0.0,0.6,1.8,7,32.11,-11.63,-1.49
1,20,0.0,0.6,1.8,11,32.01,-11.85,-1.53
1,20,0.0,0.6,1.8,15,31.91,-12.36,-1.61
1,20,0.0,0.6,1.8,19,31.82,-12.48,-1.62
1,20,0.0,0.6,2.1,3,31.91,-12.07,-1.55
1,20,0.0,0.6,2.1,7,32.11,-11.63,-1.49
1,20,0.0,0.6,2.1,11,32.01,-11.85,-1.53
1,20,0.0,0.6,2.1,15,31.91,-12.36,-1.61
1,20,0.0,0.6,2.1,19,31.82,-12.48,-1.62
1,20,0.0,0.9,0.0,3,23.11,-18.66,-2.23
1,20,0.0,0.9,0.0,7,23.79,-16.52,-2.0
1,20,0.0,0.9,0.0,11,23.98,-15.42,-1.86
1,20,0.0,0.9,0.0,15,23.69,-15.32,-1.82
1,20,0.0,0.9,0.0,19,23.5,-15.9,-1.91
1,20,0.0,0.9,0.3,3,30.85,-13.06,-1.62
1,20,0.0,0.9,0.3,7,30.75,-11.48,-1.42
1,20,0.0,0.9,0.3,11,30.75,-10.79,-1.33
1,20,0.0,0.9,0.3,15,30.75,-9.96,-1.2
1,20,0.0,0.9,0.3,19,30.66,-10.33,-1.25
1,20,0.0,0.9,0.6,3,30.85,-13.06,-1.62
1,20,0.0,0.9,0.6,7,30.75,-11.48,-1.42
1,20,0.0,0.9,0.6,11,30.75,-10.79,-1.33
1,20,0.0,0.9,0.6,15,30.75,-9.96,-1.2
1,20,0.0,0.9,0.6,19,30.66,-10.33,-1.25
1,20,0.0,0.9,0.9,3,30.85,-13.06,-1.62
1,20,0.0,0.9,0.9,7,30.75,-11.48,-1.42
1,20,0.0,0.9,0.9,11,30.75,-10.79,-1.33
1,20,0.0,0.9,0.9,15,30.75,-9.96,-1.2
1,20,0.0,0.9,0.9,19,30.66,-10.33,-1.25
1,20,0.0,0.9,1.2,3,30.85,-13.06,-1.62
1,20,0.0,0.9,1.2,7,30.75,-11.48,-1.42
1,20,0.0,0.9,1.2,11,30.75,-10.79,-1.33
1,20,0.0,0.9,1.2,15,30.75,-9.96,-1.2
1,20,0.0,0.9,1.2,19,30.66,-10.33,-1.25
1,20,0.0,0.9,1.5,3,30.85,-13.06,-1.62
1,20,0.0,0.9,1.5,7,30.75,-11.48,-1.42
1,20,0.0,0.9,1.5,11,30.75,-10.79,-1.33
1,20,0.0,0.9,1.5,15,30.75,-9.96,-1.2
1,20,0.0,0.9,1.5,19,30.66,-10.33,-1.25
1,20,0.0,0.9,1.8,3,30.85,-13.06,-1.62
1,20,0.0,0.9,1.8,7,30.75,-11.48,-1.42
1,20,0.0,0.9,1.8,11,30.75,-10.79,-1.33
1,20,0.0,0.9,1.8,15,30.75,-9.96,-1.2
1,20,0.0,0.9,1.8,19,30.66,-10.33,-1.25
1,20,0.0,0.9,2.1,3,30.85,-13.06,-1.62
1,20,0.0,0.9,2.1,7,30.75,-11.48,-1.42
1,20,0.0,0.9,2.1,11,30.75,-10.79,-1.33
1,20,0.0,0.9,2.1,15,30.75,-9.96,-1.2
1,20,0.0,0.9,2.1,19,30.66,-10.33,-1.25
1,20,0.0,1.2,0.0,3,20.7,-19.06,-2.17
1,20,0.0,1.2,0.0,7,20.89,-17.98,-2.08
1,20,0.0,1.2,0.0,11,21.08,-17.81,-2.07
1,20,0.0,1.2,0.0,15,21.28,-14.51,-1.64
1,20,0.0,1.2,0.0,19,21.37,-13.0,-1.45
1,20,0.0,1.2,0.3,3,29.98,-14.13,-1.72
1,20,0.0,1.2,0.3,7,30.27,-11.18,-1.33
1,20,0.0,1.2,0.3,11,30.27,-11.84,-1.43
1,20,0.0,1.2,0.3,15,30.27,-9.94,-1.17
1,20,0.0,1.2,0.3,19,30.37,-8.47,-0.98
1,20,0.0,1.2,0.6,3,29.98,-14.13,-1.72
1,20,0.0,1.2,0.6,7,30.27,-11.18,-1.33
1,20,0.0,1.2,0.6,11,30.27,-11.84,-1.43
1,20,0.0,1.2,0.6,15,30.27,-9.94,-1.17
1,20,0.0,1.2,0.6,19,30.37,-8.47,-0.98
1,20,0.0,1.2,0.9,3,29.98,-14.13,-1.72
1,20,0.0,1.2,0.9,7,30.27,-11.18,-1.33
1,20,0.0,1.2,0.9,11,30.27,-11.84,-1.43
1,20,0.0,1.2,0.9,15,30.27,-9.94,-1.17
1,20,0.0,1.2,0.9,19,30.37,-8.47,-0.98
1,20,0.0,1.2,1.2,3,29.98,-14.13,-1.72
1,20,0.0,1.2,1.2,7,30.27,-11.18,-1.33
1,20,0.0,1.2,1.2,11,30.27,-11.84,-1.43
1,20,0.0,1.2,1.2,15,30.27,-9.94,-1.17
1,20,0.0,1.2,1.2,19,30.37,-8.47,-0.98
1,20,0.0,1.2,1.5,3,29.98,-14.13,-1.72
1,20,0.0,1.2,1.5,7,30.27,-11.18,-1.33
1,20,0.0,1.2,1.5,11,30.27,-11.84,-1.43
1,20,0.0,1.2,1.5,15,30.27,-9.94,-1.17
1,20,0.0,1.2,1.5,19,30.37,-8.47,-0.98
1,20,0.0,1.2,1.8,3,29.98,-14.13,-1.72
1,20,0.0,1.2,1.8,7,30.27,-11.18,-1.33
1,20,0.0,1.2,1.8,11,30.27,-11.84,-1.43
1,20,0.0,1.2,1.8,15,30.27,-9.94,-1.17
1,20,0.0,1.2,1.8,19,30.37,-8.47,-0.98
1,20,0.0,1.2,2.1,3,29.98,-14.13,-1.72
1,20,0.0,1.2,2.1,7,30.27,-11.18,-1.33
1,20,0.0,1.2,2.1,11,30.27,-11.84,-1.43
1,20,0.0,1.2,2.1,15,30.27,-9.94,-1.17
1,20,0.0,1.2,2.1,19,30.37,-8.47,-0.98
1,20,0.0,1.5,0.0,3,19.15,-17.08,-1.83
1,20,0.0,1.5,0.0,7,19.05,-17.71,-1.96
1,20,0.0,1.5,0.0,11,19.34,-13.81,-1.47
1,20,0.0,1.5,0.0,15,19.34,-13.85,-1.49
1,20,0.0,1.5,0.0,19,19.54,-13.59,-1.46
1,20,0.0,1.5,0.3,3,29.88,-11.84,-1.39
1,20,0.0,1.5,0.3,7,29.88,-12.79,-1.52
1,20,0.0,1.5,0.3,11,29.98,-7.91,-0.87
1,20,0.0,1.5,0.3,15,30.08,-7.62,-0.85
1,20,0.0,1.5,0.3,19,30.08,-7.56,-0.84
1,20,0.0,1.5,0.6,3,29.88,-11.84,-1.39
1,20,0.0,1.5,0.6,7,29.88,-12.79,-1.52
1,20,0.0,1.5,0.6,11,29.98,-7.91,-0.87
1,20,0.0,1.5,0.6,15,30.08,-7.62,-0.85
1,20,0.0,1.5,0.6,19,30.08,-7.56,-0.84
1,20,0.0,1.5,0.9,3,29.88,-11.84,-1.39
1,20,0.0,1.5,0.9,7,29.88,-12.79,-1.52
1,20,0.0,1.5,0.9,11,29.98,-7.91,-0.87
1,20,0.0,1.5,0.9,15,30.08,-7.62,-0.85
1,20,0.0,1.5,0.9,19,30.08,-7.56,-0.84
1,20,0.0,1.5,1.2,3,29.88,-11.84,-1.39
1,20,0.0,1.5,1.2,7,29.88,-12.79,-1.52
1,20,0.0,1.5,1.2,11,29.98,-7.91,-0.87
1,20,0.0,1.5,1.2,15,30.08,-7.62,-0.85
1,20,0.0,1.5,1.2,19,30.08,-7.56,-0.84
1,20,0.0,1.5,1.5,3,29.88,-11.84,-1.39
1,20,0.0,1.5,1.5,7,29.88,-12.79,-1.52
1,20,0.0,1.5,1.5,11,29.98,-7.91,-0.87
1,20,0.0,1.5,1.5,15,30.08,-7.62,-0.85
1,20,0.0,1.5,1.5,19,30.08,-7.56,-0.84
1,20,0.0,1.5,1.8,3,29.88,-11.84,-1.39
1,20,0.0,1.5,1.8,7,29.88,-12.79,-1.52
1,20,0.0,1.5,1.8,11,29.98,-7.91,-0.87
1,20,0.0,1.5,1.8,15,30.08,-7.62,-0.85
1,20,0.0,1.5,1.8,19,30.08,-7.56,-0.84
1,20,0.0,1.5,2.1,3,29.88,-11.84,-1.39
1,20,0.0,1.5,2.1,7,29.88,-12.79,-1.52
1,20,0.0,1.5,2.1,11,29.98,-7.91,-0.87
1,20,0.0,1.5,2.1,15,30.08,-7.62,-0.85
1,20,0.0,1.5,2.1,19,30.08,-7.56,-0.84
1,20,0.0,1.8,0.0,3,17.79,-15.39,-1.55
1,20,0.0,1.8,0.0,7,18.09,-10.39,-0.99
1,20,0.0,1.8,0.0,11,17.99,-12.17,-1.2
1,20,0.0,1.8,0.0,15,17.99,-11.45,-1.11
1,20,0.0,1.8,0.0,19,18.18,-11.92,-1.18
1,20,0.0,1.8,0.3,3,29.79,-10.13,-1.14
1,20,0.0,1.8,0.3,7,29.79,-10.6,-1.2
1,20,0.0,1.8,0.3,11,29.79,-9.56,-1.07
1,20,0.0,1.8,0.3,15,29.79,-9.13,-1.02
1,20,0.0,1.8,0.3,19,29.79,-9.04,-1.01
1,20,0.0,1.8,0.6,3,29.79,-10.13,-1.14
1,20,0.0,1.8,0.6,7,29.79,-10.6,-1.2
1,20,0.0,1.8,0.6,11,29.79,-9.56,-1.07
1,20,0.0,1.8,0.6,15,29.79,-9.13,-1.02
1,20,0.0,1.8,0.6,19,29.79,-9.04,-1.01
1,20,0.0,1.8,0.9,3,29.79,-10.13,-1.14
1,20,0.0,1.8,0.9,7,29.79,-10.6,-1.2
1,20,0.0,1.8,0.9,11,29.79,-9.56,-1.07
1,20,0.0,1.8,0.9,15,29.79,-9.13,-1.02
1,20,0.0,1.8,0.9,19,29.79,-9.04,-1.01
1,20,0.0,1.8,1.2,3,29.79,-10.13,-1.14
1,20,0.0,1.8,1.2,7,29.79,-10.6,-1.2
1,20,0.0,1.8,1.2,11,29.79,-9.56,-1.07
1,20,0.0,1.8,1.2,15,29.79,-9.13,-1.02
1,20,0.0,1.8,1.2,19,29.79,-9.04,-1.01
1,20,0.0,1.8,1.5,3,29.79,-10.13,-1.14
1,20,0.0,1.8,1.5,7,29.79,-10.6,-1.2
1,20,0.0,1.8,1.5,11,29.79,-9.56,-1.07
1,20,0.0,1.8,1.5,15,29.79,-9.13,-1.02
1,20,0.0,1.8,1.5,19,29.79,-9.04,-1.01
1,20,0.0,1.8,1.8,3,29.79,-10.13,-1.14
1,20,0.0,1.8,1.8,7,29.79,-10.6,-1.2
1,20,0.0,1.8,1.8,11,29.79,-9.56,-1.07
1,20,0.0,1.8,1.8,15,29.79,-9.13,-1.02
1,20,0.0,1.8,1.8,19,29.79,-9.04,-1.01
1,20,0.0,1.8,2.1,3,29.79,-10.13,-1.14
1,20,0.0,1.8,2.1,7,29.79,-10.6,-1.2
1,20,0.0,1.8,2.1,11,29.79,-9.56,-1.07
1,20,0.0,1.8,2.1,15,29.79,-9.13,-1.02
1,20,0.0,1.8,2.1,19,29.79,-9.04,-1.01
1,20,0.0,2.1,0.0,3,17.02,-14.95,-1.44
1,20,0.0,2.1,0.0,7,17.13,-13.06,-1.26
1,20,0.0,2.1,0.0,11,17.13,-13.21,-1.27
1,20,0.0,2.1,0.0,15,17.04,-13.47,-1.3
1,20,0.0,2.1,0.0,19,16.84,-12.48,-1.18
1,20,0.0,2.1,0.3,3,29.79,-8.23,-0.89
1,20,0.0,2.1,0.3,7,29.72,-9.56,-1.06
1,20,0.0,2.1,0.3,11,29.72,-10.83,-1.23
1,20,0.0,2.1,0.3,15,29.72,-10.97,-1.24
1,20,0.0,2.1,0.3,19,29.72,-10.46,-1.18
1,20,0.0,2.1,0.6,3,29.79,-8.23,-0.89
1,20,0.0,2.1,0.6,7,29.72,-9.56,-1.06
1,20,0.0,2.1,0.6,11,29.72,-10.83,-1.23
1,20,0.0,2.1,0.6,15,29.72,-10.97,-1.24
1,20,0.0,2.1,0.6,19,29.72,-10.46,-1.18
1,20,0.0,2.1,0.9,3,29.79,-8.23,-0.89
1,20,0.0,2.1,0.9,7,29.72,-9.56,-1.06
1,20,0.0,2.1,0.9,11,29.72,-10.83,-1.23
1,20,0.0,2.1,0.9,15,29.72,-10.97,-1.24
1,20,0.0,2.1,0.9,19,29.72,-10.46,-1.18
1,20,0.0,2.1,1.2,3,29.79,-8.23,-0.89
1,20,0.0,2.1,1.2,7,29.72,-9.56,-1.06
1,20,0.0,2.1,1.2,11,29.72,-10.83,-1.23
1,20,0.0,2.1,1.2,15,29.72,-10.97,-1.24
1,20,0.0,2.1,1.2,19,29.72,-10.46,-1.18
1,20,0.0,2.1,1.5,3,29.79,-8.23,-0.89
1,20,0.0,2.1,1.5,7,29.72,-9.56,-1.06
1,20,0.0,2.1,1.5,11,29.72,-10.83,-1.23
1,20,0.0,2.1,1.5,15,29.72,-10.97,-1.24
1,20,0.0,2.1,1.5,19,29.72,-10.46,-1.18
1,20,0.0,2.1,1.8,3,29.79,-8.23,-0.89
1,20,0.0,2.1,1.8,7,29.72,-9.56,-1.06
1,20,0.0,2.1,1.8,11,29.72,-10.83,-1.23
1,20,0.0,2.1,1.8,15,29.72,-10.97,-1.24
1,20,0.0,2.1,1.8,19,29.72,-10.46,-1.18
1,20,0.0,2.1,2.1,3,29.79,-8.23,-0.89
1,20,0.0,2.1,2.1,7,29.72,-9.56,-1.06
1,20,0.0,2.1,2.1,11,29.72,-10.83,-1.23
1,20,0.0,2.1,2.1,15,29.72,-10.97,-1.24
1,20,0.0,2.1,2.1,19,29.72,-10.46,-1.18
1,20,0.3,0.0,0.0,3,54.84,-6.51,-0.84
1,20,0.3,0.0,0.0,7,53.87,-8.45,-1.14
1,20,0.3,0.0,0.0,11,53.97,-6.95,-0.92
1,20,0.3,0.0,0.0,15,53.87,-7.24,-0.97
1,20,0.3,0.0,0.0,19,53.77,-6.98,-0.93
1,20,0.3,0.0,0.3,3,54.84,-6.51,-0.84
1,20,0.3,0.0,0.3,7,53.87,-8.45,-1.14
1,20,0.3,0.0,0.3,11,53.97,-6.95,-0.92
1,20,0.3,0.0,0.3,15,53.87,-7.24,-0.97
1,20,0.3,0.0,0.3,19,53.77,-6.98,-0.93
1,20,0.3,0.0,0.6,3,54.84,-6.51,-0.84
1,20,0.3,0.0,0.6,7,53.87,-8.45,-1.14
1,20,0.3,0.0,0.6,11,53.97,-6.95,-0.92
1,20,0.3,0.0,0.6,15,53.87,-7.24,-0.97
1,20,0.3,0.0,0.6,19,53.77,-6.98,-0.93
1,20,0.3,0.0,0.9,3,54.84,-6.51,-0.84
1,20,0.3,0.0,0.9,7,53.87,-8.45,-1.14
1,20,0.3,0.0,0.9,11,53.97,-6.95,-0.92
1,20,0.3,0.0,0.9,15,53.87,-7.24,-0.97
1,20,0.3,0.0,0.9,19,53.77,-6.98,-0.93
1,20,0.3,0.0,1.2,3,54.84,-6.51,-0.84
1,20,0.3,0.0,1.2,7,53.87,-8.45,-1.14
1,20,0.3,0.0,1.2,11,53.97,-6.95,-0.92
1,20,0.3,0.0,1.2,15,53.87,-7.24,-0.97
1,20,0.3,0.0,1.2,19,53.77,-6.98,-0.93
1,20,0.3,0.0,1.5,3,54.84,-6.51,-0.84
1,20,0.3,0.0,1.5,7,53.87,-8.45,-1.14
1,20,0.3,0.0,1.5,11,53.97,-6.95,-0.92
1,20,0.3,0.0,1.5,15,53.87,-7.24,-0.97
1,20,0.3,0.0,1.5,19,53.77,-6.98,-0.93
1,20,0.3,0.0,1.8,3,54.84,-6.51,-0.84
1,20,0.3,0.0,1.8,7,53.87,-8.45,-1.14
1,20,0.3,0.0,1.8,11,53.97,-6.95,-0.92
1,20,0.3,0.0,1.8,15,53.87,-7.24,-0.97
1,20,0.3,0.0,1.8,19,53.77,-6.98,-0.93
1,20,0.3,0.0,2.1,3,54.84,-6.51,-0.84
1,20,0.3,0.0,2.1,7,53.87,-8.45,-1.14
1,20,0.3,0.0,2.1,11,53.97,-6.95,-0.92
1,20,0.3,0.0,2.1,15,53.87,-7.24,-0.97
1,20,0.3,0.0,2.1,19,53.77,-6.98,-0.93
1,20,0.3,0.3,0.0,3,43.71,-11.33,-1.32
1,20,0.3,0.3,0.0,7,42.65,-15.38,-1.93
1,20,0.3,0.3,0.0,11,42.94,-15.46,-1.96
1,20,0.3,0.3,0.0,15,43.13,-14.34,-1.81
1,20,0.3,0.3,0.0,19,43.42,-12.45,-1.55
1,20,0.3,0.3,0.3,3,42.65,-12.65,-1.51
1,20,0.3,0.3,0.3,7,41.88,-15.82,-2.0
1,20,0.3,0.3,0.3,11,42.26,-14.33,-1.81
1,20,0.3,0.3,0.3,15,42.36,-13.61,-1.71
1,20,0.3,0.3,0.3,19,42.75,-12.09,-1.5
1,20,0.3,0.3,0.6,3,42.65,-12.65,-1.51
1,20,0.3,0.3,0.6,7,41.88,-15.82,-2.0
1,20,0.3,0.3,0.6,11,42.26,-14.33,-1.81
1,20,0.3,0.3,0.6,15,42.36,-13.61,-1.71
1,20,0.3,0.3,0.6,19,42.75,-12.09,-1.5
1,20,0.3,0.3,0.9,3,42.65,-12.65,-1.51
1,20,0.3,0.3,0.9,7,41.88,-15.82,-2.0
1,20,0.3,0.3,0.9,11,42.26,-14.33,-1.81
1,20,0.3,0.3,0.9,15,42.36,-13.61,-1.71
1,20,0.3,0.3,0.9,19,42.75,-12.09,-1.5
1,20,0.3,0.3,1.2,3,42.65,-12.65,-1.51
1,20,0.3,0.3,1.2,7,41.88,-15.82,-2.0
1,20,0.3,0.3,1.2,11,42.26,-14.33,-1.81
1,20,0.3,0.3,1.2,15,42.36,-13.61,-1.71
1,20,0.3,0.3,1.2,19,42.75,-12.09,-1.5
1,20,0.3,0.3,1.5,3,42.65,-12.65,-1.51
1,20,0.3,0.3,1.5,7,41.88,-15.82,-2.0
1,20,0.3,0.3,1.5,11,42.26,-14.33,-1.81
1,20,0.3,0.3,1.5,15,42.36,-13.61,-1.71
1,20,0.3,0.3,1.5,19,42.75,-12.09,-1.5
1,20,0.3,0.3,1.8,3,42.65,-12.65,-1.51
1,20,0.3,0.3,1.8,7,41.88,-15.82,-2.0
1,20,0.3,0.3,1.8,11,42.26,-14.33,-1.81
1,20,0.3,0.3,1.8,15,42.36,-13.61,-1.71
1,20,0.3,0.3,1.8,19,42.75,-12.09,-1.5
1,20,0.3,0.3,2.1,3,42.65,-12.65,-1.51
1,20,0.3,0.3,2.1,7,41.88,-15.82,-2.0
1,20,0.3,0.3,2.1,11,42.26,-14.33,-1.81
1,20,0.3,0.3,2.1,15,42.36,-13.61,-1.71
1,20,0.3,0.3,2.1,19,42.75,-12.09,-1.5
1,20,0.3,0.6,0.0,3,36.17,-8.84,-0.9
1,20,0.3,0.6,0.0,7,35.88,-9.45,-1.01
1,20,0.3,0.6,0.0,11,36.36,-7.93,-0.84
1,20,0.3,0.6,0.0,15,36.07,-8.98,-0.97
1,20,0.3,0.6,0.0,19,36.07,-9.33,-1.01
1,20,0.3,0.6,0.3,3,36.07,-10.01,-1.09
1,20,0.3,0.6,0.3,7,35.98,-11.32,-1.28
1,20,0.3,0.6,0.3,11,36.27,-8.29,-0.91
1,20,0.3,0.6,0.3,15,36.07,-8.7,-0.96
1,20,0.3,0.6,0.3,19,36.27,-8.17,-0.9
1,20,0.3,0.6,0.6,3,36.07,-10.01,-1.09
1,20,0.3,0.6,0.6,7,35.98,-11.32,-1.28
1,20,0.3,0.6,0.6,11,36.27,-8.29,-0.91
1,20,0.3,0.6,0.6,15,36.07,-8.7,-0.96
1,20,0.3,0.6,0.6,19,36.27,-8.17,-0.9
1,20,0.3,0.6,0.9,3,36.07,-10.01,-1.09
1,20,0.3,0.6,0.9,7,35.98,-11.32,-1.28
1,20,0.3,0.6,0.9,11,36.27,-8.29,-0.91
1,20,0.3,0.6,0.9,15,36.07,-8.7,-0.96
1,20,0.3,0.6,0.9,19,36.27,-8.17,-0.9
1,20,0.3,0.6,1.2,3,36.07,-10.01,-1.09
1,20,0.3,0.6,1.2,7,35.98,-11.32,-1.28
1,20,0.3,0.6,1.2,11,36.27,-8.29,-0.91
1,20,0.3,0.6,1.2,15,36.07,-8.7,-0.96
1,20,0.3,0.6,1.2,19,36.27,-8.17,-0.9
1,20,0.3,0.6,1.5,3,36.07,-10.01,-1.09
1,20,0.3,0.6,1.5,7,35.98,-11.32,-1.28
1,20,0.3,0.6,1.5,11,36.27,-8.29,-0.91
1,20,0.3,0.6,1.5,15,36.07,-8.7,-0.96
1,20,0.3,0.6,1.5,19,36.27,-8.17,-0.9
1,20,0.3,0.6,1.8,3,36.07,-10.01,-1.09
1,20,0.3,0.6,1.8,7,35.98,-11.32,-1.28
1,20,0.3,0.6,1.8,11,36.27,-8.29,-0.91
1,20,0.3,0.6,1.8,15,36.07,-8.7,-0.96
1,20,0.3,0.6,1.8,19,36.27,-8.17,-0.9
1,20,0.3,0.6,2.1,3,36.07,-10.01,-1.09
1,20,0.3,0.6,2.1,7,35.98,-11.32,-1.28
1,20,0.3,0.6,2.1,11,36.27,-8.29,-0.91
1,20,0.3,0.6,2.1,15,36.07,-8.7,-0.96
1,20,0.3,0.6,2.1,19,36.27,-8.17,-0.9
1,20,0.3,0.9,0.0,3,31.33,-7.31,-0.63
1,20,0.3,0.9,0.0,7,31.72,-8.52,-0.81
1,20,0.3,0.9,0.0,11,32.11,-5.66,-0.51
1,20,0.3,0.9,0.0,15,31.53,-6.59,-0.61
1,20,0.3,0.9,0.0,19,31.14,-8.91,-0.87
1,20,0.3,0.9,0.3,3,33.85,-11.51,-1.19
1,20,0.3,0.9,0.3,7,33.95,-8.65,-0.9
1,20,0.3,0.9,0.3,11,33.95,-5.73,-0.56
1,20,0.3,0.9,0.3,15,33.75,-5.64,-0.54
1,20,0.3,0.9,0.3,19,33.85,-5.75,-0.56
1,20,0.3,0.9,0.6,3,33.85,-11.51,-1.19
1,20,0.3,0.9,0.6,7,33.95,-8.65,-0.9
1,20,0.3,0.9,0.6,11,33.95,-5.73,-0.56
1,20,0.3,0.9,0.6,15,33.75,-5.64,-0.54
1,20,0.3,0.9,0.6,19,33.85,-5.75,-0.56
1,20,0.3,0.9,0.9,3,33.85,-11.51,-1.19
1,20,0.3,0.9,0.9,7,33.95,-8.65,-0.9
1,20,0.3,0.9,0.9,11,33.95,-5.73,-0.56
1,20,0.3,0.9,0.9,15,33.75,-5.64,-0.54
1,20,0.3,0.9,0.9,19,33.85,-5.75,-0.56
1,20,0.3,0.9,1.2,3,33.85,-11.51,-1.19
1,20,0.3,0.9,1.2,7,33.95,-8.65,-0.9
1,20,0.3,0.9,1.2,11,33.95,-5.73,-0.56
1,20,0.3,0.9,1.2,15,33.75,-5.64,-0.54
1,20,0.3,0.9,1.2,19,33.85,-5.75,-0.56
1,20,0.3,0.9,1.5,3,33.85,-11.51,-1.19
1,20,0.3,0.9,1.5,7,33.95,-8.65,-0.9
1,20,0.3,0.9,1.5,11,33.95,-5.73,-0.56
1,20,0.3,0.9,1.5,15,33.75,-5.64,-0.54
1,20,0.3,0.9,1.5,19,33.85,-5.75,-0.56
1,20,0.3,0.9,1.8,3,33.85,-11.51,-1.19
1,20,0.3,0.9,1.8,7,33.95,-8.65,-0.9
1,20,0.3,0.9,1.8,11,33.95,-5.73,-0.56
1,20,0.3,0.9,1.8,15,33.75,-5.64,-0.54
1,20,0.3,0.9,1.8,19,33.85,-5.75,-0.56
1,20,0.3,0.9,2.1,3,33.85,-11.51,-1.19
1,20,0.3,0.9,2.1,7,33.95,-8.65,-0.9
1,20,0.3,0.9,2.1,11,33.95,-5.73,-0.56
1,20,0.3,0.9,2.1,15,33.75,-5.64,-0.54
1,20,0.3,0.9,2.1,19,33.85,-5.75,-0.56
1,20,0.3,1.2,0.0,3,28.34,-9.62,-0.83
1,20,0.3,1.2,0.0,7,27.95,-11.61,-1.08
1,20,0.3,1.2,0.0,11,28.34,-11.19,-1.05
1,20,0.3,1.2,0.0,15,28.53,-3.9,-0.29
1,20,0.3,1.2,0.0,19,28.63,-2.23,-0.12
1,20,0.3,1.2,0.3,3,32.69,-13.9,-1.42
1,20,0.3,1.2,0.3,7,33.08,-7.57,-0.74
1,20,0.3,1.2,0.3,11,33.08,-4.79,-0.43
1,20,0.3,1.2,0.3,15,33.08,-1.56,-0.08
1,20,0.3,1.2,0.3,19,33.37,0.35,0.13
1,20,0.3,1.2,0.6,3,32.69,-13.9,-1.42
1,20,0.3,1.2,0.6,7,33.08,-7.57,-0.74
1,20,0.3,1.2,0.6,11,33.08,-4.79,-0.43
1,20,0.3,1.2,0.6,15,33.08,-1.56,-0.08
1,20,0.3,1.2,0.6,19,33.37,0.35,0.13
1,20,0.3,1.2,0.9,3,32.69,-13.9,-1.42
1,20,0.3,1.2,0.9,7,33.08,-7.57,-0.74
1,20,0.3,1.2,0.9,11,33.08,-4.79,-0.43
1,20,0.3,1.2,0.9,15,33.08,-1.56,-0.08
1,20,0.3,1.2,0.9,19,33.37,0.35,0.13
1,20,0.3,1.2,1.2,3,32.69,-13.9,-1.42
1,20,0.3,1.2,1.2,7,33.08,-7.57,-0.74
1,20,0.3,1.2,1.2,11,33.08,-4.79,-0.43
1,20,0.3,1.2,1.2,15,33.08,-1.56,-0.08
1,20,0.3,1.2,1.2,19,33.37,0.35,0.13
1,20,0.3,1.2,1.5,3,32.69,-13.9,-1.42
1,20,0.3,1.2,1.5,7,33.08,-7.57,-0.74
1,20,0.3,1.2,1.5,11,33.08,-4.79,-0.43
1,20,0.3,1.2,1.5,15,33.08,-1.56,-0.08
1,20,0.3,1.2,1.5,19,33.37,0.35,0.13
1,20,0.3,1.2,1.8,3,32.69,-13.9,-1.42
1,20,0.3,1.2,1.8,7,33.08,-7.57,-0.74
1,20,0.3,1.2,1.8,11,33.08,-4.79,-0.43
1,20,0.3,1.2,1.8,15,33.08,-1.56,-0.08
1,20,0.3,1.2,1.8,19,33.37,0.35,0.13
1,20,0.3,1.2,2.1,3,32.69,-13.9,-1.42
1,20,0.3,1.2,2.1,7,33.08,-7.57,-0.74
1,20,0.3,1.2,2.1,11,33.08,-4.79,-0.43
1,20,0.3,1.2,2.1,15,33.08,-1.56,-0.08
1,20,0.3,1.2,2.1,19,33.37,0.35,0.13
1,20,0.3,1.5,0.0,3,26.21,-6.66,-0.49
1,20,0.3,1.5,0.0,7,25.63,-10.3,-0.89
1,20,0.3,1.5,0.0,11,26.11,-5.01,-0.37
1,20,0.3,1.5,0.0,15,25.92,-5.95,-0.47
1,20,0.3,1.5,0.0,19,26.21,-6.0,-0.47
1,20,0.3,1.5,0.3,3,32.5,-7.77,-0.71
1,20,0.3,1.5,0.3,7,32.59,-5.55,-0.49
1,20,0.3,1.5,0.3,11,32.69,1.52,0.25
1,20,0.3,1.5,0.3,15,32.79,2.48,0.34
1,20,0.3,1.5,0.3,19,33.08,2.7,0.37
1,20,0.3,1.5,0.6,3,32.5,-7.77,-0.71
1,20,0.3,1.5,0.6,7,32.59,-5.55,-0.49
1,20,0.3,1.5,0.6,11,32.69,1.52,0.25
1,20,0.3,1.5,0.6,15,32.79,2.48,0.34
1,20,0.3,1.5,0.6,19,33.08,2.7,0.37
1,20,0.3,1.5,0.9,3,32.5,-7.77,-0.71
1,20,0.3,1.5,0.9,7,32.59,-5.55,-0.49
1,20,0.3,1.5,0.9,11,32.69,1.52,0.25
1,20,0.3,1.5,0.9,15,32.79,2.48,0.34
1,20,0.3,1.5,0.9,19,33.08,2.7,0.37
1,20,0.3,1.5,1.2,3,32.5,-7.77,-0.71
1,20,0.3,1.5,1.2,7,32.59,-5.55,-0.49
1,20,0.3,1.5,1.2,11,32.69,1.52,0.25
1,20,0.3,1.5,1.2,15,32.79,2.48,0.34
1,20,0.3,1.5,1.2,19,33.08,2.7,0.37
1,20,0.3,1.5,1.5,3,32.5,-7.77,-0.71
1,20,0.3,1.5,1.5,7,32.59,-5.55,-0.49
1,20,0.3,1.5,1.5,11,32.69,1.52,0.25
1,20,0.3,1.5,1.5,15,32.79,2.48,0.34
1,20,0.3,1.5,1.5,19,33.08,2.7,0.37
1,20,0.3,1.5,1.8,3,32.5,-7.77,-0.71
1,20,0.3,1.5,1.8,7,32.59,-5.55,-0.49
1,20,0.3,1.5,1.8,11,32.69,1.52,0.25
1,20,0.3,1.5,1.8,15,32.79,2.48,0.34
1,20,0.3,1.5,1.8,19,33.08,2.7,0.37
1,20,0.3,1.5,2.1,3,32.5,-7.77,-0.71
1,20,0.3,1.5,2.1,7,32.59,-5.55,-0.49
1,20,0.3,1.5,2.1,11,32.69,1.52,0.25
1,20,0.3,1.5,2.1,15,32.79,2.48,0.34
1,20,0.3,1.5,2.1,19,33.08,2.7,0.37
1,20,0.3,1.8,0.0,3,24.56,-4.68,-0.29
1,20,0.3,1.8,0.0,7,24.27,-5.41,-0.37
1,20,0.3,1.8,0.0,11,24.37,-5.34,-0.37
1,20,0.3,1.8,0.0,15,24.37,-4.06,-0.26
1,20,0.3,1.8,0.0,19,24.56,-5.75,-0.42
1,20,0.3,1.8,0.3,3,32.3,-4.38,-0.34
1,20,0.3,1.8,0.3,7,32.4,-3.86,-0.3
1,20,0.3,1.8,0.3,11,32.4,0.75,0.17
1,20,0.3,1.8,0.3,15,32.4,0.39,0.13
1,20,0.3,1.8,0.3,19,32.69,-0.18,0.07
1,20,0.3,1.8,0.6,3,32.3,-4.38,-0.34
1,20,0.3,1.8,0.6,7,32.4,-3.86,-0.3
1,20,0.3,1.8,0.6,11,32.4,0.75,0.17
1,20,0.3,1.8,0.6,15,32.4,0.39,0.13
1,20,0.3,1.8,0.6,19,32.69,-0.18,0.07
1,20,0.3,1.8,0.9,3,32.3,-4.38,-0.34
1,20,0.3,1.8,0.9,7,32.4,-3.86,-0.3
1,20,0.3,1.8,0.9,11,32.4,0.75,0.17
1,20,0.3,1.8,0.9,15,32.4,0.39,0.13
1,20,0.3,1.8,0.9,19,32.69,-0.18,0.07
1,20,0.3,1.8,1.2,3,32.3,-4.38,-0.34
1,20,0.3,1.8,1.2,7,32.4,-3.86,-0.3
1,20,0.3,1.8,1.2,11,32.4,0.75,0.17
1,20,0.3,1.8,1.2,15,32.4,0.39,0.13
1,20,0.3,1.8,1.2,19,32.69,-0.18,0.07
1,20,0.3,1.8,1.5,3,32.3,-4.38,-0.34
1,20,0.3,1.8,1.5,7,32.4,-3.86,-0.3
1,20,0.3,1.8,1.5,11,32.4,0.75,0.17
1,20,0.3,1.8,1.5,15,32.4,0.39,0.13
1,20,0.3,1.8,1.5,19,32.69,-0.18,0.07
1,20,0.3,1.8,1.8,3,32.3,-4.38,-0.34
1,20,0.3,1.8,1.8,7,32.4,-3.86,-0.3
1,20,0.3,1.8,1.8,11,32.4,0.75,0.17
1,20,0.3,1.8,1.8,15,32.4,0.39,0.13
1,20,0.3,1.8,1.8,19,32.69,-0.18,0.07
1,20,0.3,1.8,2.1,3,32.3,-4.38,-0.34
1,20,0.3,1.8,2.1,7,32.4,-3.86,-0.3
1,20,0.3,1.8,2.1,11,32.4,0.75,0.17
1,20,0.3,1.8,2.1,15,32.4,0.39,0.13
1,20,0.3,1.8,2.1,19,32.69,-0.18,0.07
1,20,0.3,2.1,0.0,3,23.69,-4.92,-0.29
1,20,0.3,2.1,0.0,7,23.43,-5.98,-0.41
1,20,0.3,2.1,0.0,11,23.43,-5.42,-0.36
1,20,0.3,2.1,0.0,15,23.04,-6.72,-0.48
1,20,0.3,2.1,0.0,19,22.75,-6.62,-0.47
1,20,0.3,2.1,0.3,3,32.3,-1.43,-0.04
1,20,0.3,2.1,0.3,7,32.33,-3.08,-0.21
1,20,0.3,2.1,0.3,11,32.33,-1.66,-0.07
1,20,0.3,2.1,0.3,15,32.33,-0.22,0.07
1,20,0.3,2.1,0.3,19,32.62,-0.63,0.03
1,20,0.3,2.1,0.6,3,32.3,-1.43,-0.04
1,20,0.3,2.1,0.6,7,32.33,-3.08,-0.21
1,20,0.3,2.1,0.6,11,32.33,-1.66,-0.07
1,20,0.3,2.1,0.6,15,32.33,-0.22,0.07
1,20,0.3,2.1,0.6,19,32.62,-0.63,0.03
1,20,0.3,2.1,0.9,3,32.3,-1.43,-0.04
1,20,0.3,2.1,0.9,7,32.33,-3.08,-0.21
1,20,0.3,2.1,0.9,11,32.33,-1.66,-0.07
1,20,0.3,2.1,0.9,15,32.33,-0.22,0.07
1,20,0.3,2.1,0.9,19,32.62,-0.63,0.03
1,20,0.3,2.1,1.2,3,32.3,-1.43,-0.04
1,20,0.3,2.1,1.2,7,32.33,-3.08,-0.21
1,20,0.3,2.1,1.2,11,32.33,-1.66,-0.07
1,20,0.3,2.1,1.2,15,32.33,-0.22,0.07
1,20,0.3,2.1,1.2,19,32.62,-0.63,0.03
1,20,0.3,2.1,1.5,3,32.3,-1.43,-0.04
1,20,0.3,2.1,1.5,7,32.33,-3.08,-0.21
1,20,0.3,2.1,1.5,11,32.33,-1.66,-0.07
1,20,0.3,2.1,1.5,15,32.33,-0.22,0.07
1,20,0.3,2.1,1.5,19,32.62,-0.63,0.03
1,20,0.3,2.1,1.8,3,32.3,-1.43,-0.04
1,20,0.3,2.1,1.8,7,32.33,-3.08,-0.21
1,20,0.3,2.1,1.8,11,32.33,-1.66,-0.07
1,20,0.3,2.1,1.8,15,32.33,-0.22,0.07
1,20,0.3,2.1,1.8,19,32.62,-0.63,0.03
1,20,0.3,2.1,2.1,3,32.3,-1.43,-0.04
1,20,0.3,2.1,2.1,7,32.33,-3.08,-0.21
1,20,0.3,2.1,2.1,11,32.33,-1.66,-0.07
1,20,0.3,2.1,2.1,15,32.33,-0.22,0.07
1,20,0.3,2.1,2.1,19,32.62,-0.63,0.03
1,20,0.6,0.0,0.0,3,58.22,-8.06,-0.99
1,20,0.6,0.0,0.0,7,57.54,-9.03,-1.16
1,20,0.6,0.0,0.0,11,57.25,-8.04,-1.03
1,20,0.6,0.0,0.0,15,56.87,-9.39,-1.22
1,20,0.6,0.0,0.0,19,56.96,-8.98,-1.17
1,20,0.6,0.0,0.3,3,58.22,-8.06,-0.99
1,20,0.6,0.0,0.3,7,57.54,-9.03,-1.16
1,20,0.6,0.0,0.3,11,57.25,-8.04,-1.03
1,20,0.6,0.0,0.3,15,56.87,-9.39,-1.22
1,20,0.6,0.0,0.3,19,56.96,-8.98,-1.17
1,20,0.6,0.0,0.6,3,58.22,-8.06,-0.99
1,20,0.6,0.0,0.6,7,57.54,-9.03,-1.16
1,20,0.6,0.0,0.6,11,57.25,-8.04,-1.03
1,20,0.6,0.0,0.6,15,56.87,-9.39,-1.22
1,20,0.6,0.0,0.6,19,56.96,-8.98,-1.17
1,20,0.6,0.0,0.9,3,58.22,-8.06,-0.99
1,20,0.6,0.0,0.9,7,57.54,-9.03,-1.16
1,20,0.6,0.0,0.9,11,57.25,-8.04,-1.03
1,20,0.6,0.0,0.9,15,56.87,-9.39,-1.22
1,20,0.6,0.0,0.9,19,56.96,-8.98,-1.17
1,20,0.6,0.0,1.2,3,58.22,-8.06,-0.99
1,20,0.6,0.0,1.2,7,57.54,-9.03,-1.16
1,20,0.6,0.0,1.2,11,57.25,-8.04,-1.03
1,20,0.6,0.0,1.2,15,56.87,-9.39,-1.22
1,20,0.6,0.0,1.2,19,56.96,-8.98,-1.17
1,20,0.6,0.0,1.5,3,58.22,-8.06,-0.99
1,20,0.6,0.0,1.5,7,57.54,-9.03,-1.16
1,20,0.6,0.0,1.5,11,57.25,-8.04,-1.03
1,20,0.6,0.0,1.5,15,56.87,-9.39,-1.22
1,20,0.6,0.0,1.5,19,56.96,-8.98,-1.17
1,20,0.6,0.0,1.8,3,58.22,-8.06,-0.99
1,20,0.6,0.0,1.8,7,57.54,-9.03,-1.16
1,20,0.6,0.0,1.8,11,57.25,-8.04,-1.03
1,20,0.6,0.0,1.8,15,56.87,-9.39,-1.22
1,20,0.6,0.0,1.8,19,56.96,-8.98,-1.17
1,20,0.6,0.0,2.1,3,58.22,-8.06,-0.99
1,20,0.6,0.0,2.1,7,57.54,-9.03,-1.16
1,20,0.6,0.0,2.1,11,57.25,-8.04,-1.03
1,20,0.6,0.0,2.1,15,56.87,-9.39,-1.22
1,20,0.6,0.0,2.1,19,56.96,-8.98,-1.17
1,20,0.6,0.3,0.0,3,47.0,-12.72,-1.4
1,20,0.6,0.3,0.0,7,45.94,-16.56,-1.98
1,20,0.6,0.3,0.0,11,46.13,-16.58,-2.02
1,20,0.6,0.3,0.0,15,46.13,-16.24,-1.98
1,20,0.6,0.3,0.0,19,46.62,-13.51,-1.61
1,20,0.6,0.3,0.3,3,46.81,-12.98,-1.44
1,20,0.6,0.3,0.3,7,45.74,-16.93,-2.04
1,20,0.6,0.3,0.3,11,46.03,-16.53,-2.02
1,20,0.6,0.3,0.3,15,45.84,-16.85,-2.08
1,20,0.6,0.3,0.3,19,46.23,-14.9,-1.81
1,20,0.6,0.3,0.6,3,46.81,-12.98,-1.44
1,20,0.6,0.3,0.6,7,45.74,-16.93,-2.04
1,20,0.6,0.3,0.6,11,46.03,-16.53,-2.02
1,20,0.6,0.3,0.6,15,45.84,-16.85,-2.08
1,20,0.6,0.3,0.6,19,46.23,-14.9,-1.81
1,20,0.6,0.3,0.9,3,46.81,-12.98,-1.44
1,20,0.6,0.3,0.9,7,45.74,-16.93,-2.04
1,20,0.6,0.3,0.9,11,46.03,-16.53,-2.02
1,20,0.6,0.3,0.9,15,45.84,-16.85,-2.08
1,20,0.6,0.3,0.9,19,46.23,-14.9,-1.81
1,20,0.6,0.3,1.2,3,46.81,-12.98,-1.44
1,20,0.6,0.3,1.2,7,45.74,-16.93,-2.04
1,20,0.6,0.3,1.2,11,46.03,-16.53,-2.02
1,20,0.6,0.3,1.2,15,45.84,-16.85,-2.08
1,20,0.6,0.3,1.2,19,46.23,-14.9,-1.81
1,20,0.6,0.3,1.5,3,46.81,-12.98,-1.44
1,20,0.6,0.3,1.5,7,45.74,-16.93,-2.04
1,20,0.6,0.3,1.5,11,46.03,-16.53,-2.02
1,20,0.6,0.3,1.5,15,45.84,-16.85,-2.08
1,20,0.6,0.3,1.5,19,46.23,-14.9,-1.81
1,20,0.6,0.3,1.8,3,46.81,-12.98,-1.44
1,20,0.6,0.3,1.8,7,45.74,-16.93,-2.04
1,20,0.6,0.3,1.8,11,46.03,-16.53,-2.02
1,20,0.6,0.3,1.8,15,45.84,-16.85,-2.08
1,20,0.6,0.3,1.8,19,46.23,-14.9,-1.81
1,20,0.6,0.3,2.1,3,46.81,-12.98,-1.44
1,20,0.6,0.3,2.1,7,45.74,-16.93,-2.04
1,20,0.6,0.3,2.1,11,46.03,-16.53,-2.02
1,20,0.6,0.3,2.1,15,45.84,-16.85,-2.08
1,20,0.6,0.3,2.1,19,46.23,-14.9,-1.81
1,20,0.6,0.6,0.0,3,39.75,-6.44,-0.57
1,20,0.6,0.6,0.0,7,39.07,-9.09,-0.91
1,20,0.6,0.6,0.0,11,39.36,-7.68,-0.76
1,20,0.6,0.6,0.0,15,39.17,-8.75,-0.89
1,20,0.6,0.6,0.0,19,39.36,-8.17,-0.82
1,20,0.6,0.6,0.3,3,38.59,-8.64,-0.81
1,20,0.6,0.6,0.3,7,38.2,-9.4,-0.96
1,20,0.6,0.6,0.3,11,38.59,-8.39,-0.85
1,20,0.6,0.6,0.3,15,38.01,-10.83,-1.15
1,20,0.6,0.6,0.3,19,38.01,-11.01,-1.17
1,20,0.6,0.6,0.6,3,38.59,-8.64,-0.81
1,20,0.6,0.6,0.6,7,38.2,-9.4,-0.96
1,20,0.6,0.6,0.6,11,38.59,-8.39,-0.85
1,20,0.6,0.6,0.6,15,38.01,-10.83,-1.15
1,20,0.6,0.6,0.6,19,38.01,-11.01,-1.17
1,20,0.6,0.6,0.9,3,38.59,-8.64,-0.81
1,20,0.6,0.6,0.9,7,38.2,-9.4,-0.96
1,20,0.6,0.6,0.9,11,38.59,-8.39,-0.85
1,20,0.6,0.6,0.9,15,38.01,-10.83,-1.15
1,20,0.6,0.6,0.9,19,38.01,-11.01,-1.17
1,20,0.6,0.6,1.2,3,38.59,-8.64,-0.81
1,20,0.6,0.6,1.2,7,38.2,-9.4,-0.96
1,20,0.6,0.6,1.2,11,38.59,-8.39,-0.85
1,20,0.6,0.6,1.2,15,38.01,-10.83,-1.15
1,20,0.6,0.6,1.2,19,38.01,-11.01,-1.17
1,20,0.6,0.6,1.5,3,38.59,-8.64,-0.81
1,20,0.6,0.6,1.5,7,38.2,-9.4,-0.96
1,20,0.6,0.6,1.5,11,38.59,-8.39,-0.85
1,20,0.6,0.6,1.5,15,38.01,-10.83,-1.15
1,20,0.6,0.6,1.5,19,38.01,-11.01,-1.17
1,20,0.6,0.6,1.8,3,38.59,-8.64,-0.81
1,20,0.6,0.6,1.8,7,38.2,-9.4,-0.96
1,20,0.6,0.6,1.8,11,38.59,-8.39,-0.85
1,20,0.6,0.6,1.8,15,38.01,-10.83,-1.15
1,20,0.6,0.6,1.8,19,38.01,-11.01,-1.17
1,20,0.6,0.6,2.1,3,38.59,-8.64,-0.81
1,20,0.6,0.6,2.1,7,38.2,-9.4,-0.96
1,20,0.6,0.6,2.1,11,38.59,-8.39,-0.85
1,20,0.6,0.6,2.1,15,38.01,-10.83,-1.15
1,20,0.6,0.6,2.1,19,38.01,-11.01,-1.17
1,20,0.6,0.9,0.0,3,34.62,-3.65,-0.23
1,20,0.6,0.9,0.0,7,34.91,-4.32,-0.32
1,20,0.6,0.9,0.0,11,35.2,-2.18,-0.12
1,20,0.6,0.9,0.0,15,34.62,-4.67,-0.37
1,20,0.6,0.9,0.0,19,34.33,-6.17,-0.52
1,20,0.6,0.9,0.3,3,33.66,-9.24,-0.81
1,20,0.6,0.9,0.3,7,34.04,-8.33,-0.78
1,20,0.6,0.9,0.3,11,33.95,-7.62,-0.72
1,20,0.6,0.9,0.3,15,33.37,-9.9,-0.97
1,20,0.6,0.9,0.3,19,33.08,-11.56,-1.15
1,20,0.6,0.9,0.6,3,33.66,-9.24,-0.81
1,20,0.6,0.9,0.6,7,34.04,-8.33,-0.78
1,20,0.6,0.9,0.6,11,33.95,-7.62,-0.72
1,20,0.6,0.9,0.6,15,33.37,-9.9,-0.97
1,20,0.6,0.9,0.6,19,33.08,-11.56,-1.15
1,20,0.6,0.9,0.9,3,33.66,-9.24,-0.81
1,20,0.6,0.9,0.9,7,34.04,-8.33,-0.78
1,20,0.6,0.9,0.9,11,33.95,-7.62,-0.72
1,20,0.6,0.9,0.9,15,33.37,-9.9,-0.97
1,20,0.6,0.9,0.9,19,33.08,-11.56,-1.15
1,20,0.6,0.9,1.2,3,33.66,-9.24,-0.81
1,20,0.6,0.9,1.2,7,34.04,-8.33,-0.78
1,20,0.6,0.9,1.2,11,33.95,-7.62,-0.72
1,20,0.6,0.9,1.2,15,33.37,-9.9,-0.97
1,20,0.6,0.9,1.2,19,33.08,-11.56,-1.15
1,20,0.6,0.9,1.5,3,33.66,-9.24,-0.81
1,20,0.6,0.9,1.5,7,34.04,-8.33,-0.78
1,20,0.6,0.9,1.5,11,33.95,-7.62,-0.72
1,20,0.6,0.9,1.5,15,33.37,-9.9,-0.97
1,20,0.6,0.9,1.5,19,33.08,-11.56,-1.15
1,20,0.6,0.9,1.8,3,33.66,-9.24,-0.81
1,20,0.6,0.9,1.8,7,34.04,-8.33,-0.78
1,20,0.6,0.9,1.8,11,33.95,-7.62,-0.72
1,20,0.6,0.9,1.8,15,33.37,-9.9,-0.97
1,20,0.6,0.9,1.8,19,33.08,-11.56,-1.15
1,20,0.6,0.9,2.1,3,33.66,-9.24,-0.81
1,20,0.6,0.9,2.1,7,34.04,-8.33,-0.78
1,20,0.6,0.9,2.1,11,33.95,-7.62,-0.72
1,20,0.6,0.9,2.1,15,33.37,-9.9,-0.97
1,20,0.6,0.9,2.1,19,33.08,-11.56,-1.15
1,20,0.6,1.2,0.0,3,31.53,-6.41,-0.46
1,20,0.6,1.2,0.0,7,30.95,-7.82,-0.63
1,20,0.6,1.2,0.0,11,31.04,-9.26,-0.79
1,20,0.6,1.2,0.0,15,31.04,-5.16,-0.39
1,20,0.6,1.2,0.0,19,31.24,-2.24,-0.11
1,20,0.6,1.2,0.3,3,31.53,-13.38,-1.19
1,20,0.6,1.2,0.3,7,31.82,-12.49,-1.19
1,20,0.6,1.2,0.3,11,31.82,-10.42,-0.98
1,20,0.6,1.2,0.3,15,31.72,-6.52,-0.57
1,20,0.6,1.2,0.3,19,31.91,-4.02,-0.31
1,20,0.6,1.2,0.6,3,31.53,-13.38,-1.19
1,20,0.6,1.2,0.6,7,31.82,-12.49,-1.19
1,20,0.6,1.2,0.6,11,31.82,-10.42,-0.98
1,20,0.6,1.2,0.6,15,31.72,-6.52,-0.57
1,20,0.6,1.2,0.6,19,31.91,-4.02,-0.31
1,20,0.6,1.2,0.9,3,31.53,-13.38,-1.19
1,20,0.6,1.2,0.9,7,31.82,-12.49,-1.19
1,20,0.6,1.2,0.9,11,31.82,-10.42,-0.98
1,20,0.6,1.2,0.9,15,31.72,-6.52,-0.57
1,20,0.6,1.2,0.9,19,31.91,-4.02,-0.31
1,20,0.6,1.2,1.2,3,31.53,-13.38,-1.19
1,20,0.6,1.2,1.2,7,31.82,-12.49,-1.19
1,20,0.6,1.2,1.2,11,31.82,-10.42,-0.98
1,20,0.6,1.2,1.2,15,31.72,-6.52,-0.57
1,20,0.6,1.2,1.2,19,31.91,-4.02,-0.31
1,20,0.6,1.2,1.5,3,31.53,-13.38,-1.19
1,20,0.6,1.2,1.5,7,31.82,-12.49,-1.19
1,20,0.6,1.2,1.5,11,31.82,-10.42,-0.98
1,20,0.6,1.2,1.5,15,31.72,-6.52,-0.57
1,20,0.6,1.2,1.5,19,31.91,-4.02,-0.31
1,20,0.6,1.2,1.8,3,31.53,-13.38,-1.19
1,20,0.6,1.2,1.8,7,31.82,-12.49,-1.19
1,20,0.6,1.2,1.8,11,31.82,-10.42,-0.98
1,20,0.6,1.2,1.8,15,31.72,-6.52,-0.57
1,20,0.6,1.2,1.8,19,31.91,-4.02,-0.31
1,20,0.6,1.2,2.1,3,31.53,-13.38,-1.19
1,20,0.6,1.2,2.1,7,31.82,-12.49,-1.19
1,20,0.6,1.2,2.1,11,31.82,-10.42,-0.98
1,20,0.6,1.2,2.1,15,31.72,-6.52,-0.57
1,20,0.6,1.2,2.1,19,31.91,-4.02,-0.31
1,20,0.6,1.5,0.0,3,29.21,-2.56,-0.1
1,20,0.6,1.5,0.0,7,28.63,-5.44,-0.37
1,20,0.6,1.5,0.0,11,28.82,-1.75,-0.05
1,20,0.6,1.5,0.0,15,28.43,-5.69,-0.41
1,20,0.6,1.5,0.0,19,28.82,-4.83,-0.33
1,20,0.6,1.5,0.3,3,30.85,-8.31,-0.65
1,20,0.6,1.5,0.3,7,31.04,-10.87,-0.97
1,20,0.6,1.5,0.3,11,31.04,-5.16,-0.4
1,20,0.6,1.5,0.3,15,30.95,-5.95,-0.48
1,20,0.6,1.5,0.3,19,31.14,-5.2,-0.41
1,20,0.6,1.5,0.6,3,30.85,-8.31,-0.65
1,20,0.6,1.5,0.6,7,31.04,-10.87,-0.97
1,20,0.6,1.5,0.6,11,31.04,-5.16,-0.4
1,20,0.6,1.5,0.6,15,30.95,-5.95,-0.48
1,20,0.6,1.5,0.6,19,31.14,-5.2,-0.41
1,20,0.6,1.5,0.9,3,30.85,-8.31,-0.65
1,20,0.6,1.5,0.9,7,31.04,-10.87,-0.97
1,20,0.6,1.5,0.9,11,31.04,-5.16,-0.4
1,20,0.6,1.5,0.9,15,30.95,-5.95,-0.48
1,20,0.6,1.5,0.9,19,31.14,-5.2,-0.41
1,20,0.6,1.5,1.2,3,30.85,-8.31,-0.65
1,20,0.6,1.5,1.2,7,31.04,-10.87,-0.97
1,20,0.6,1.5,1.2,11,31.04,-5.16,-0.4
1,20,0.6,1.5,1.2,15,30.95,-5.95,-0.48
1,20,0.6,1.5,1.2,19,31.14,-5.2,-0.41
1,20,0.6,1.5,1.5,3,30.85,-8.31,-0.65
1,20,0.6,1.5,1.5,7,31.04,-10.87,-0.97
1,20,0.6,1.5,1.5,11,31.04,-5.16,-0.4
1,20,0.6,1.5,1.5,15,30.95,-5.95,-0.48
1,20,0.6,1.5,1.5,19,31.14,-5.2,-0.41
1,20,0.6,1.5,1.8,3,30.85,-8.31,-0.65
1,20,0.6,1.5,1.8,7,31.04,-10.87,-0.97
1,20,0.6,1.5,1.8,11,31.04,-5.16,-0.4
1,20,0.6,1.5,1.8,15,30.95,-5.95,-0.48
1,20,0.6,1.5,1.8,19,31.14,-5.2,-0.41
1,20,0.6,1.5,2.1,3,30.85,-8.31,-0.65
1,20,0.6,1.5,2.1,7,31.04,-10.87,-0.97
1,20,0.6,1.5,2.1,11,31.04,-5.16,-0.4
1,20,0.6,1.5,2.1,15,30.95,-5.95,-0.48
1,20,0.6,1.5,2.1,19,31.14,-5.2,-0.41
1,20,0.6,1.8,0.0,3,27.18,-4.35,-0.23
1,20,0.6,1.8,0.0,7,26.98,-1.43,-0.0
1,20,0.6,1.8,0.0,11,26.79,-4.28,-0.25
1,20,0.6,1.8,0.0,15,26.69,-5.26,-0.33
1,20,0.6,1.8,0.0,19,26.89,-6.79,-0.47
1,20,0.6,1.8,0.3,3,30.37,-5.93,-0.41
1,20,0.6,1.8,0.3,7,30.66,-6.25,-0.48
1,20,0.6,1.8,0.3,11,30.56,-7.57,-0.62
1,20,0.6,1.8,0.3,15,30.46,-8.24,-0.69
1,20,0.6,1.8,0.3,19,30.56,-7.54,-0.63
1,20,0.6,1.8,0.6,3,30.37,-5.93,-0.41
1,20,0.6,1.8,0.6,7,30.66,-6.25,-0.48
1,20,0.6,1.8,0.6,11,30.56,-7.57,-0.62
1,20,0.6,1.8,0.6,15,30.46,-8.24,-0.69
1,20,0.6,1.8,0.6,19,30.56,-7.54,-0.63
1,20,0.6,1.8,0.9,3,30.37,-5.93,-0.41
1,20,0.6,1.8,0.9,7,30.66,-6.25,-0.48
1,20,0.6,1.8,0.9,11,30.56,-7.57,-0.62
1,20,0.6,1.8,0.9,15,30.46,-8.24,-0.69
1,20,0.6,1.8,0.9,19,30.56,-7.54,-0.63
1,20,0.6,1.8,1.2,3,30.37,-5.93,-0.41
1,20,0.6,1.8,1.2,7,30.66,-6.25,-0.48
1,20,0.6,1.8,1.2,11,30.56,-7.57,-0.62
1,20,0.6,1.8,1.2,15,30.46,-8.24,-0.69
1,20,0.6,1.8,1.2,19,30.56,-7.54,-0.63
1,20,0.6,1.8,1.5,3,30.37,-5.93,-0.41
1,20,0.6,1.8,1.5,7,30.66,-6.25,-0.48
1,20,0.6,1.8,1.5,11,30.56,-7.57,-0.62
1,20,0.6,1.8,1.5,15,30.46,-8.24,-0.69
1,20,0.6,1.8,1.5,19,30.56,-7.54,-0.63
1,20,0.6,1.8,1.8,3,30.37,-5.93,-0.41
1,20,0.6,1.8,1.8,7,30.66,-6.25,-0.48
1,20,0.6,1.8,1.8,11,30.56,-7.57,-0.62
1,20,0.6,1.8,1.8,15,30.46,-8.24,-0.69
1,20,0.6,1.8,1.8,19,30.56,-7.54,-0.63
1,20,0.6,1.8,2.1,3,30.37,-5.93,-0.41
1,20,0.6,1.8,2.1,7,30.66,-6.25,-0.48
1,20,0.6,1.8,2.1,11,30.56,-7.57,-0.62
1,20,0.6,1.8,2.1,15,30.46,-8.24,-0.69
1,20,0.6,1.8,2.1,19,30.56,-7.54,-0.63
1,20,0.6,2.1,0.0,3,26.31,-2.78,-0.09
1,20,0.6,2.1,0.0,7,25.94,-2.05,-0.04
1,20,0.6,2.1,0.0,11,25.65,-3.44,-0.16
1,20,0.6,2.1,0.0,15,25.17,-7.68,-0.52
1,20,0.6,2.1,0.0,19,25.07,-5.98,-0.38
1,20,0.6,2.1,0.3,3,30.37,-3.94,-0.22
1,20,0.6,2.1,0.3,7,30.59,-3.3,-0.19
1,20,0.6,2.1,0.3,11,30.49,-6.4,-0.49
1,20,0.6,2.1,0.3,15,30.3,-7.54,-0.61
1,20,0.6,2.1,0.3,19,30.4,-5.97,-0.46
1,20,0.6,2.1,0.6,3,30.37,-3.94,-0.22
1,20,0.6,2.1,0.6,7,30.59,-3.3,-0.19
1,20,0.6,2.1,0.6,11,30.49,-6.4,-0.49
1,20,0.6,2.1,0.6,15,30.3,-7.54,-0.61
1,20,0.6,2.1,0.6,19,30.4,-5.97,-0.46
1,20,0.6,2.1,0.9,3,30.37,-3.94,-0.22
1,20,0.6,2.1,0.9,7,30.59,-3.3,-0.19
1,20,0.6,2.1,0.9,11,30.49,-6.4,-0.49
1,20,0.6,2.1,0.9,15,30.3,-7.54,-0.61
1,20,0.6,2.1,0.9,19,30.4,-5.97,-0.46
1,20,0.6,2.1,1.2,3,30.37,-3.94,-0.22
1,20,0.6,2.1,1.2,7,30.59,-3.3,-0.19
1,20,0.6,2.1,1.2,11,30.49,-6.4,-0.49
1,20,0.6,2.1,1.2,15,30.3,-7.54,-0.61
1,20,0.6,2.1,1.2,19,30.4,-5.97,-0.46
1,20,0.6,2.1,1.5,3,30.37,-3.94,-0.22
1,20,0.6,2.1,1.5,7,30.59,-3.3,-0.19
1,20,0.6,2.1,1.5,11,30.49,-6.4,-0.49
1,20,0.6,2.1,1.5,15,30.3,-7.54,-0.61
1,20,0.6,2.1,1.5,19,30.4,-5.97,-0.46
1,20,0.6,2.1,1.8,3,30.37,-3.94,-0.22
1,20,0.6,2.1,1.8,7,30.59,-3.3,-0.19
1,20,0.6,2.1,1.8,11,30.49,-6.4,-0.49
1,20,0.6,2.1,1.8,15,30.3,-7.54,-0.61
1,20,0.6,2.1,1.8,19,30.4,-5.97,-0.46
1,20,0.6,2.1,2.1,3,30.37,-3.94,-0.22
1,20,0.6,2.1,2.1,7,30.59,-3.3,-0.19
1,20,0.6,2.1,2.1,11,30.49,-6.4,-0.49
1,20,0.6,2.1,2.1,15,30.3,-7.54,-0.61
1,20,0.6,2.1,2.1,19,30.4,-5.97,-0.46
1,20,0.9,0.0,0.0,3,59.77,-3.59,-0.37
1,20,0.9,0.0,0.0,7,59.38,-5.17,-0.58
1,20,0.9,0.0,0.0,11,58.8,-5.56,-0.64
1,20,0.9,0.0,0.0,15,58.8,-5.32,-0.61
1,20,0.9,0.0,0.0,19,58.8,-5.41,-0.62
1,20,0.9,0.0,0.3,3,59.77,-3.59,-0.37
1,20,0.9,0.0,0.3,7,59.38,-5.17,-0.58
1,20,0.9,0.0,0.3,11,58.8,-5.56,-0.64
1,20,0.9,0.0,0.3,15,58.8,-5.32,-0.61
1,20,0.9,0.0,0.3,19,58.8,-5.41,-0.62
1,20,0.9,0.0,0.6,3,59.77,-3.59,-0.37
1,20,0.9,0.0,0.6,7,59.38,-5.17,-0.58
1,20,0.9,0.0,0.6,11,58.8,-5.56,-0.64
1,20,0.9,0.0,0.6,15,58.8,-5.32,-0.61
1,20,0.9,0.0,0.6,19,58.8,-5.41,-0.62
1,20,0.9,0.0,0.9,3,59.77,-3.59,-0.37
1,20,0.9,0.0,0.9,7,59.38,-5.17,-0.58
1,20,0.9,0.0,0.9,11,58.8,-5.56,-0.64
1,20,0.9,0.0,0.9,15,58.8,-5.32,-0.61
1,20,0.9,0.0,0.9,19,58.8,-5.41,-0.62
1,20,0.9,0.0,1.2,3,59.77,-3.59,-0.37
1,20,0.9,0.0,1.2,7,59.38,-5.17,-0.58
1,20,0.9,0.0,1.2,11,58.8,-5.56,-0.64
1,20,0.9,0.0,1.2,15,58.8,-5.32,-0.61
1,20,0.9,0.0,1.2,19,58.8,-5.41,-0.62
1,20,0.9,0.0,1.5,3,59.77,-3.59,-0.37
1,20,0.9,0.0,1.5,7,59.38,-5.17,-0.58
1,20,0.9,0.0,1.5,11,58.8,-5.56,-0.64
1,20,0.9,0.0,1.5,15,58.8,-5.32,-0.61
1,20,0.9,0.0,1.5,19,58.8,-5.41,-0.62
1,20,0.9,0.0,1.8,3,59.77,-3.59,-0.37
1,20,0.9,0.0,1.8,7,59.38,-5.17,-0.58
1,20,0.9,0.0,1.8,11,58.8,-5.56,-0.64
1,20,0.9,0.0,1.8,15,58.8,-5.32,-0.61
1,20,0.9,0.0,1.8,19,58.8,-5.41,-0.62
1,20,0.9,0.0,2.1,3,59.77,-3.59,-0.37
1,20,0.9,0.0,2.1,7,59.38,-5.17,-0.58
1,20,0.9,0.0,2.1,11,58.8,-5.56,-0.64
1,20,0.9,0.0,2.1,15,58.8,-5.32,-0.61
1,20,0.9,0.0,2.1,19,58.8,-5.41,-0.62
1,20,0.9,0.3,0.0,3,48.36,-8.84,-0.9
1,20,0.9,0.3,0.0,7,47.87,-12.94,-1.43
1,20,0.9,0.3,0.0,11,47.87,-13.9,-1.58
1,20,0.9,0.3,0.0,15,48.16,-12.1,-1.35
1,20,0.9,0.3,0.0,19,48.55,-10.34,-1.13
1,20,0.9,0.3,0.3,3,48.36,-8.56,-0.87
1,20,0.9,0.3,0.3,7,47.78,-12.22,-1.34
1,20,0.9,0.3,0.3,11,47.78,-13.48,-1.53
1,20,0.9,0.3,0.3,15,48.07,-11.62,-1.29
1,20,0.9,0.3,0.3,19,48.55,-9.75,-1.06
1,20,0.9,0.3,0.6,3,48.36,-8.56,-0.87
1,20,0.9,0.3,0.6,7,47.78,-12.22,-1.34
1,20,0.9,0.3,0.6,11,47.78,-13.48,-1.53
1,20,0.9,0.3,0.6,15,48.07,-11.62,-1.29
1,20,0.9,0.3,0.6,19,48.55,-9.75,-1.06
1,20,0.9,0.3,0.9,3,48.36,-8.56,-0.87
1,20,0.9,0.3,0.9,7,47.78,-12.22,-1.34
1,20,0.9,0.3,0.9,11,47.78,-13.48,-1.53
1,20,0.9,0.3,0.9,15,48.07,-11.62,-1.29
1,20,0.9,0.3,0.9,19,48.55,-9.75,-1.06
1,20,0.9,0.3,1.2,3,48.36,-8.56,-0.87
1,20,0.9,0.3,1.2,7,47.78,-12.22,-1.34
1,20,0.9,0.3,1.2,11,47.78,-13.48,-1.53
1,20,0.9,0.3,1.2,15,48.07,-11.62,-1.29
1,20,0.9,0.3,1.2,19,48.55,-9.75,-1.06
1,20,0.9,0.3,1.5,3,48.36,-8.56,-0.87
1,20,0.9,0.3,1.5,7,47.78,-12.22,-1.34
1,20,0.9,0.3,1.5,11,47.78,-13.48,-1.53
1,20,0.9,0.3,1.5,15,48.07,-11.62,-1.29
1,20,0.9,0.3,1.5,19,48.55,-9.75,-1.06
1,20,0.9,0.3,1.8,3,48.36,-8.56,-0.87
1,20,0.9,0.3,1.8,7,47.78,-12.22,-1.34
1,20,0.9,0.3,1.8,11,47.78,-13.48,-1.53
1,20,0.9,0.3,1.8,15,48.07,-11.62,-1.29
1,20,0.9,0.3,1.8,19,48.55,-9.75,-1.06
1,20,0.9,0.3,2.1,3,48.36,-8.56,-0.87
1,20,0.9,0.3,2.1,7,47.78,-12.22,-1.34
1,20,0.9,0.3,2.1,11,47.78,-13.48,-1.53
1,20,0.9,0.3,2.1,15,48.07,-11.62,-1.29
1,20,0.9,0.3,2.1,19,48.55,-9.75,-1.06
1,20,0.9,0.6,0.0,3,40.81,-3.67,-0.27
1,20,0.9,0.6,0.0,7,40.81,-5.75,-0.5
1,20,0.9,0.6,0.0,11,40.81,-4.83,-0.41
1,20,0.9,0.6,0.0,15,40.81,-4.52,-0.38
1,20,0.9,0.6,0.0,19,40.81,-5.25,-0.46
1,20,0.9,0.6,0.3,3,40.43,-3.84,-0.28
1,20,0.9,0.6,0.3,7,40.52,-5.02,-0.43
1,20,0.9,0.6,0.3,11,40.52,-4.54,-0.38
1,20,0.9,0.6,0.3,15,40.43,-4.25,-0.35
1,20,0.9,0.6,0.3,19,40.62,-4.51,-0.38
1,20,0.9,0.6,0.6,3,40.43,-3.84,-0.28
1,20,0.9,0.6,0.6,7,40.52,-5.02,-0.43
1,20,0.9,0.6,0.6,11,40.52,-4.54,-0.38
1,20,0.9,0.6,0.6,15,40.43,-4.25,-0.35
1,20,0.9,0.6,0.6,19,40.62,-4.51,-0.38
1,20,0.9,0.6,0.9,3,40.43,-3.84,-0.28
1,20,0.9,0.6,0.9,7,40.52,-5.02,-0.43
1,20,0.9,0.6,0.9,11,40.52,-4.54,-0.38
1,20,0.9,0.6,0.9,15,40.43,-4.25,-0.35
1,20,0.9,0.6,0.9,19,40.62,-4.51,-0.38
1,20,0.9,0.6,1.2,3,40.43,-3.84,-0.28
1,20,0.9,0.6,1.2,7,40.52,-5.02,-0.43
1,20,0.9,0.6,1.2,11,40.52,-4.54,-0.38
1,20,0.9,0.6,1.2,15,40.43,-4.25,-0.35
1,20,0.9,0.6,1.2,19,40.62,-4.51,-0.38
1,20,0.9,0.6,1.5,3,40.43,-3.84,-0.28
1,20,0.9,0.6,1.5,7,40.52,-5.02,-0.43
1,20,0.9,0.6,1.5,11,40.52,-4.54,-0.38
1,20,0.9,0.6,1.5,15,40.43,-4.25,-0.35
1,20,0.9,0.6,1.5,19,40.62,-4.51,-0.38
1,20,0.9,0.6,1.8,3,40.43,-3.84,-0.28
1,20,0.9,0.6,1.8,7,40.52,-5.02,-0.43
1,20,0.9,0.6,1.8,11,40.52,-4.54,-0.38
1,20,0.9,0.6,1.8,15,40.43,-4.25,-0.35
1,20,0.9,0.6,1.8,19,40.62,-4.51,-0.38
1,20,0.9,0.6,2.1,3,40.43,-3.84,-0.28
1,20,0.9,0.6,2.1,7,40.52,-5.02,-0.43
1,20,0.9,0.6,2.1,11,40.52,-4.54,-0.38
1,20,0.9,0.6,2.1,15,40.43,-4.25,-0.35
1,20,0.9,0.6,2.1,19,40.62,-4.51,-0.38
1,20,0.9,0.9,0.0,3,35.59,-0.84,0.03
1,20,0.9,0.9,0.0,7,36.46,-2.32,-0.11
1,20,0.9,0.9,0.0,11,36.65,0.85,0.18
1,20,0.9,0.9,0.0,15,36.27,0.16,0.12
1,20,0.9,0.9,0.0,19,35.78,-2.41,-0.13
1,20,0.9,0.9,0.3,3,34.72,-3.91,-0.25
1,20,0.9,0.9,0.3,7,35.3,-4.91,-0.37
1,20,0.9,0.9,0.3,11,35.59,-1.86,-0.08
1,20,0.9,0.9,0.3,15,35.3,-1.18,-0.01
1,20,0.9,0.9,0.3,19,34.82,-4.2,-0.31
1,20,0.9,0.9,0.6,3,34.72,-3.91,-0.25
1,20,0.9,0.9,0.6,7,35.3,-4.91,-0.37
1,20,0.9,0.9,0.6,11,35.59,-1.86,-0.08
1,20,0.9,0.9,0.6,15,35.3,-1.18,-0.01
1,20,0.9,0.9,0.6,19,34.82,-4.2,-0.31
1,20,0.9,0.9,0.9,3,34.72,-3.91,-0.25
1,20,0.9,0.9,0.9,7,35.3,-4.91,-0.37
1,20,0.9,0.9,0.9,11,35.59,-1.86,-0.08
1,20,0.9,0.9,0.9,15,35.3,-1.18,-0.01
1,20,0.9,0.9,0.9,19,34.82,-4.2,-0.31
1,20,0.9,0.9,1.2,3,34.72,-3.91,-0.25
1,20,0.9,0.9,1.2,7,35.3,-4.91,-0.37
1,20,0.9,0.9,1.2,11,35.59,-1.86,-0.08
1,20,0.9,0.9,1.2,15,35.3,-1.18,-0.01
1,20,0.9,0.9,1.2,19,34.82,-4.2,-0.31
1,20,0.9,0.9,1.5,3,34.72,-3.91,-0.25
1,20,0.9,0.9,1.5,7,35.3,-4.91,-0.37
1,20,0.9,0.9,1.5,11,35.59,-1.86,-0.08
1,20,0.9,0.9,1.5,15,35.3,-1.18,-0.01
1,20,0.9,0.9,1.5,19,34.82,-4.2,-0.31
1,20,0.9,0.9,1.8,3,34.72,-3.91,-0.25
1,20,0.9,0.9,1.8,7,35.3,-4.91,-0.37
1,20,0.9,0.9,1.8,11,35.59,-1.86,-0.08
1,20,0.9,0.9,1.8,15,35.3,-1.18,-0.01
1,20,0.9,0.9,1.8,19,34.82,-4.2,-0.31
1,20,0.9,0.9,2.1,3,34.72,-3.91,-0.25
1,20,0.9,0.9,2.1,7,35.3,-4.91,-0.37
1,20,0.9,0.9,2.1,11,35.59,-1.86,-0.08
1,20,0.9,0.9,2.1,15,35.3,-1.18,-0.01
1,20,0.9,0.9,2.1,19,34.82,-4.2,-0.31
1,20,0.9,1.2,0.0,3,32.5,-3.92,-0.22
1,20,0.9,1.2,0.0,7,32.4,-5.42,-0.38
1,20,0.9,1.2,0.0,11,32.5,-6.5,-0.49
1,20,0.9,1.2,0.0,15,32.59,-0.75,0.04
1,20,0.9,1.2,0.0,19,32.69,2.13,0.29
1,20,0.9,1.2,0.3,3,31.72,-7.09,-0.52
1,20,0.9,1.2,0.3,7,31.62,-8.7,-0.7
1,20,0.9,1.2,0.3,11,32.01,-6.36,-0.49
1,20,0.9,1.2,0.3,15,32.01,1.76,0.26
1,20,0.9,1.2,0.3,19,32.11,2.92,0.37
1,20,0.9,1.2,0.6,3,31.72,-7.09,-0.52
1,20,0.9,1.2,0.6,7,31.62,-8.7,-0.7
1,20,0.9,1.2,0.6,11,32.01,-6.36,-0.49
1,20,0.9,1.2,0.6,15,32.01,1.76,0.26
1,20,0.9,1.2,0.6,19,32.11,2.92,0.37
1,20,0.9,1.2,0.9,3,31.72,-7.09,-0.52
1,20,0.9,1.2,0.9,7,31.62,-8.7,-0.7
1,20,0.9,1.2,0.9,11,32.01,-6.36,-0.49
1,20,0.9,1.2,0.9,15,32.01,1.76,0.26
1,20,0.9,1.2,0.9,19,32.11,2.92,0.37
1,20,0.9,1.2,1.2,3,31.72,-7.09,-0.52
1,20,0.9,1.2,1.2,7,31.62,-8.7,-0.7
1,20,0.9,1.2,1.2,11,32.01,-6.36,-0.49
1,20,0.9,1.2,1.2,15,32.01,1.76,0.26
1,20,0.9,1.2,1.2,19,32.11,2.92,0.37
1,20,0.9,1.2,1.5,3,31.72,-7.09,-0.52
1,20,0.9,1.2,1.5,7,31.62,-8.7,-0.7
1,20,0.9,1.2,1.5,11,32.01,-6.36,-0.49
1,20,0.9,1.2,1.5,15,32.01,1.76,0.26
1,20,0.9,1.2,1.5,19,32.11,2.92,0.37
1,20,0.9,1.2,1.8,3,31.72,-7.09,-0.52
1,20,0.9,1.2,1.8,7,31.62,-8.7,-0.7
1,20,0.9,1.2,1.8,11,32.01,-6.36,-0.49
1,20,0.9,1.2,1.8,15,32.01,1.76,0.26
1,20,0.9,1.2,1.8,19,32.11,2.92,0.37
1,20,0.9,1.2,2.1,3,31.72,-7.09,-0.52
1,20,0.9,1.2,2.1,7,31.62,-8.7,-0.7
1,20,0.9,1.2,2.1,11,32.01,-6.36,-0.49
1,20,0.9,1.2,2.1,15,32.01,1.76,0.26
1,20,0.9,1.2,2.1,19,32.11,2.92,0.37
1,20,0.9,1.5,0.0,3,30.08,-1.63,-0.01
1,20,0.9,1.5,0.0,7,29.88,-5.49,-0.35
1,20,0.9,1.5,0.0,11,30.17,0.31,0.14
1,20,0.9,1.5,0.0,15,29.88,-2.41,-0.1
1,20,0.9,1.5,0.0,19,30.17,-1.79,-0.04
1,20,0.9,1.5,0.3,3,30.75,-0.82,0.05
1,20,0.9,1.5,0.3,7,30.27,-8.01,-0.61
1,20,0.9,1.5,0.3,11,30.56,-0.03,0.11
1,20,0.9,1.5,0.3,15,30.66,2.3,0.31
1,20,0.9,1.5,0.3,19,30.75,0.91,0.19
1,20,0.9,1.5,0.6,3,30.75,-0.82,0.05
1,20,0.9,1.5,0.6,7,30.27,-8.01,-0.61
1,20,0.9,1.5,0.6,11,30.56,-0.03,0.11
1,20,0.9,1.5,0.6,15,30.66,2.3,0.31
1,20,0.9,1.5,0.6,19,30.75,0.91,0.19
1,20,0.9,1.5,0.9,3,30.75,-0.82,0.05
1,20,0.9,1.5,0.9,7,30.27,-8.01,-0.61
1,20,0.9,1.5,0.9,11,30.56,-0.03,0.11
1,20,0.9,1.5,0.9,15,30.66,2.3,0.31
1,20,0.9,1.5,0.9,19,30.75,0.91,0.19
1,20,0.9,1.5,1.2,3,30.75,-0.82,0.05
1,20,0.9,1.5,1.2,7,30.27,-8.01,-0.61
1,20,0.9,1.5,1.2,11,30.56,-0.03,0.11
1,20,0.9,1.5,1.2,15,30.66,2.3,0.31
1,20,0.9,1.5,1.2,19,30.75,0.91,0.19
1,20,0.9,1.5,1.5,3,30.75,-0.82,0.05
1,20,0.9,1.5,1.5,7,30.27,-8.01,-0.61
1,20,0.9,1.5,1.5,11,30.56,-0.03,0.11
1,20,0.9,1.5,1.5,15,30.66,2.3,0.31
1,20,0.9,1.5,1.5,19,30.75,0.91,0.19
1,20,0.9,1.5,1.8,3,30.75,-0.82,0.05
1,20,0.9,1.5,1.8,7,30.27,-8.01,-0.61
1,20,0.9,1.5,1.8,11,30.56,-0.03,0.11
1,20,0.9,1.5,1.8,15,30.66,2.3,0.31
1,20,0.9,1.5,1.8,19,30.75,0.91,0.19
1,20,0.9,1.5,2.1,3,30.75,-0.82,0.05
1,20,0.9,1.5,2.1,7,30.27,-8.01,-0.61
1,20,0.9,1.5,2.1,11,30.56,-0.03,0.11
1,20,0.9,1.5,2.1,15,30.66,2.3,0.31
1,20,0.9,1.5,2.1,19,30.75,0.91,0.19
1,20,0.9,1.8,0.0,3,28.05,-3.32,-0.13
1,20,0.9,1.8,0.0,7,28.24,-1.05,0.04
1,20,0.9,1.8,0.0,11,28.05,-3.62,-0.18
1,20,0.9,1.8,0.0,15,28.05,-2.82,-0.11
1,20,0.9,1.8,0.0,19,28.14,-3.94,-0.21
1,20,0.9,1.8,0.3,3,29.88,2.41,0.31
1,20,0.9,1.8,0.3,7,29.69,-2.11,-0.06
1,20,0.9,1.8,0.3,11,29.98,-0.8,0.04
1,20,0.9,1.8,0.3,15,29.98,0.98,0.19
1,20,0.9,1.8,0.3,19,29.98,-0.08,0.1
1,20,0.9,1.8,0.6,3,29.88,2.41,0.31
1,20,0.9,1.8,0.6,7,29.69,-2.11,-0.06
1,20,0.9,1.8,0.6,11,29.98,-0.8,0.04
1,20,0.9,1.8,0.6,15,29.98,0.98,0.19
1,20,0.9,1.8,0.6,19,29.98,-0.08,0.1
1,20,0.9,1.8,0.9,3,29.88,2.41,0.31
1,20,0.9,1.8,0.9,7,29.69,-2.11,-0.06
1,20,0.9,1.8,0.9,11,29.98,-0.8,0.04
1,20,0.9,1.8,0.9,15,29.98,0.98,0.19
1,20,0.9,1.8,0.9,19,29.98,-0.08,0.1
1,20,0.9,1.8,1.2,3,29.88,2.41,0.31
1,20,0.9,1.8,1.2,7,29.69,-2.11,-0.06
1,20,0.9,1.8,1.2,11,29.98,-0.8,0.04
1,20,0.9,1.8,1.2,15,29.98,0.98,0.19
1,20,0.9,1.8,1.2,19,29.98,-0.08,0.1
1,20,0.9,1.8,1.5,3,29.88,2.41,0.31
1,20,0.9,1.8,1.5,7,29.69,-2.11,-0.06
1,20,0.9,1.8,1.5,11,29.98,-0.8,0.04
1,20,0.9,1.8,1.5,15,29.98,0.98,0.19
1,20,0.9,1.8,1.5,19,29.98,-0.08,0.1
1,20,0.9,1.8,1.8,3,29.88,2.41,0.31
1,20,0.9,1.8,1.8,7,29.69,-2.11,-0.06
1,20,0.9,1.8,1.8,11,29.98,-0.8,0.04
1,20,0.9,1.8,1.8,15,29.98,0.98,0.19
1,20,0.9,1.8,1.8,19,29.98,-0.08,0.1
1,20,0.9,1.8,2.1,3,29.88,2.41,0.31
1,20,0.9,1.8,2.1,7,29.69,-2.11,-0.06
1,20,0.9,1.8,2.1,11,29.98,-0.8,0.04
1,20,0.9,1.8,2.1,15,29.98,0.98,0.19
1,20,0.9,1.8,2.1,19,29.98,-0.08,0.1
1,20,0.9,2.1,0.0,3,27.18,-1.93,-0.02
1,20,0.9,2.1,0.0,7,27.2,-2.26,-0.05
1,20,0.9,2.1,0.0,11,26.91,-3.11,-0.12
1,20,0.9,2.1,0.0,15,26.52,-4.5,-0.24
1,20,0.9,2.1,0.0,19,26.33,-2.8,-0.1
1,20,0.9,2.1,0.3,3,29.69,2.69,0.33
1,20,0.9,2.1,0.3,7,29.43,0.16,0.13
1,20,0.9,2.1,0.3,11,29.62,-1.03,0.03
1,20,0.9,2.1,0.3,15,29.62,0.2,0.13
1,20,0.9,2.1,0.3,19,29.43,0.96,0.19
1,20,0.9,2.1,0.6,3,29.69,2.69,0.33
1,20,0.9,2.1,0.6,7,29.43,0.16,0.13
1,20,0.9,2.1,0.6,11,29.62,-1.03,0.03
1,20,0.9,2.1,0.6,15,29.62,0.2,0.13
1,20,0.9,2.1,0.6,19,29.43,0.96,0.19
1,20,0.9,2.1,0.9,3,29.69,2.69,0.33
1,20,0.9,2.1,0.9,7,29.43,0.16,0.13
1,20,0.9,2.1,0.9,11,29.62,-1.03,0.03
1,20,0.9,2.1,0.9,15,29.62,0.2,0.13
1,20,0.9,2.1,0.9,19,29.43,0.96,0.19
1,20,0.9,2.1,1.2,3,29.69,2.69,0.33
1,20,0.9,2.1,1.2,7,29.43,0.16,0.13
1,20,0.9,2.1,1.2,11,29.62,-1.03,0.03
1,20,0.9,2.1,1.2,15,29.62,0.2,0.13
1,20,0.9,2.1,1.2,19,29.43,0.96,0.19
1,20,0.9,2.1,1.5,3,29.69,2.69,0.33
1,20,0.9,2.1,1.5,7,29.43,0.16,0.13
1,20,0.9,2.1,1.5,11,29.62,-1.03,0.03
1,20,0.9,2.1,1.5,15,29.62,0.2,0.13
1,20,0.9,2.1,1.5,19,29.43,0.96,0.19
1,20,0.9,2.1,1.8,3,29.69,2.69,0.33
1,20,0.9,2.1,1.8,7,29.43,0.16,0.13
1,20,0.9,2.1,1.8,11,29.62,-1.03,0.03
1,20,0.9,2.1,1.8,15,29.62,0.2,0.13
1,20,0.9,2.1,1.8,19,29.43,0.96,0.19
1,20,0.9,2.1,2.1,3,29.69,2.69,0.33
1,20,0.9,2.1,2.1,7,29.43,0.16,0.13
1,20,0.9,2.1,2.1,11,29.62,-1.03,0.03
1,20,0.9,2.1,2.1,15,29.62,0.2,0.13
1,20,0.9,2.1,2.1,19,29.43,0.96,0.19
1,20,1.2,0.0,0.0,3,60.06,-2.13,-0.18
1,20,1.2,0.0,0.0,7,59.77,-4.34,-0.47
1,20,1.2,0.0,0.0,11,59.77,-4.45,-0.48
1,20,1.2,0.0,0.0,15,59.67,-4.72,-0.52
1,20,1.2,0.0,0.0,19,59.67,-4.22,-0.46
1,20,1.2,0.0,0.3,3,60.06,-2.13,-0.18
1,20,1.2,0.0,0.3,7,59.77,-4.34,-0.47
1,20,1.2,0.0,0.3,11,59.77,-4.45,-0.48
1,20,1.2,0.0,0.3,15,59.67,-4.72,-0.52
1,20,1.2,0.0,0.3,19,59.67,-4.22,-0.46
1,20,1.2,0.0,0.6,3,60.06,-2.13,-0.18
1,20,1.2,0.0,0.6,7,59.77,-4.34,-0.47
1,20,1.2,0.0,0.6,11,59.77,-4.45,-0.48
1,20,1.2,0.0,0.6,15,59.67,-4.72,-0.52
1,20,1.2,0.0,0.6,19,59.67,-4.22,-0.46
1,20,1.2,0.0,0.9,3,60.06,-2.13,-0.18
1,20,1.2,0.0,0.9,7,59.77,-4.34,-0.47
1,20,1.2,0.0,0.9,11,59.77,-4.45,-0.48
1,20,1.2,0.0,0.9,15,59.67,-4.72,-0.52
1,20,1.2,0.0,0.9,19,59.67,-4.22,-0.46
1,20,1.2,0.0,1.2,3,60.06,-2.13,-0.18
1,20,1.2,0.0,1.2,7,59.77,-4.34,-0.47
1,20,1.2,0.0,1.2,11,59.77,-4.45,-0.48
1,20,1.2,0.0,1.2,15,59.67,-4.72,-0.52
1,20,1.2,0.0,1.2,19,59.67,-4.22,-0.46
1,20,1.2,0.0,1.5,3,60.06,-2.13,-0.18
1,20,1.2,0.0,1.5,7,59.77,-4.34,-0.47
1,20,1.2,0.0,1.5,11,59.77,-4.45,-0.48
1,20,1.2,0.0,1.5,15,59.67,-4.72,-0.52
1,20,1.2,0.0,1.5,19,59.67,-4.22,-0.46
1,20,1.2,0.0,1.8,3,60.06,-2.13,-0.18
1,20,1.2,0.0,1.8,7,59.77,-4.34,-0.47
1,20,1.2,0.0,1.8,11,59.77,-4.45,-0.48
1,20,1.2,0.0,1.8,15,59.67,-4.72,-0.52
1,20,1.2,0.0,1.8,19,59.67,-4.22,-0.46
1,20,1.2,0.0,2.1,3,60.06,-2.13,-0.18
1,20,1.2,0.0,2.1,7,59.77,-4.34,-0.47
1,20,1.2,0.0,2.1,11,59.77,-4.45,-0.48
1,20,1.2,0.0,2.1,15,59.67,-4.72,-0.52
1,20,1.2,0.0,2.1,19,59.67,-4.22,-0.46
1,20,1.2,0.3,0.0,3,48.65,-7.51,-0.73
1,20,1.2,0.3,0.0,7,48.26,-12.67,-1.38
1,20,1.2,0.3,0.0,11,48.84,-12.79,-1.41
1,20,1.2,0.3,0.0,15,49.03,-11.33,-1.24
1,20,1.2,0.3,0.0,19,49.42,-8.97,-0.95
1,20,1.2,0.3,0.3,3,48.65,-7.51,-0.73
1,20,1.2,0.3,0.3,7,48.26,-12.67,-1.38
1,20,1.2,0.3,0.3,11,48.84,-12.46,-1.37
1,20,1.2,0.3,0.3,15,49.03,-11.19,-1.22
1,20,1.2,0.3,0.3,19,49.42,-8.91,-0.94
1,20,1.2,0.3,0.6,3,48.65,-7.51,-0.73
1,20,1.2,0.3,0.6,7,48.26,-12.67,-1.38
1,20,1.2,0.3,0.6,11,48.84,-12.46,-1.37
1,20,1.2,0.3,0.6,15,49.03,-11.19,-1.22
1,20,1.2,0.3,0.6,19,49.42,-8.91,-0.94
1,20,1.2,0.3,0.9,3,48.65,-7.51,-0.73
1,20,1.2,0.3,0.9,7,48.26,-12.67,-1.38
1,20,1.2,0.3,0.9,11,48.84,-12.46,-1.37
1,20,1.2,0.3,0.9,15,49.03,-11.19,-1.22
1,20,1.2,0.3,0.9,19,49.42,-8.91,-0.94
1,20,1.2,0.3,1.2,3,48.65,-7.51,-0.73
1,20,1.2,0.3,1.2,7,48.26,-12.67,-1.38
1,20,1.2,0.3,1.2,11,48.84,-12.46,-1.37
1,20,1.2,0.3,1.2,15,49.03,-11.19,-1.22
1,20,1.2,0.3,1.2,19,49.42,-8.91,-0.94
1,20,1.2,0.3,1.5,3,48.65,-7.51,-0.73
1,20,1.2,0.3,1.5,7,48.26,-12.67,-1.38
1,20,1.2,0.3,1.5,11,48.84,-12.46,-1.37
1,20,1.2,0.3,1.5,15,49.03,-11.19,-1.22
1,20,1.2,0.3,1.5,19,49.42,-8.91,-0.94
1,20,1.2,0.3,1.8,3,48.65,-7.51,-0.73
1,20,1.2,0.3,1.8,7,48.26,-12.67,-1.38
1,20,1.2,0.3,1.8,11,48.84,-12.46,-1.37
1,20,1.2,0.3,1.8,15,49.03,-11.19,-1.22
1,20,1.2,0.3,1.8,19,49.42,-8.91,-0.94
1,20,1.2,0.3,2.1,3,48.65,-7.51,-0.73
1,20,1.2,0.3,2.1,7,48.26,-12.67,-1.38
1,20,1.2,0.3,2.1,11,48.84,-12.46,-1.37
1,20,1.2,0.3,2.1,15,49.03,-11.19,-1.22
1,20,1.2,0.3,2.1,19,49.42,-8.91,-0.94
1,20,1.2,0.6,0.0,3,41.1,-1.96,-0.09
1,20,1.2,0.6,0.0,7,41.1,-5.77,-0.5
1,20,1.2,0.6,0.0,11,41.49,-5.06,-0.43
1,20,1.2,0.6,0.0,15,41.49,-4.66,-0.39
1,20,1.2,0.6,0.0,19,41.49,-4.9,-0.41
1,20,1.2,0.6,0.3,3,41.1,-1.87,-0.08
1,20,1.2,0.6,0.3,7,41.01,-5.99,-0.52
1,20,1.2,0.6,0.3,11,41.39,-4.92,-0.41
1,20,1.2,0.6,0.3,15,41.39,-4.73,-0.4
1,20,1.2,0.6,0.3,19,41.39,-4.94,-0.42
1,20,1.2,0.6,0.6,3,41.1,-1.87,-0.08
1,20,1.2,0.6,0.6,7,41.01,-5.99,-0.52
1,20,1.2,0.6,0.6,11,41.39,-4.92,-0.41
1,20,1.2,0.6,0.6,15,41.39,-4.73,-0.4
1,20,1.2,0.6,0.6,19,41.39,-4.94,-0.42
1,20,1.2,0.6,0.9,3,41.1,-1.87,-0.08
1,20,1.2,0.6,0.9,7,41.01,-5.99,-0.52
1,20,1.2,0.6,0.9,11,41.39,-4.92,-0.41
1,20,1.2,0.6,0.9,15,41.39,-4.73,-0.4
1,20,1.2,0.6,0.9,19,41.39,-4.94,-0.42
1,20,1.2,0.6,1.2,3,41.1,-1.87,-0.08
1,20,1.2,0.6,1.2,7,41.01,-5.99,-0.52
1,20,1.2,0.6,1.2,11,41.39,-4.92,-0.41
1,20,1.2,0.6,1.2,15,41.39,-4.73,-0.4
1,20,1.2,0.6,1.2,19,41.39,-4.94,-0.42
1,20,1.2,0.6,1.5,3,41.1,-1.87,-0.08
1,20,1.2,0.6,1.5,7,41.01,-5.99,-0.52
1,20,1.2,0.6,1.5,11,41.39,-4.92,-0.41
1,20,1.2,0.6,1.5,15,41.39,-4.73,-0.4
1,20,1.2,0.6,1.5,19,41.39,-4.94,-0.42
1,20,1.2,0.6,1.8,3,41.1,-1.87,-0.08
1,20,1.2,0.6,1.8,7,41.01,-5.99,-0.52
1,20,1.2,0.6,1.8,11,41.39,-4.92,-0.41
1,20,1.2,0.6,1.8,15,41.39,-4.73,-0.4
1,20,1.2,0.6,1.8,19,41.39,-4.94,-0.42
1,20,1.2,0.6,2.1,3,41.1,-1.87,-0.08
1,20,1.2,0.6,2.1,7,41.01,-5.99,-0.52
1,20,1.2,0.6,2.1,11,41.39,-4.92,-0.41
1,20,1.2,0.6,2.1,15,41.39,-4.73,-0.4
1,20,1.2,0.6,2.1,19,41.39,-4.94,-0.42
1,20,1.2,0.9,0.0,3,35.88,1.1,0.2
1,20,1.2,0.9,0.0,7,36.75,-2.18,-0.1
1,20,1.2,0.9,0.0,11,37.23,0.46,0.15
1,20,1.2,0.9,0.0,15,36.94,0.56,0.15
1,20,1.2,0.9,0.0,19,36.46,-1.5,-0.04
1,20,1.2,0.9,0.3,3,35.88,1.86,0.27
1,20,1.2,0.9,0.3,7,36.65,-1.19,-0.01
1,20,1.2,0.9,0.3,11,37.14,1.38,0.23
1,20,1.2,0.9,0.3,15,36.85,1.31,0.22
1,20,1.2,0.9,0.3,19,36.27,-1.87,-0.07
1,20,1.2,0.9,0.6,3,35.88,1.86,0.27
1,20,1.2,0.9,0.6,7,36.65,-1.19,-0.01
1,20,1.2,0.9,0.6,11,37.14,1.38,0.23
1,20,1.2,0.9,0.6,15,36.85,1.31,0.22
1,20,1.2,0.9,0.6,19,36.27,-1.87,-0.07
1,20,1.2,0.9,0.9,3,35.88,1.86,0.27
1,20,1.2,0.9,0.9,7,36.65,-1.19,-0.01
1,20,1.2,0.9,0.9,11,37.14,1.38,0.23
1,20,1.2,0.9,0.9,15,36.85,1.31,0.22
1,20,1.2,0.9,0.9,19,36.27,-1.87,-0.07
1,20,1.2,0.9,1.2,3,35.88,1.86,0.27
1,20,1.2,0.9,1.2,7,36.65,-1.19,-0.01
1,20,1.2,0.9,1.2,11,37.14,1.38,0.23
1,20,1.2,0.9,1.2,15,36.85,1.31,0.22
1,20,1.2,0.9,1.2,19,36.27,-1.87,-0.07
1,20,1.2,0.9,1.5,3,35.88,1.86,0.27
1,20,1.2,0.9,1.5,7,36.65,-1.19,-0.01
1,20,1.2,0.9,1.5,11,37.14,1.38,0.23
1,20,1.2,0.9,1.5,15,36.85,1.31,0.22
1,20,1.2,0.9,1.5,19,36.27,-1.87,-0.07
1,20,1.2,0.9,1.8,3,35.88,1.86,0.27
1,20,1.2,0.9,1.8,7,36.65,-1.19,-0.01
1,20,1.2,0.9,1.8,11,37.14,1.38,0.23
1,20,1.2,0.9,1.8,15,36.85,1.31,0.22
1,20,1.2,0.9,1.8,19,36.27,-1.87,-0.07
1,20,1.2,0.9,2.1,3,35.88,1.86,0.27
1,20,1.2,0.9,2.1,7,36.65,-1.19,-0.01
1,20,1.2,0.9,2.1,11,37.14,1.38,0.23
1,20,1.2,0.9,2.1,15,36.85,1.31,0.22
1,20,1.2,0.9,2.1,19,36.27,-1.87,-0.07
1,20,1.2,1.2,0.0,3,32.69,-3.24,-0.16
1,20,1.2,1.2,0.0,7,32.59,-5.58,-0.39
1,20,1.2,1.2,0.0,11,32.98,-6.46,-0.48
1,20,1.2,1.2,0.0,15,33.17,-0.37,0.07
1,20,1.2,1.2,0.0,19,33.27,3.13,0.38
1,20,1.2,1.2,0.3,3,32.69,-1.08,0.02
1,20,1.2,1.2,0.3,7,32.5,-3.3,-0.18
1,20,1.2,1.2,0.3,11,32.79,-3.78,-0.23
1,20,1.2,1.2,0.3,15,33.08,4.07,0.46
1,20,1.2,1.2,0.3,19,33.08,6.13,0.64
1,20,1.2,1.2,0.6,3,32.69,-1.08,0.02
1,20,1.2,1.2,0.6,7,32.5,-3.3,-0.18
1,20,1.2,1.2,0.6,11,32.79,-3.78,-0.23
1,20,1.2,1.2,0.6,15,33.08,4.07,0.46
1,20,1.2,1.2,0.6,19,33.08,6.13,0.64
1,20,1.2,1.2,0.9,3,32.69,-1.08,0.02
1,20,1.2,1.2,0.9,7,32.5,-3.3,-0.18
1,20,1.2,1.2,0.9,11,32.79,-3.78,-0.23
1,20,1.2,1.2,0.9,15,33.08,4.07,0.46
1,20,1.2,1.2,0.9,19,33.08,6.13,0.64
1,20,1.2,1.2,1.2,3,32.69,-1.08,0.02
1,20,1.2,1.2,1.2,7,32.5,-3.3,-0.18
1,20,1.2,1.2,1.2,11,32.79,-3.78,-0.23
1,20,1.2,1.2,1.2,15,33.08,4.07,0.46
1,20,1.2,1.2,1.2,19,33.08,6.13,0.64
1,20,1.2,1.2,1.5,3,32.69,-1.08,0.02
1,20,1.2,1.2,1.5,7,32.5,-3.3,-0.18
1,20,1.2,1.2,1.5,11,32.79,-3.78,-0.23
1,20,1.2,1.2,1.5,15,33.08,4.07,0.46
1,20,1.2,1.2,1.5,19,33.08,6.13,0.64
1,20,1.2,1.2,1.8,3,32.69,-1.08,0.02
1,20,1.2,1.2,1.8,7,32.5,-3.3,-0.18
1,20,1.2,1.2,1.8,11,32.79,-3.78,-0.23
1,20,1.2,1.2,1.8,15,33.08,4.07,0.46
1,20,1.2,1.2,1.8,19,33.08,6.13,0.64
1,20,1.2,1.2,2.1,3,32.69,-1.08,0.02
1,20,1.2,1.2,2.1,7,32.5,-3.3,-0.18
1,20,1.2,1.2,2.1,11,32.79,-3.78,-0.23
1,20,1.2,1.2,2.1,15,33.08,4.07,0.46
1,20,1.2,1.2,2.1,19,33.08,6.13,0.64
1,20,1.2,1.5,0.0,3,30.27,-0.94,0.04
1,20,1.2,1.5,0.0,7,30.08,-5.16,-0.32
1,20,1.2,1.5,0.0,11,30.56,0.47,0.15
1,20,1.2,1.5,0.0,15,30.37,-1.69,-0.03
1,20,1.2,1.5,0.0,19,30.66,-0.93,0.03
1,20,1.2,1.5,0.3,3,30.56,2.76,0.34
1,20,1.2,1.5,0.3,7,30.08,-0.75,0.05
1,20,1.2,1.5,0.3,11,30.66,2.23,0.3
1,20,1.2,1.5,0.3,15,30.75,3.09,0.37
1,20,1.2,1.5,0.3,19,30.85,2.72,0.34
1,20,1.2,1.5,0.6,3,30.56,2.76,0.34
1,20,1.2,1.5,0.6,7,30.08,-0.75,0.05
1,20,1.2,1.5,0.6,11,30.66,2.23,0.3
1,20,1.2,1.5,0.6,15,30.75,3.09,0.37
1,20,1.2,1.5,0.6,19,30.85,2.72,0.34
1,20,1.2,1.5,0.9,3,30.56,2.76,0.34
1,20,1.2,1.5,0.9,7,30.08,-0.75,0.05
1,20,1.2,1.5,0.9,11,30.66,2.23,0.3
1,20,1.2,1.5,0.9,15,30.75,3.09,0.37
1,20,1.2,1.5,0.9,19,30.85,2.72,0.34
1,20,1.2,1.5,1.2,3,30.56,2.76,0.34
1,20,1.2,1.5,1.2,7,30.08,-0.75,0.05
1,20,1.2,1.5,1.2,11,30.66,2.23,0.3
1,20,1.2,1.5,1.2,15,30.75,3.09,0.37
1,20,1.2,1.5,1.2,19,30.85,2.72,0.34
1,20,1.2,1.5,1.5,3,30.56,2.76,0.34
1,20,1.2,1.5,1.5,7,30.08,-0.75,0.05
1,20,1.2,1.5,1.5,11,30.66,2.23,0.3
1,20,1.2,1.5,1.5,15,30.75,3.09,0.37
1,20,1.2,1.5,1.5,19,30.85,2.72,0.34
1,20,1.2,1.5,1.8,3,30.56,2.76,0.34
1,20,1.2,1.5,1.8,7,30.08,-0.75,0.05
1,20,1.2,1.5,1.8,11,30.66,2.23,0.3
1,20,1.2,1.5,1.8,15,30.75,3.09,0.37
1,20,1.2,1.5,1.8,19,30.85,2.72,0.34
1,20,1.2,1.5,2.1,3,30.56,2.76,0.34
1,20,1.2,1.5,2.1,7,30.08,-0.75,0.05
1,20,1.2,1.5,2.1,11,30.66,2.23,0.3
1,20,1.2,1.5,2.1,15,30.75,3.09,0.37
1,20,1.2,1.5,2.1,19,30.85,2.72,0.34
1,20,1.2,1.8,0.0,3,28.24,-2.53,-0.07
1,20,1.2,1.8,0.0,7,28.43,-0.71,0.07
1,20,1.2,1.8,0.0,11,28.43,-3.41,-0.15
1,20,1.2,1.8,0.0,15,28.53,-1.73,-0.02
1,20,1.2,1.8,0.0,19,28.63,-2.89,-0.12
1,20,1.2,1.8,0.3,3,29.01,3.78,0.41
1,20,1.2,1.8,0.3,7,28.82,4.1,0.44
1,20,1.2,1.8,0.3,11,29.11,-1.85,-0.04
1,20,1.2,1.8,0.3,15,29.3,3.06,0.36
1,20,1.2,1.8,0.3,19,29.5,3.46,0.39
1,20,1.2,1.8,0.6,3,29.01,3.78,0.41
1,20,1.2,1.8,0.6,7,28.82,4.1,0.44
1,20,1.2,1.8,0.6,11,29.11,-1.85,-0.04
1,20,1.2,1.8,0.6,15,29.3,3.06,0.36
1,20,1.2,1.8,0.6,19,29.5,3.46,0.39
1,20,1.2,1.8,0.9,3,29.01,3.78,0.41
1,20,1.2,1.8,0.9,7,28.82,4.1,0.44
1,20,1.2,1.8,0.9,11,29.11,-1.85,-0.04
1,20,1.2,1.8,0.9,15,29.3,3.06,0.36
1,20,1.2,1.8,0.9,19,29.5,3.46,0.39
1,20,1.2,1.8,1.2,3,29.01,3.78,0.41
1,20,1.2,1.8,1.2,7,28.82,4.1,0.44
1,20,1.2,1.8,1.2,11,29.11,-1.85,-0.04
1,20,1.2,1.8,1.2,15,29.3,3.06,0.36
1,20,1.2,1.8,1.2,19,29.5,3.46,0.39
1,20,1.2,1.8,1.5,3,29.01,3.78,0.41
1,20,1.2,1.8,1.5,7,28.82,4.1,0.44
1,20,1.2,1.8,1.5,11,29.11,-1.85,-0.04
1,20,1.2,1.8,1.5,15,29.3,3.06,0.36
1,20,1.2,1.8,1.5,19,29.5,3.46,0.39
1,20,1.2,1.8,1.8,3,29.01,3.78,0.41
1,20,1.2,1.8,1.8,7,28.82,4.1,0.44
1,20,1.2,1.8,1.8,11,29.11,-1.85,-0.04
1,20,1.2,1.8,1.8,15,29.3,3.06,0.36
1,20,1.2,1.8,1.8,19,29.5,3.46,0.39
1,20,1.2,1.8,2.1,3,29.01,3.78,0.41
1,20,1.2,1.8,2.1,7,28.82,4.1,0.44
1,20,1.2,1.8,2.1,11,29.11,-1.85,-0.04
1,20,1.2,1.8,2.1,15,29.3,3.06,0.36
1,20,1.2,1.8,2.1,19,29.5,3.46,0.39
1,20,1.2,2.1,0.0,3,27.27,-1.86,-0.01
1,20,1.2,2.1,0.0,7,27.4,-1.78,-0.01
1,20,1.2,2.1,0.0,11,27.3,-2.72,-0.09
1,20,1.2,2.1,0.0,15,27.01,-3.73,-0.17
1,20,1.2,2.1,0.0,19,26.82,-2.05,-0.04
1,20,1.2,2.1,0.3,3,28.63,1.87,0.27
1,20,1.2,2.1,0.3,7,28.36,4.57,0.47
1,20,1.2,2.1,0.3,11,28.56,-0.72,0.06
1,20,1.2,2.1,0.3,15,28.56,1.15,0.21
1,20,1.2,2.1,0.3,19,28.27,0.78,0.18
1,20,1.2,2.1,0.6,3,28.63,1.87,0.27
1,20,1.2,2.1,0.6,7,28.36,4.57,0.47
1,20,1.2,2.1,0.6,11,28.56,-0.72,0.06
1,20,1.2,2.1,0.6,15,28.56,1.15,0.21
1,20,1.2,2.1,0.6,19,28.27,0.78,0.18
1,20,1.2,2.1,0.9,3,28.63,1.87,0.27
1,20,1.2,2.1,0.9,7,28.36,4.57,0.47
1,20,1.2,2.1,0.9,11,28.56,-0.72,0.06
1,20,1.2,2.1,0.9,15,28.56,1.15,0.21
1,20,1.2,2.1,0.9,19,28.27,0.78,0.18
1,20,1.2,2.1,1.2,3,28.63,1.87,0.27
1,20,1.2,2.1,1.2,7,28.36,4.57,0.47
1,20,1.2,2.1,1.2,11,28.56,-0.72,0.06
1,20,1.2,2.1,1.2,15,28.56,1.15,0.21
1,20,1.2,2.1,1.2,19,28.27,0.78,0.18
1,20,1.2,2.1,1.5,3,28.63,1.87,0.27
1,20,1.2,2.1,1.5,7,28.36,4.57,0.47
1,20,1.2,2.1,1.5,11,28.56,-0.72,0.06
1,20,1.2,2.1,1.5,15,28.56,1.15,0.21
1,20,1.2,2.1,1.5,19,28.27,0.78,0.18
1,20,1.2,2.1,1.8,3,28.63,1.87,0.27
1,20,1.2,2.1,1.8,7,28.36,4.57,0.47
1,20,1.2,2.1,1.8,11,28.56,-0.72,0.06
1,20,1.2,2.1,1.8,15,28.56,1.15,0.21
1,20,1.2,2.1,1.8,19,28.27,0.78,0.18
1,20,1.2,2.1,2.1,3,28.63,1.87,0.27
1,20,1.2,2.1,2.1,7,28.36,4.57,0.47
1,20,1.2,2.1,2.1,11,28.56,-0.72,0.06
1,20,1.2,2.1,2.1,15,28.56,1.15,0.21
1,20,1.2,2.1,2.1,19,28.27,0.78,0.18
1,20,1.5,0.0,0.0,3,60.06,-2.13,-0.18
1,20,1.5,0.0,0.0,7,59.96,-3.14,-0.31
1,20,1.5,0.0,0.0,11,59.77,-4.34,-0.47
1,20,1.5,0.0,0.0,15,59.77,-4.85,-0.53
1,20,1.5,0.0,0.0,19,59.77,-4.45,-0.48
1,20,1.5,0.0,0.3,3,60.06,-2.13,-0.18
1,20,1.5,0.0,0.3,7,59.96,-3.14,-0.31
1,20,1.5,0.0,0.3,11,59.77,-4.34,-0.47
1,20,1.5,0.0,0.3,15,59.77,-4.85,-0.53
1,20,1.5,0.0,0.3,19,59.77,-4.45,-0.48
1,20,1.5,0.0,0.6,3,60.06,-2.13,-0.18
1,20,1.5,0.0,0.6,7,59.96,-3.14,-0.31
1,20,1.5,0.0,0.6,11,59.77,-4.34,-0.47
1,20,1.5,0.0,0.6,15,59.77,-4.85,-0.53
1,20,1.5,0.0,0.6,19,59.77,-4.45,-0.48
1,20,1.5,0.0,0.9,3,60.06,-2.13,-0.18
1,20,1.5,0.0,0.9,7,59.96,-3.14,-0.31
1,20,1.5,0.0,0.9,11,59.77,-4.34,-0.47
1,20,1.5,0.0,0.9,15,59.77,-4.85,-0.53
1,20,1.5,0.0,0.9,19,59.77,-4.45,-0.48
1,20,1.5,0.0,1.2,3,60.06,-2.13,-0.18
1,20,1.5,0.0,1.2,7,59.96,-3.14,-0.31
1,20,1.5,0.0,1.2,11,59.77,-4.34,-0.47
1,20,1.5,0.0,1.2,15,59.77,-4.85,-0.53
1,20,1.5,0.0,1.2,19,59.77,-4.45,-0.48
1,20,1.5,0.0,1.5,3,60.06,-2.13,-0.18
1,20,1.5,0.0,1.5,7,59.96,-3.14,-0.31
1,20,1.5,0.0,1.5,11,59.77,-4.34,-0.47
1,20,1.5,0.0,1.5,15,59.77,-4.85,-0.53
1,20,1.5,0.0,1.5,19,59.77,-4.45,-0.48
1,20,1.5,0.0,1.8,3,60.06,-2.13,-0.18
1,20,1.5,0.0,1.8,7,59.96,-3.14,-0.31
1,20,1.5,0.0,1.8,11,59.77,-4.34,-0.47
1,20,1.5,0.0,1.8,15,59.77,-4.85,-0.53
1,20,1.5,0.0,1.8,19,59.77,-4.45,-0.48
1,20,1.5,0.0,2.1,3,60.06,-2.13,-0.18
1,20,1.5,0.0,2.1,7,59.96,-3.14,-0.31
1,20,1.5,0.0,2.1,11,59.77,-4.34,-0.47
1,20,1.5,0.0,2.1,15,59.77,-4.85,-0.53
1,20,1.5,0.0,2.1,19,59.77,-4.45,-0.48
1,20,1.5,0.3,0.0,3,48.65,-7.51,-0.73
1,20,1.5,0.3,0.0,7,48.36,-12.04,-1.3
1,20,1.5,0.3,0.0,11,48.84,-13.19,-1.45
1,20,1.5,0.3,0.0,15,49.13,-11.91,-1.3
1,20,1.5,0.3,0.0,19,49.52,-9.73,-1.04
1,20,1.5,0.3,0.3,3,48.65,-7.51,-0.73
1,20,1.5,0.3,0.3,7,48.36,-12.04,-1.3
1,20,1.5,0.3,0.3,11,48.84,-13.19,-1.45
1,20,1.5,0.3,0.3,15,49.13,-11.82,-1.29
1,20,1.5,0.3,0.3,19,49.52,-9.23,-0.98
1,20,1.5,0.3,0.6,3,48.65,-7.51,-0.73
1,20,1.5,0.3,0.6,7,48.36,-12.04,-1.3
1,20,1.5,0.3,0.6,11,48.84,-13.19,-1.45
1,20,1.5,0.3,0.6,15,49.13,-11.82,-1.29
1,20,1.5,0.3,0.6,19,49.52,-9.23,-0.98
1,20,1.5,0.3,0.9,3,48.65,-7.51,-0.73
1,20,1.5,0.3,0.9,7,48.36,-12.04,-1.3
1,20,1.5,0.3,0.9,11,48.84,-13.19,-1.45
1,20,1.5,0.3,0.9,15,49.13,-11.82,-1.29
1,20,1.5,0.3,0.9,19,49.52,-9.23,-0.98
1,20,1.5,0.3,1.2,3,48.65,-7.51,-0.73
1,20,1.5,0.3,1.2,7,48.36,-12.04,-1.3
1,20,1.5,0.3,1.2,11,48.84,-13.19,-1.45
1,20,1.5,0.3,1.2,15,49.13,-11.82,-1.29
1,20,1.5,0.3,1.2,19,49.52,-9.23,-0.98
1,20,1.5,0.3,1.5,3,48.65,-7.51,-0.73
1,20,1.5,0.3,1.5,7,48.36,-12.04,-1.3
1,20,1.5,0.3,1.5,11,48.84,-13.19,-1.45
1,20,1.5,0.3,1.5,15,49.13,-11.82,-1.29
1,20,1.5,0.3,1.5,19,49.52,-9.23,-0.98
1,20,1.5,0.3,1.8,3,48.65,-7.51,-0.73
1,20,1.5,0.3,1.8,7,48.36,-12.04,-1.3
1,20,1.5,0.3,1.8,11,48.84,-13.19,-1.45
1,20,1.5,0.3,1.8,15,49.13,-11.82,-1.29
1,20,1.5,0.3,1.8,19,49.52,-9.23,-0.98
1,20,1.5,0.3,2.1,3,48.65,-7.51,-0.73
1,20,1.5,0.3,2.1,7,48.36,-12.04,-1.3
1,20,1.5,0.3,2.1,11,48.84,-13.19,-1.45
1,20,1.5,0.3,2.1,15,49.13,-11.82,-1.29
1,20,1.5,0.3,2.1,19,49.52,-9.23,-0.98
1,20,1.5,0.6,0.0,3,41.1,-1.96,-0.09
1,20,1.5,0.6,0.0,7,41.2,-5.09,-0.42
1,20,1.5,0.6,0.0,11,41.49,-5.49,-0.47
1,20,1.5,0.6,0.0,15,41.49,-5.58,-0.48
1,20,1.5,0.6,0.0,19,41.49,-5.92,-0.52
1,20,1.5,0.6,0.3,3,41.1,-1.96,-0.09
1,20,1.5,0.6,0.3,7,41.2,-5.09,-0.42
1,20,1.5,0.6,0.3,11,41.49,-5.44,-0.47
1,20,1.5,0.6,0.3,15,41.49,-5.43,-0.47
1,20,1.5,0.6,0.3,19,41.49,-5.42,-0.47
1,20,1.5,0.6,0.6,3,41.1,-1.96,-0.09
1,20,1.5,0.6,0.6,7,41.2,-5.09,-0.42
1,20,1.5,0.6,0.6,11,41.49,-5.44,-0.47
1,20,1.5,0.6,0.6,15,41.49,-5.43,-0.47
1,20,1.5,0.6,0.6,19,41.49,-5.42,-0.47
1,20,1.5,0.6,0.9,3,41.1,-1.96,-0.09
1,20,1.5,0.6,0.9,7,41.2,-5.09,-0.42
1,20,1.5,0.6,0.9,11,41.49,-5.44,-0.47
1,20,1.5,0.6,0.9,15,41.49,-5.43,-0.47
1,20,1.5,0.6,0.9,19,41.49,-5.42,-0.47
1,20,1.5,0.6,1.2,3,41.1,-1.96,-0.09
1,20,1.5,0.6,1.2,7,41.2,-5.09,-0.42
1,20,1.5,0.6,1.2,11,41.49,-5.44,-0.47
1,20,1.5,0.6,1.2,15,41.49,-5.43,-0.47
1,20,1.5,0.6,1.2,19,41.49,-5.42,-0.47
1,20,1.5,0.6,1.5,3,41.1,-1.96,-0.09
1,20,1.5,0.6,1.5,7,41.2,-5.09,-0.42
1,20,1.5,0.6,1.5,11,41.49,-5.44,-0.47
1,20,1.5,0.6,1.5,15,41.49,-5.43,-0.47
1,20,1.5,0.6,1.5,19,41.49,-5.42,-0.47
1,20,1.5,0.6,1.8,3,41.1,-1.96,-0.09
1,20,1.5,0.6,1.8,7,41.2,-5.09,-0.42
1,20,1.5,0.6,1.8,11,41.49,-5.44,-0.47
1,20,1.5,0.6,1.8,15,41.49,-5.43,-0.47
1,20,1.5,0.6,1.8,19,41.49,-5.42,-0.47
1,20,1.5,0.6,2.1,3,41.1,-1.96,-0.09
1,20,1.5,0.6,2.1,7,41.2,-5.09,-0.42
1,20,1.5,0.6,2.1,11,41.49,-5.44,-0.47
1,20,1.5,0.6,2.1,15,41.49,-5.43,-0.47
1,20,1.5,0.6,2.1,19,41.49,-5.42,-0.47
1,20,1.5,0.9,0.0,3,35.88,1.1,0.2
1,20,1.5,0.9,0.0,7,36.85,-1.07,0.01
1,20,1.5,0.9,0.0,11,37.23,0.01,0.1
1,20,1.5,0.9,0.0,15,36.94,-0.4,0.07
1,20,1.5,0.9,0.0,19,36.46,-2.57,-0.14
1,20,1.5,0.9,0.3,3,35.88,1.1,0.2
1,20,1.5,0.9,0.3,7,36.85,-0.83,0.03
1,20,1.5,0.9,0.3,11,37.23,0.06,0.11
1,20,1.5,0.9,0.3,15,36.94,-0.29,0.08
1,20,1.5,0.9,0.3,19,36.46,-2.01,-0.09
1,20,1.5,0.9,0.6,3,35.88,1.1,0.2
1,20,1.5,0.9,0.6,7,36.85,-0.83,0.03
1,20,1.5,0.9,0.6,11,37.23,0.06,0.11
1,20,1.5,0.9,0.6,15,36.94,-0.29,0.08
1,20,1.5,0.9,0.6,19,36.46,-2.01,-0.09
1,20,1.5,0.9,0.9,3,35.88,1.1,0.2
1,20,1.5,0.9,0.9,7,36.85,-0.83,0.03
1,20,1.5,0.9,0.9,11,37.23,0.06,0.11
1,20,1.5,0.9,0.9,15,36.94,-0.29,0.08
1,20,1.5,0.9,0.9,19,36.46,-2.01,-0.09
1,20,1.5,0.9,1.2,3,35.88,1.1,0.2
1,20,1.5,0.9,1.2,7,36.85,-0.83,0.03
1,20,1.5,0.9,1.2,11,37.23,0.06,0.11
1,20,1.5,0.9,1.2,15,36.94,-0.29,0.08
1,20,1.5,0.9,1.2,19,36.46,-2.01,-0.09
1,20,1.5,0.9,1.5,3,35.88,1.1,0.2
1,20,1.5,0.9,1.5,7,36.85,-0.83,0.03
1,20,1.5,0.9,1.5,11,37.23,0.06,0.11
1,20,1.5,0.9,1.5,15,36.94,-0.29,0.08
1,20,1.5,0.9,1.5,19,36.46,-2.01,-0.09
1,20,1.5,0.9,1.8,3,35.88,1.1,0.2
1,20,1.5,0.9,1.8,7,36.85,-0.83,0.03
1,20,1.5,0.9,1.8,11,37.23,0.06,0.11
1,20,1.5,0.9,1.8,15,36.94,-0.29,0.08
1,20,1.5,0.9,1.8,19,36.46,-2.01,-0.09
1,20,1.5,0.9,2.1,3,35.88,1.1,0.2
1,20,1.5,0.9,2.1,7,36.85,-0.83,0.03
1,20,1.5,0.9,2.1,11,37.23,0.06,0.11
1,20,1.5,0.9,2.1,15,36.94,-0.29,0.08
1,20,1.5,0.9,2.1,19,36.46,-2.01,-0.09
1,20,1.5,1.2,0.0,3,32.69,-3.24,-0.16
1,20,1.5,1.2,0.0,7,32.69,-4.51,-0.29
1,20,1.5,1.2,0.0,11,32.98,-6.88,-0.51
1,20,1.5,1.2,0.0,15,33.17,-1.32,-0.01
1,20,1.5,1.2,0.0,19,33.27,2.02,0.28
1,20,1.5,1.2,0.3,3,32.69,-2.1,-0.06
1,20,1.5,1.2,0.3,7,32.69,-3.48,-0.2
1,20,1.5,1.2,0.3,11,32.98,-5.53,-0.39
1,20,1.5,1.2,0.3,15,33.17,0.71,0.17
1,20,1.5,1.2,0.3,19,33.27,3.93,0.45
1,20,1.5,1.2,0.6,3,32.69,-2.1,-0.06
1,20,1.5,1.2,0.6,7,32.69,-3.48,-0.2
1,20,1.5,1.2,0.6,11,32.98,-5.53,-0.39
1,20,1.5,1.2,0.6,15,33.17,0.71,0.17
1,20,1.5,1.2,0.6,19,33.27,3.93,0.45
1,20,1.5,1.2,0.9,3,32.69,-2.1,-0.06
1,20,1.5,1.2,0.9,7,32.69,-3.48,-0.2
1,20,1.5,1.2,0.9,11,32.98,-5.53,-0.39
1,20,1.5,1.2,0.9,15,33.17,0.71,0.17
1,20,1.5,1.2,0.9,19,33.27,3.93,0.45
1,20,1.5,1.2,1.2,3,32.69,-2.1,-0.06
1,20,1.5,1.2,1.2,7,32.69,-3.48,-0.2
1,20,1.5,1.2,1.2,11,32.98,-5.53,-0.39
1,20,1.5,1.2,1.2,15,33.17,0.71,0.17
1,20,1.5,1.2,1.2,19,33.27,3.93,0.45
1,20,1.5,1.2,1.5,3,32.69,-2.1,-0.06
1,20,1.5,1.2,1.5,7,32.69,-3.48,-0.2
1,20,1.5,1.2,1.5,11,32.98,-5.53,-0.39
1,20,1.5,1.2,1.5,15,33.17,0.71,0.17
1,20,1.5,1.2,1.5,19,33.27,3.93,0.45
1,20,1.5,1.2,1.8,3,32.69,-2.1,-0.06
1,20,1.5,1.2,1.8,7,32.69,-3.48,-0.2
1,20,1.5,1.2,1.8,11,32.98,-5.53,-0.39
1,20,1.5,1.2,1.8,15,33.17,0.71,0.17
1,20,1.5,1.2,1.8,19,33.27,3.93,0.45
1,20,1.5,1.2,2.1,3,32.69,-2.1,-0.06
1,20,1.5,1.2,2.1,7,32.69,-3.48,-0.2
1,20,1.5,1.2,2.1,11,32.98,-5.53,-0.39
1,20,1.5,1.2,2.1,15,33.17,0.71,0.17
1,20,1.5,1.2,2.1,19,33.27,3.93,0.45
1,20,1.5,1.5,0.0,3,30.27,-0.94,0.04
1,20,1.5,1.5,0.0,7,30.17,-4.08,-0.23
1,20,1.5,1.5,0.0,11,30.56,0.01,0.11
1,20,1.5,1.5,0.0,15,30.37,-2.64,-0.11
1,20,1.5,1.5,0.0,19,30.66,-2.0,-0.06
1,20,1.5,1.5,0.3,3,30.27,1.65,0.25
1,20,1.5,1.5,0.3,7,29.98,-3.34,-0.17
1,20,1.5,1.5,0.3,11,30.46,1.6,0.25
1,20,1.5,1.5,0.3,15,30.27,-1.09,0.02
1,20,1.5,1.5,0.3,19,30.56,-0.13,0.1
1,20,1.5,1.5,0.6,3,30.27,1.65,0.25
1,20,1.5,1.5,0.6,7,29.98,-3.34,-0.17
1,20,1.5,1.5,0.6,11,30.46,1.6,0.25
1,20,1.5,1.5,0.6,15,30.27,-1.09,0.02
1,20,1.5,1.5,0.6,19,30.56,-0.13,0.1
1,20,1.5,1.5,0.9,3,30.27,1.65,0.25
1,20,1.5,1.5,0.9,7,29.98,-3.34,-0.17
1,20,1.5,1.5,0.9,11,30.46,1.6,0.25
1,20,1.5,1.5,0.9,15,30.27,-1.09,0.02
1,20,1.5,1.5,0.9,19,30.56,-0.13,0.1
1,20,1.5,1.5,1.2,3,30.27,1.65,0.25
1,20,1.5,1.5,1.2,7,29.98,-3.34,-0.17
1,20,1.5,1.5,1.2,11,30.46,1.6,0.25
1,20,1.5,1.5,1.2,15,30.27,-1.09,0.02
1,20,1.5,1.5,1.2,19,30.56,-0.13,0.1
1,20,1.5,1.5,1.5,3,30.27,1.65,0.25
1,20,1.5,1.5,1.5,7,29.98,-3.34,-0.17
1,20,1.5,1.5,1.5,11,30.46,1.6,0.25
1,20,1.5,1.5,1.5,15,30.27,-1.09,0.02
1,20,1.5,1.5,1.5,19,30.56,-0.13,0.1
1,20,1.5,1.5,1.8,3,30.27,1.65,0.25
1,20,1.5,1.5,1.8,7,29.98,-3.34,-0.17
1,20,1.5,1.5,1.8,11,30.46,1.6,0.25
1,20,1.5,1.5,1.8,15,30.27,-1.09,0.02
1,20,1.5,1.5,1.8,19,30.56,-0.13,0.1
1,20,1.5,1.5,2.1,3,30.27,1.65,0.25
1,20,1.5,1.5,2.1,7,29.98,-3.34,-0.17
1,20,1.5,1.5,2.1,11,30.46,1.6,0.25
1,20,1.5,1.5,2.1,15,30.27,-1.09,0.02
1,20,1.5,1.5,2.1,19,30.56,-0.13,0.1
1,20,1.5,1.8,0.0,3,28.24,-2.53,-0.07
1,20,1.5,1.8,0.0,7,28.53,0.42,0.15
1,20,1.5,1.8,0.0,11,28.43,-3.85,-0.19
1,20,1.5,1.8,0.0,15,28.53,-2.67,-0.09
1,20,1.5,1.8,0.0,19,28.63,-3.94,-0.2
1,20,1.5,1.8,0.3,3,28.34,1.85,0.26
1,20,1.5,1.8,0.3,7,28.43,2.75,0.33
1,20,1.5,1.8,0.3,11,28.43,-1.63,-0.01
1,20,1.5,1.8,0.3,15,28.43,-0.8,0.05
1,20,1.5,1.8,0.3,19,28.63,-0.43,0.08
1,20,1.5,1.8,0.6,3,28.34,1.85,0.26
1,20,1.5,1.8,0.6,7,28.43,2.75,0.33
1,20,1.5,1.8,0.6,11,28.43,-1.63,-0.01
1,20,1.5,1.8,0.6,15,28.43,-0.8,0.05
1,20,1.5,1.8,0.6,19,28.63,-0.43,0.08
1,20,1.5,1.8,0.9,3,28.34,1.85,0.26
1,20,1.5,1.8,0.9,7,28.43,2.75,0.33
1,20,1.5,1.8,0.9,11,28.43,-1.63,-0.01
1,20,1.5,1.8,0.9,15,28.43,-0.8,0.05
1,20,1.5,1.8,0.9,19,28.63,-0.43,0.08
1,20,1.5,1.8,1.2,3,28.34,1.85,0.26
1,20,1.5,1.8,1.2,7,28.43,2.75,0.33
1,20,1.5,1.8,1.2,11,28.43,-1.63,-0.01
1,20,1.5,1.8,1.2,15,28.43,-0.8,0.05
1,20,1.5,1.8,1.2,19,28.63,-0.43,0.08
1,20,1.5,1.8,1.5,3,28.34,1.85,0.26
1,20,1.5,1.8,1.5,7,28.43,2.75,0.33
1,20,1.5,1.8,1.5,11,28.43,-1.63,-0.01
1,20,1.5,1.8,1.5,15,28.43,-0.8,0.05
1,20,1.5,1.8,1.5,19,28.63,-0.43,0.08
1,20,1.5,1.8,1.8,3,28.34,1.85,0.26
1,20,1.5,1.8,1.8,7,28.43,2.75,0.33
1,20,1.5,1.8,1.8,11,28.43,-1.63,-0.01
1,20,1.5,1.8,1.8,15,28.43,-0.8,0.05
1,20,1.5,1.8,1.8,19,28.63,-0.43,0.08
1,20,1.5,1.8,2.1,3,28.34,1.85,0.26
1,20,1.5,1.8,2.1,7,28.43,2.75,0.33
1,20,1.5,1.8,2.1,11,28.43,-1.63,-0.01
1,20,1.5,1.8,2.1,15,28.43,-0.8,0.05
1,20,1.5,1.8,2.1,19,28.63,-0.43,0.08
1,20,1.5,2.1,0.0,3,27.27,-1.86,-0.01
1,20,1.5,2.1,0.0,7,27.49,-0.67,0.07
1,20,1.5,2.1,0.0,11,27.3,-3.16,-0.12
1,20,1.5,2.1,0.0,15,27.01,-4.65,-0.24
1,20,1.5,2.1,0.0,19,26.82,-3.1,-0.12
1,20,1.5,2.1,0.3,3,27.56,1.75,0.26
1,20,1.5,2.1,0.3,7,27.98,2.4,0.31
1,20,1.5,2.1,0.3,11,27.69,-0.89,0.05
1,20,1.5,2.1,0.3,15,27.3,-2.97,-0.11
1,20,1.5,2.1,0.3,19,27.2,-2.11,-0.04
1,20,1.5,2.1,0.6,3,27.56,1.75,0.26
1,20,1.5,2.1,0.6,7,27.98,2.4,0.31
1,20,1.5,2.1,0.6,11,27.69,-0.89,0.05
1,20,1.5,2.1,0.6,15,27.3,-2.97,-0.11
1,20,1.5,2.1,0.6,19,27.2,-2.11,-0.04
1,20,1.5,2.1,0.9,3,27.56,1.75,0.26
1,20,1.5,2.1,0.9,7,27.98,2.4,0.31
1,20,1.5,2.1,0.9,11,27.69,-0.89,0.05
1,20,1.5,2.1,0.9,15,27.3,-2.97,-0.11
1,20,1.5,2.1,0.9,19,27.2,-2.11,-0.04
1,20,1.5,2.1,1.2,3,27.56,1.75,0.26
1,20,1.5,2.1,1.2,7,27.98,2.4,0.31
1,20,1.5,2.1,1.2,11,27.69,-0.89,0.05
1,20,1.5,2.1,1.2,15,27.3,-2.97,-0.11
1,20,1.5,2.1,1.2,19,27.2,-2.11,-0.04
1,20,1.5,2.1,1.5,3,27.56,1.75,0.26
1,20,1.5,2.1,1.5,7,27.98,2.4,0.31
1,20,1.5,2.1,1.5,11,27.69,-0.89,0.05
1,20,1.5,2.1,1.5,15,27.3,-2.97,-0.11
1,20,1.5,2.1,1.5,19,27.2,-2.11,-0.04
1,20,1.5,2.1,1.8,3,27.56,1.75,0.26
1,20,1.5,2.1,1.8,7,27.98,2.4,0.31
1,20,1.5,2.1,1.8,11,27.69,-0.89,0.05
1,20,1.5,2.1,1.8,15,27.3,-2.97,-0.11
1,20,1.5,2.1,1.8,19,27.2,-2.11,-0.04
1,20,1.5,2.1,2.1,3,27.56,1.75,0.26
1,20,1.5,2.1,2.1,7,27.98,2.4,0.31
1,20,1.5,2.1,2.1,11,27.69,-0.89,0.05
1,20,1.5,2.1,2.1,15,27.3,-2.97,-0.11
1,20,1.5,2.1,2.1,19,27.2,-2.11,-0.04
1,20,1.8,0.0,0.0,3,60.06,-2.13,-0.18
1,20,1.8,0.0,0.0,7,60.06,-1.83,-0.14
1,20,1.8,0.0,0.0,11,59.96,-3.05,-0.3
1,20,1.8,0.0,0.0,15,59.96,-2.94,-0.29
1,20,1.8,0.0,0.0,19,59.86,-3.8,-0.4
1,20,1.8,0.0,0.3,3,60.06,-2.13,-0.18
1,20,1.8,0.0,0.3,7,60.06,-1.83,-0.14
1,20,1.8,0.0,0.3,11,59.96,-3.05,-0.3
1,20,1.8,0.0,0.3,15,59.96,-2.94,-0.29
1,20,1.8,0.0,0.3,19,59.86,-3.8,-0.4
1,20,1.8,0.0,0.6,3,60.06,-2.13,-0.18
1,20,1.8,0.0,0.6,7,60.06,-1.83,-0.14
1,20,1.8,0.0,0.6,11,59.96,-3.05,-0.3
1,20,1.8,0.0,0.6,15,59.96,-2.94,-0.29
1,20,1.8,0.0,0.6,19,59.86,-3.8,-0.4
1,20,1.8,0.0,0.9,3,60.06,-2.13,-0.18
1,20,1.8,0.0,0.9,7,60.06,-1.83,-0.14
1,20,1.8,0.0,0.9,11,59.96,-3.05,-0.3
1,20,1.8,0.0,0.9,15,59.96,-2.94,-0.29
1,20,1.8,0.0,0.9,19,59.86,-3.8,-0.4
1,20,1.8,0.0,1.2,3,60.06,-2.13,-0.18
1,20,1.8,0.0,1.2,7,60.06,-1.83,-0.14
1,20,1.8,0.0,1.2,11,59.96,-3.05,-0.3
1,20,1.8,0.0,1.2,15,59.96,-2.94,-0.29
1,20,1.8,0.0,1.2,19,59.86,-3.8,-0.4
1,20,1.8,0.0,1.5,3,60.06,-2.13,-0.18
1,20,1.8,0.0,1.5,7,60.06,-1.83,-0.14
1,20,1.8,0.0,1.5,11,59.96,-3.05,-0.3
1,20,1.8,0.0,1.5,15,59.96,-2.94,-0.29
1,20,1.8,0.0,1.5,19,59.86,-3.8,-0.4
1,20,1.8,0.0,1.8,3,60.06,-2.13,-0.18
1,20,1.8,0.0,1.8,7,60.06,-1.83,-0.14
1,20,1.8,0.0,1.8,11,59.96,-3.05,-0.3
1,20,1.8,0.0,1.8,15,59.96,-2.94,-0.29
1,20,1.8,0.0,1.8,19,59.86,-3.8,-0.4
1,20,1.8,0.0,2.1,3,60.06,-2.13,-0.18
1,20,1.8,0.0,2.1,7,60.06,-1.83,-0.14
1,20,1.8,0.0,2.1,11,59.96,-3.05,-0.3
1,20,1.8,0.0,2.1,15,59.96,-2.94,-0.29
1,20,1.8,0.0,2.1,19,59.86,-3.8,-0.4
1,20,1.8,0.3,0.0,3,48.65,-7.53,-0.74
1,20,1.8,0.3,0.0,7,48.45,-10.85,-1.14
1,20,1.8,0.3,0.0,11,48.94,-12.46,-1.36
1,20,1.8,0.3,0.0,15,49.23,-11.01,-1.18
1,20,1.8,0.3,0.0,19,49.61,-9.54,-1.01
1,20,1.8,0.3,0.3,3,48.65,-7.51,-0.73
1,20,1.8,0.3,0.3,7,48.45,-10.85,-1.14
1,20,1.8,0.3,0.3,11,48.94,-12.46,-1.36
1,20,1.8,0.3,0.3,15,49.23,-11.01,-1.18
1,20,1.8,0.3,0.3,19,49.61,-9.54,-1.01
1,20,1.8,0.3,0.6,3,48.65,-7.51,-0.73
1,20,1.8,0.3,0.6,7,48.45,-10.85,-1.14
1,20,1.8,0.3,0.6,11,48.94,-12.46,-1.36
1,20,1.8,0.3,0.6,15,49.23,-11.01,-1.18
1,20,1.8,0.3,0.6,19,49.61,-9.54,-1.01
1,20,1.8,0.3,0.9,3,48.65,-7.51,-0.73
1,20,1.8,0.3,0.9,7,48.45,-10.85,-1.14
1,20,1.8,0.3,0.9,11,48.94,-12.46,-1.36
1,20,1.8,0.3,0.9,15,49.23,-11.01,-1.18
1,20,1.8,0.3,0.9,19,49.61,-9.54,-1.01
1,20,1.8,0.3,1.2,3,48.65,-7.51,-0.73
1,20,1.8,0.3,1.2,7,48.45,-10.85,-1.14
1,20,1.8,0.3,1.2,11,48.94,-12.46,-1.36
1,20,1.8,0.3,1.2,15,49.23,-11.01,-1.18
1,20,1.8,0.3,1.2,19,49.61,-9.54,-1.01
1,20,1.8,0.3,1.5,3,48.65,-7.51,-0.73
1,20,1.8,0.3,1.5,7,48.45,-10.85,-1.14
1,20,1.8,0.3,1.5,11,48.94,-12.46,-1.36
1,20,1.8,0.3,1.5,15,49.23,-11.01,-1.18
1,20,1.8,0.3,1.5,19,49.61,-9.54,-1.01
1,20,1.8,0.3,1.8,3,48.65,-7.51,-0.73
1,20,1.8,0.3,1.8,7,48.45,-10.85,-1.14
1,20,1.8,0.3,1.8,11,48.94,-12.46,-1.36
1,20,1.8,0.3,1.8,15,49.23,-11.01,-1.18
1,20,1.8,0.3,1.8,19,49.61,-9.54,-1.01
1,20,1.8,0.3,2.1,3,48.65,-7.51,-0.73
1,20,1.8,0.3,2.1,7,48.45,-10.85,-1.14
1,20,1.8,0.3,2.1,11,48.94,-12.46,-1.36
1,20,1.8,0.3,2.1,15,49.23,-11.01,-1.18
1,20,1.8,0.3,2.1,19,49.61,-9.54,-1.01
1,20,1.8,0.6,0.0,3,41.1,-1.99,-0.09
1,20,1.8,0.6,0.0,7,41.3,-3.8,-0.29
1,20,1.8,0.6,0.0,11,41.59,-4.7,-0.39
1,20,1.8,0.6,0.0,15,41.59,-4.61,-0.38
1,20,1.8,0.6,0.0,19,41.59,-5.73,-0.5
1,20,1.8,0.6,0.3,3,41.1,-1.96,-0.09
1,20,1.8,0.6,0.3,7,41.3,-3.8,-0.29
1,20,1.8,0.6,0.3,11,41.59,-4.7,-0.39
1,20,1.8,0.6,0.3,15,41.59,-4.61,-0.38
1,20,1.8,0.6,0.3,19,41.59,-5.73,-0.5
1,20,1.8,0.6,0.6,3,41.1,-1.96,-0.09
1,20,1.8,0.6,0.6,7,41.3,-3.8,-0.29
1,20,1.8,0.6,0.6,11,41.59,-4.7,-0.39
1,20,1.8,0.6,0.6,15,41.59,-4.61,-0.38
1,20,1.8,0.6,0.6,19,41.59,-5.73,-0.5
1,20,1.8,0.6,0.9,3,41.1,-1.96,-0.09
1,20,1.8,0.6,0.9,7,41.3,-3.8,-0.29
1,20,1.8,0.6,0.9,11,41.59,-4.7,-0.39
1,20,1.8,0.6,0.9,15,41.59,-4.61,-0.38
1,20,1.8,0.6,0.9,19,41.59,-5.73,-0.5
1,20,1.8,0.6,1.2,3,41.1,-1.96,-0.09
1,20,1.8,0.6,1.2,7,41.3,-3.8,-0.29
1,20,1.8,0.6,1.2,11,41.59,-4.7,-0.39
1,20,1.8,0.6,1.2,15,41.59,-4.61,-0.38
1,20,1.8,0.6,1.2,19,41.59,-5.73,-0.5
1,20,1.8,0.6,1.5,3,41.1,-1.96,-0.09
1,20,1.8,0.6,1.5,7,41.3,-3.8,-0.29
1,20,1.8,0.6,1.5,11,41.59,-4.7,-0.39
1,20,1.8,0.6,1.5,15,41.59,-4.61,-0.38
1,20,1.8,0.6,1.5,19,41.59,-5.73,-0.5
1,20,1.8,0.6,1.8,3,41.1,-1.96,-0.09
1,20,1.8,0.6,1.8,7,41.3,-3.8,-0.29
1,20,1.8,0.6,1.8,11,41.59,-4.7,-0.39
1,20,1.8,0.6,1.8,15,41.59,-4.61,-0.38
1,20,1.8,0.6,1.8,19,41.59,-5.73,-0.5
1,20,1.8,0.6,2.1,3,41.1,-1.96,-0.09
1,20,1.8,0.6,2.1,7,41.3,-3.8,-0.29
1,20,1.8,0.6,2.1,11,41.59,-4.7,-0.39
1,20,1.8,0.6,2.1,15,41.59,-4.61,-0.38
1,20,1.8,0.6,2.1,19,41.59,-5.73,-0.5
1,20,1.8,0.9,0.0,3,35.88,1.08,0.2
1,20,1.8,0.9,0.0,7,36.94,0.27,0.13
1,20,1.8,0.9,0.0,11,37.33,1.26,0.22
1,20,1.8,0.9,0.0,15,37.04,1.03,0.2
1,20,1.8,0.9,0.0,19,36.56,-1.96,-0.08
1,20,1.8,0.9,0.3,3,35.88,1.1,0.2
1,20,1.8,0.9,0.3,7,36.94,0.27,0.13
1,20,1.8,0.9,0.3,11,37.33,1.26,0.22
1,20,1.8,0.9,0.3,15,37.04,1.03,0.2
1,20,1.8,0.9,0.3,19,36.56,-1.96,-0.08
1,20,1.8,0.9,0.6,3,35.88,1.1,0.2
1,20,1.8,0.9,0.6,7,36.94,0.27,0.13
1,20,1.8,0.9,0.6,11,37.33,1.26,0.22
1,20,1.8,0.9,0.6,15,37.04,1.03,0.2
1,20,1.8,0.9,0.6,19,36.56,-1.96,-0.08
1,20,1.8,0.9,0.9,3,35.88,1.1,0.2
1,20,1.8,0.9,0.9,7,36.94,0.27,0.13
1,20,1.8,0.9,0.9,11,37.33,1.26,0.22
1,20,1.8,0.9,0.9,15,37.04,1.03,0.2
1,20,1.8,0.9,0.9,19,36.56,-1.96,-0.08
1,20,1.8,0.9,1.2,3,35.88,1.1,0.2
1,20,1.8,0.9,1.2,7,36.94,0.27,0.13
1,20,1.8,0.9,1.2,11,37.33,1.26,0.22
1,20,1.8,0.9,1.2,15,37.04,1.03,0.2
1,20,1.8,0.9,1.2,19,36.56,-1.96,-0.08
1,20,1.8,0.9,1.5,3,35.88,1.1,0.2
1,20,1.8,0.9,1.5,7,36.94,0.27,0.13
1,20,1.8,0.9,1.5,11,37.33,1.26,0.22
1,20,1.8,0.9,1.5,15,37.04,1.03,0.2
1,20,1.8,0.9,1.5,19,36.56,-1.96,-0.08
1,20,1.8,0.9,1.8,3,35.88,1.1,0.2
1,20,1.8,0.9,1.8,7,36.94,0.27,0.13
1,20,1.8,0.9,1.8,11,37.33,1.26,0.22
1,20,1.8,0.9,1.8,15,37.04,1.03,0.2
1,20,1.8,0.9,1.8,19,36.56,-1.96,-0.08
1,20,1.8,0.9,2.1,3,35.88,1.1,0.2
1,20,1.8,0.9,2.1,7,36.94,0.27,0.13
1,20,1.8,0.9,2.1,11,37.33,1.26,0.22
1,20,1.8,0.9,2.1,15,37.04,1.03,0.2
1,20,1.8,0.9,2.1,19,36.56,-1.96,-0.08
1,20,1.8,1.2,0.0,3,32.69,-3.26,-0.16
1,20,1.8,1.2,0.0,7,32.79,-3.21,-0.17
1,20,1.8,1.2,0.0,11,33.08,-5.72,-0.4
1,20,1.8,1.2,0.0,15,33.27,0.1,0.12
1,20,1.8,1.2,0.0,19,33.37,2.65,0.34
1,20,1.8,1.2,0.3,3,32.69,-2.89,-0.13
1,20,1.8,1.2,0.3,7,32.79,-2.91,-0.14
1,20,1.8,1.2,0.3,11,33.08,-5.46,-0.38
1,20,1.8,1.2,0.3,15,33.27,0.83,0.18
1,20,1.8,1.2,0.3,19,33.37,2.89,0.36
1,20,1.8,1.2,0.6,3,32.69,-2.89,-0.13
1,20,1.8,1.2,0.6,7,32.79,-2.91,-0.14
1,20,1.8,1.2,0.6,11,33.08,-5.46,-0.38
1,20,1.8,1.2,0.6,15,33.27,0.83,0.18
1,20,1.8,1.2,0.6,19,33.37,2.89,0.36
1,20,1.8,1.2,0.9,3,32.69,-2.89,-0.13
1,20,1.8,1.2,0.9,7,32.79,-2.91,-0.14
1,20,1.8,1.2,0.9,11,33.08,-5.46,-0.38
1,20,1.8,1.2,0.9,15,33.27,0.83,0.18
1,20,1.8,1.2,0.9,19,33.37,2.89,0.36
1,20,1.8,1.2,1.2,3,32.69,-2.89,-0.13
1,20,1.8,1.2,1.2,7,32.79,-2.91,-0.14
1,20,1.8,1.2,1.2,11,33.08,-5.46,-0.38
1,20,1.8,1.2,1.2,15,33.27,0.83,0.18
1,20,1.8,1.2,1.2,19,33.37,2.89,0.36
1,20,1.8,1.2,1.5,3,32.69,-2.89,-0.13
1,20,1.8,1.2,1.5,7,32.79,-2.91,-0.14
1,20,1.8,1.2,1.5,11,33.08,-5.46,-0.38
1,20,1.8,1.2,1.5,15,33.27,0.83,0.18
1,20,1.8,1.2,1.5,19,33.37,2.89,0.36
1,20,1.8,1.2,1.8,3,32.69,-2.89,-0.13
1,20,1.8,1.2,1.8,7,32.79,-2.91,-0.14
1,20,1.8,1.2,1.8,11,33.08,-5.46,-0.38
1,20,1.8,1.2,1.8,15,33.27,0.83,0.18
1,20,1.8,1.2,1.8,19,33.37,2.89,0.36
1,20,1.8,1.2,2.1,3,32.69,-2.89,-0.13
1,20,1.8,1.2,2.1,7,32.79,-2.91,-0.14
1,20,1.8,1.2,2.1,11,33.08,-5.46,-0.38
1,20,1.8,1.2,2.1,15,33.27,0.83,0.18
1,20,1.8,1.2,2.1,19,33.37,2.89,0.36
1,20,1.8,1.5,0.0,3,30.27,-0.96,0.04
1,20,1.8,1.5,0.0,7,30.27,-2.61,-0.1
1,20,1.8,1.5,0.0,11,30.66,1.26,0.22
1,20,1.8,1.5,0.0,15,30.46,-1.24,0.01
1,20,1.8,1.5,0.0,19,30.75,-1.39,-0.0
1,20,1.8,1.5,0.3,3,30.27,0.77,0.18
1,20,1.8,1.5,0.3,7,30.27,-1.57,-0.01
1,20,1.8,1.5,0.3,11,30.56,0.67,0.17
1,20,1.8,1.5,0.3,15,30.46,-0.51,0.07
1,20,1.8,1.5,0.3,19,30.75,-0.61,0.06
1,20,1.8,1.5,0.6,3,30.27,0.77,0.18
1,20,1.8,1.5,0.6,7,30.27,-1.57,-0.01
1,20,1.8,1.5,0.6,11,30.56,0.67,0.17
1,20,1.8,1.5,0.6,15,30.46,-0.51,0.07
1,20,1.8,1.5,0.6,19,30.75,-0.61,0.06
1,20,1.8,1.5,0.9,3,30.27,0.77,0.18
1,20,1.8,1.5,0.9,7,30.27,-1.57,-0.01
1,20,1.8,1.5,0.9,11,30.56,0.67,0.17
1,20,1.8,1.5,0.9,15,30.46,-0.51,0.07
1,20,1.8,1.5,0.9,19,30.75,-0.61,0.06
1,20,1.8,1.5,1.2,3,30.27,0.77,0.18
1,20,1.8,1.5,1.2,7,30.27,-1.57,-0.01
1,20,1.8,1.5,1.2,11,30.56,0.67,0.17
1,20,1.8,1.5,1.2,15,30.46,-0.51,0.07
1,20,1.8,1.5,1.2,19,30.75,-0.61,0.06
1,20,1.8,1.5,1.5,3,30.27,0.77,0.18
1,20,1.8,1.5,1.5,7,30.27,-1.57,-0.01
1,20,1.8,1.5,1.5,11,30.56,0.67,0.17
1,20,1.8,1.5,1.5,15,30.46,-0.51,0.07
1,20,1.8,1.5,1.5,19,30.75,-0.61,0.06
1,20,1.8,1.5,1.8,3,30.27,0.77,0.18
1,20,1.8,1.5,1.8,7,30.27,-1.57,-0.01
1,20,1.8,1.5,1.8,11,30.56,0.67,0.17
1,20,1.8,1.5,1.8,15,30.46,-0.51,0.07
1,20,1.8,1.5,1.8,19,30.75,-0.61,0.06
1,20,1.8,1.5,2.1,3,30.27,0.77,0.18
1,20,1.8,1.5,2.1,7,30.27,-1.57,-0.01
1,20,1.8,1.5,2.1,11,30.56,0.67,0.17
1,20,1.8,1.5,2.1,15,30.46,-0.51,0.07
1,20,1.8,1.5,2.1,19,30.75,-0.61,0.06
1,20,1.8,1.8,0.0,3,28.24,-2.55,-0.07
1,20,1.8,1.8,0.0,7,28.63,1.25,0.22
1,20,1.8,1.8,0.0,11,28.53,-2.65,-0.09
1,20,1.8,1.8,0.0,15,28.63,-1.27,0.02
1,20,1.8,1.8,0.0,19,28.72,-3.34,-0.15
1,20,1.8,1.8,0.3,3,28.24,-0.62,0.08
1,20,1.8,1.8,0.3,7,28.63,2.29,0.3
1,20,1.8,1.8,0.3,11,28.43,-3.82,-0.19
1,20,1.8,1.8,0.3,15,28.43,-1.66,-0.01
1,20,1.8,1.8,0.3,19,28.63,-3.31,-0.15
1,20,1.8,1.8,0.6,3,28.24,-0.62,0.08
1,20,1.8,1.8,0.6,7,28.63,2.29,0.3
1,20,1.8,1.8,0.6,11,28.43,-3.82,-0.19
1,20,1.8,1.8,0.6,15,28.43,-1.66,-0.01
1,20,1.8,1.8,0.6,19,28.63,-3.31,-0.15
1,20,1.8,1.8,0.9,3,28.24,-0.62,0.08
1,20,1.8,1.8,0.9,7,28.63,2.29,0.3
1,20,1.8,1.8,0.9,11,28.43,-3.82,-0.19
1,20,1.8,1.8,0.9,15,28.43,-1.66,-0.01
1,20,1.8,1.8,0.9,19,28.63,-3.31,-0.15
1,20,1.8,1.8,1.2,3,28.24,-0.62,0.08
1,20,1.8,1.8,1.2,7,28.63,2.29,0.3
1,20,1.8,1.8,1.2,11,28.43,-3.82,-0.19
1,20,1.8,1.8,1.2,15,28.43,-1.66,-0.01
1,20,1.8,1.8,1.2,19,28.63,-3.31,-0.15
1,20,1.8,1.8,1.5,3,28.24,-0.62,0.08
1,20,1.8,1.8,1.5,7,28.63,2.29,0.3
1,20,1.8,1.8,1.5,11,28.43,-3.82,-0.19
1,20,1.8,1.8,1.5,15,28.43,-1.66,-0.01
1,20,1.8,1.8,1.5,19,28.63,-3.31,-0.15
1,20,1.8,1.8,1.8,3,28.24,-0.62,0.08
1,20,1.8,1.8,1.8,7,28.63,2.29,0.3
1,20,1.8,1.8,1.8,11,28.43,-3.82,-0.19
1,20,1.8,1.8,1.8,15,28.43,-1.66,-0.01
1,20,1.8,1.8,1.8,19,28.63,-3.31,-0.15
1,20,1.8,1.8,2.1,3,28.24,-0.62,0.08
1,20,1.8,1.8,2.1,7,28.63,2.29,0.3
1,20,1.8,1.8,2.1,11,28.43,-3.82,-0.19
1,20,1.8,1.8,2.1,15,28.43,-1.66,-0.01
1,20,1.8,1.8,2.1,19,28.63,-3.31,-0.15
1,20,1.8,2.1,0.0,3,27.27,-1.88,-0.01
1,20,1.8,2.1,0.0,7,27.59,0.16,0.14
1,20,1.8,2.1,0.0,11,27.4,-1.95,-0.03
1,20,1.8,2.1,0.0,15,27.11,-3.28,-0.13
1,20,1.8,2.1,0.0,19,26.91,-2.5,-0.07
1,20,1.8,2.1,0.3,3,27.27,-1.11,0.05
1,20,1.8,2.1,0.3,7,27.78,0.32,0.15
1,20,1.8,2.1,0.3,11,27.3,-3.93,-0.19
1,20,1.8,2.1,0.3,15,27.01,-4.09,-0.2
1,20,1.8,2.1,0.3,19,26.72,-4.11,-0.2
1,20,1.8,2.1,0.6,3,27.27,-1.11,0.05
1,20,1.8,2.1,0.6,7,27.78,0.32,0.15
1,20,1.8,2.1,0.6,11,27.3,-3.93,-0.19
1,20,1.8,2.1,0.6,15,27.01,-4.09,-0.2
1,20,1.8,2.1,0.6,19,26.72,-4.11,-0.2
1,20,1.8,2.1,0.9,3,27.27,-1.11,0.05
1,20,1.8,2.1,0.9,7,27.78,0.32,0.15
1,20,1.8,2.1,0.9,11,27.3,-3.93,-0.19
1,20,1.8,2.1,0.9,15,27.01,-4.09,-0.2
1,20,1.8,2.1,0.9,19,26.72,-4.11,-0.2
1,20,1.8,2.1,1.2,3,27.27,-1.11,0.05
1,20,1.8,2.1,1.2,7,27.78,0.32,0.15
1,20,1.8,2.1,1.2,11,27.3,-3.93,-0.19
1,20,1.8,2.1,1.2,15,27.01,-4.09,-0.2
1,20,1.8,2.1,1.2,19,26.72,-4.11,-0.2
1,20,1.8,2.1,1.5,3,27.27,-1.11,0.05
1,20,1.8,2.1,1.5,7,27.78,0.32,0.15
1,20,1.8,2.1,1.5,11,27.3,-3.93,-0.19
1,20,1.8,2.1,1.5,15,27.01,-4.09,-0.2
1,20,1.8,2.1,1.5,19,26.72,-4.11,-0.2
1,20,1.8,2.1,1.8,3,27.27,-1.11,0.05
1,20,1.8,2.1,1.8,7,27.78,0.32,0.15
1,20,1.8,2.1,1.8,11,27.3,-3.93,-0.19
1,20,1.8,2.1,1.8,15,27.01,-4.09,-0.2
1,20,1.8,2.1,1.8,19,26.72,-4.11,-0.2
1,20,1.8,2.1,2.1,3,27.27,-1.11,0.05
1,20,1.8,2.1,2.1,7,27.78,0.32,0.15
1,20,1.8,2.1,2.1,11,27.3,-3.93,-0.19
1,20,1.8,2.1,2.1,15,27.01,-4.09,-0.2
1,20,1.8,2.1,2.1,19,26.72,-4.11,-0.2
1,20,2.1,0.0,0.0,3,60.06,-2.13,-0.18
1,20,2.1,0.0,0.0,7,60.06,-2.13,-0.18
1,20,2.1,0.0,0.0,11,60.06,-1.21,-0.07
1,20,2.1,0.0,0.0,15,59.96,-3.05,-0.3
1,20,2.1,0.0,0.0,19,59.96,-3.05,-0.3
1,20,2.1,0.0,0.3,3,60.06,-2.13,-0.18
1,20,2.1,0.0,0.3,7,60.06,-2.13,-0.18
1,20,2.1,0.0,0.3,11,60.06,-1.21,-0.07
1,20,2.1,0.0,0.3,15,59.96,-3.05,-0.3
1,20,2.1,0.0,0.3,19,59.96,-3.05,-0.3
1,20,2.1,0.0,0.6,3,60.06,-2.13,-0.18
1,20,2.1,0.0,0.6,7,60.06,-2.13,-0.18
1,20,2.1,0.0,0.6,11,60.06,-1.21,-0.07
1,20,2.1,0.0,0.6,15,59.96,-3.05,-0.3
1,20,2.1,0.0,0.6,19,59.96,-3.05,-0.3
1,20,2.1,0.0,0.9,3,60.06,-2.13,-0.18
1,20,2.1,0.0,0.9,7,60.06,-2.13,-0.18
1,20,2.1,0.0,0.9,11,60.06,-1.21,-0.07
1,20,2.1,0.0,0.9,15,59.96,-3.05,-0.3
1,20,2.1,0.0,0.9,19,59.96,-3.05,-0.3
1,20,2.1,0.0,1.2,3,60.06,-2.13,-0.18
1,20,2.1,0.0,1.2,7,60.06,-2.13,-0.18
1,20,2.1,0.0,1.2,11,60.06,-1.21,-0.07
1,20,2.1,0.0,1.2,15,59.96,-3.05,-0.3
1,20,2.1,0.0,1.2,19,59.96,-3.05,-0.3
1,20,2.1,0.0,1.5,3,60.06,-2.13,-0.18
1,20,2.1,0.0,1.5,7,60.06,-2.13,-0.18
1,20,2.1,0.0,1.5,11,60.06,-1.21,-0.07
1,20,2.1,0.0,1.5,15,59.96,-3.05,-0.3
1,20,2.1,0.0,1.5,19,59.96,-3.05,-0.3
1,20,2.1,0.0,1.8,3,60.06,-2.13,-0.18
1,20,2.1,0.0,1.8,7,60.06,-2.13,-0.18
1,20,2.1,0.0,1.8,11,60.06,-1.21,-0.07
1,20,2.1,0.0,1.8,15,59.96,-3.05,-0.3
1,20,2.1,0.0,1.8,19,59.96,-3.05,-0.3
1,20,2.1,0.0,2.1,3,60.06,-2.13,-0.18
1,20,2.1,0.0,2.1,7,60.06,-2.13,-0.18
1,20,2.1,0.0,2.1,11,60.06,-1.21,-0.07
1,20,2.1,0.0,2.1,15,59.96,-3.05,-0.3
1,20,2.1,0.0,2.1,19,59.96,-3.05,-0.3
1,20,2.1,0.3,0.0,3,48.65,-7.53,-0.74
1,20,2.1,0.3,0.0,7,48.45,-11.12,-1.17
1,20,2.1,0.3,0.0,11,49.03,-10.8,-1.14
1,20,2.1,0.3,0.0,15,49.23,-11.11,-1.2
1,20,2.1,0.3,0.0,19,49.61,-9.29,-0.98
1,20,2.1,0.3,0.3,3,48.65,-7.53,-0.74
1,20,2.1,0.3,0.3,7,48.45,-11.12,-1.17
1,20,2.1,0.3,0.3,11,49.03,-10.8,-1.14
1,20,2.1,0.3,0.3,15,49.23,-11.11,-1.2
1,20,2.1,0.3,0.3,19,49.61,-9.29,-0.98
1,20,2.1,0.3,0.6,3,48.65,-7.53,-0.74
1,20,2.1,0.3,0.6,7,48.45,-11.12,-1.17
1,20,2.1,0.3,0.6,11,49.03,-10.8,-1.14
1,20,2.1,0.3,0.6,15,49.23,-11.11,-1.2
1,20,2.1,0.3,0.6,19,49.61,-9.29,-0.98
1,20,2.1,0.3,0.9,3,48.65,-7.53,-0.74
1,20,2.1,0.3,0.9,7,48.45,-11.12,-1.17
1,20,2.1,0.3,0.9,11,49.03,-10.8,-1.14
1,20,2.1,0.3,0.9,15,49.23,-11.11,-1.2
1,20,2.1,0.3,0.9,19,49.61,-9.29,-0.98
1,20,2.1,0.3,1.2,3,48.65,-7.53,-0.74
1,20,2.1,0.3,1.2,7,48.45,-11.12,-1.17
1,20,2.1,0.3,1.2,11,49.03,-10.8,-1.14
1,20,2.1,0.3,1.2,15,49.23,-11.11,-1.2
1,20,2.1,0.3,1.2,19,49.61,-9.29,-0.98
1,20,2.1,0.3,1.5,3,48.65,-7.53,-0.74
1,20,2.1,0.3,1.5,7,48.45,-11.12,-1.17
1,20,2.1,0.3,1.5,11,49.03,-10.8,-1.14
1,20,2.1,0.3,1.5,15,49.23,-11.11,-1.2
1,20,2.1,0.3,1.5,19,49.61,-9.29,-0.98
1,20,2.1,0.3,1.8,3,48.65,-7.53,-0.74
1,20,2.1,0.3,1.8,7,48.45,-11.12,-1.17
1,20,2.1,0.3,1.8,11,49.03,-10.8,-1.14
1,20,2.1,0.3,1.8,15,49.23,-11.11,-1.2
1,20,2.1,0.3,1.8,19,49.61,-9.29,-0.98
1,20,2.1,0.3,2.1,3,48.65,-7.53,-0.74
1,20,2.1,0.3,2.1,7,48.45,-11.12,-1.17
1,20,2.1,0.3,2.1,11,49.03,-10.8,-1.14
1,20,2.1,0.3,2.1,15,49.23,-11.11,-1.2
1,20,2.1,0.3,2.1,19,49.61,-9.29,-0.98
1,20,2.1,0.6,0.0,3,41.1,-1.99,-0.09
1,20,2.1,0.6,0.0,7,41.3,-4.09,-0.32
1,20,2.1,0.6,0.0,11,41.68,-2.89,-0.2
1,20,2.1,0.6,0.0,15,41.59,-4.72,-0.39
1,20,2.1,0.6,0.0,19,41.59,-5.47,-0.47
1,20,2.1,0.6,0.3,3,41.1,-1.99,-0.09
1,20,2.1,0.6,0.3,7,41.3,-4.09,-0.32
1,20,2.1,0.6,0.3,11,41.68,-2.89,-0.2
1,20,2.1,0.6,0.3,15,41.59,-4.72,-0.39
1,20,2.1,0.6,0.3,19,41.59,-5.47,-0.47
1,20,2.1,0.6,0.6,3,41.1,-1.99,-0.09
1,20,2.1,0.6,0.6,7,41.3,-4.09,-0.32
1,20,2.1,0.6,0.6,11,41.68,-2.89,-0.2
1,20,2.1,0.6,0.6,15,41.59,-4.72,-0.39
1,20,2.1,0.6,0.6,19,41.59,-5.47,-0.47
1,20,2.1,0.6,0.9,3,41.1,-1.99,-0.09
1,20,2.1,0.6,0.9,7,41.3,-4.09,-0.32
1,20,2.1,0.6,0.9,11,41.68,-2.89,-0.2
1,20,2.1,0.6,0.9,15,41.59,-4.72,-0.39
1,20,2.1,0.6,0.9,19,41.59,-5.47,-0.47
1,20,2.1,0.6,1.2,3,41.1,-1.99,-0.09
1,20,2.1,0.6,1.2,7,41.3,-4.09,-0.32
1,20,2.1,0.6,1.2,11,41.68,-2.89,-0.2
1,20,2.1,0.6,1.2,15,41.59,-4.72,-0.39
1,20,2.1,0.6,1.2,19,41.59,-5.47,-0.47
1,20,2.1,0.6,1.5,3,41.1,-1.99,-0.09
1,20,2.1,0.6,1.5,7,41.3,-4.09,-0.32
1,20,2.1,0.6,1.5,11,41.68,-2.89,-0.2
1,20,2.1,0.6,1.5,15,41.59,-4.72,-0.39
1,20,2.1,0.6,1.5,19,41.59,-5.47,-0.47
1,20,2.1,0.6,1.8,3,41.1,-1.99,-0.09
1,20,2.1,0.6,1.8,7,41.3,-4.09,-0.32
1,20,2.1,0.6,1.8,11,41.68,-2.89,-0.2
1,20,2.1,0.6,1.8,15,41.59,-4.72,-0.39
1,20,2.1,0.6,1.8,19,41.59,-5.47,-0.47
1,20,2.1,0.6,2.1,3,41.1,-1.99,-0.09
1,20,2.1,0.6,2.1,7,41.3,-4.09,-0.32
1,20,2.1,0.6,2.1,11,41.68,-2.89,-0.2
1,20,2.1,0.6,2.1,15,41.59,-4.72,-0.39
1,20,2.1,0.6,2.1,19,41.59,-5.47,-0.47
1,20,2.1,0.9,0.0,3,35.88,1.08,0.2
1,20,2.1,0.9,0.0,7,36.94,-0.03,0.1
1,20,2.1,0.9,0.0,11,37.43,3.19,0.39
1,20,2.1,0.9,0.0,15,37.04,0.92,0.19
1,20,2.1,0.9,0.0,19,36.56,-1.69,-0.05
1,20,2.1,0.9,0.3,3,35.88,1.08,0.2
1,20,2.1,0.9,0.3,7,36.94,-0.03,0.1
1,20,2.1,0.9,0.3,11,37.43,3.19,0.39
1,20,2.1,0.9,0.3,15,37.04,0.92,0.19
1,20,2.1,0.9,0.3,19,36.56,-1.69,-0.05
1,20,2.1,0.9,0.6,3,35.88,1.08,0.2
1,20,2.1,0.9,0.6,7,36.94,-0.03,0.1
1,20,2.1,0.9,0.6,11,37.43,3.19,0.39
1,20,2.1,0.9,0.6,15,37.04,0.92,0.19
1,20,2.1,0.9,0.6,19,36.56,-1.69,-0.05
1,20,2.1,0.9,0.9,3,35.88,1.08,0.2
1,20,2.1,0.9,0.9,7,36.94,-0.03,0.1
1,20,2.1,0.9,0.9,11,37.43,3.19,0.39
1,20,2.1,0.9,0.9,15,37.04,0.92,0.19
1,20,2.1,0.9,0.9,19,36.56,-1.69,-0.05
1,20,2.1,0.9,1.2,3,35.88,1.08,0.2
1,20,2.1,0.9,1.2,7,36.94,-0.03,0.1
1,20,2.1,0.9,1.2,11,37.43,3.19,0.39
1,20,2.1,0.9,1.2,15,37.04,0.92,0.19
1,20,2.1,0.9,1.2,19,36.56,-1.69,-0.05
1,20,2.1,0.9,1.5,3,35.88,1.08,0.2
1,20,2.1,0.9,1.5,7,36.94,-0.03,0.1
1,20,2.1,0.9,1.5,11,37.43,3.19,0.39
1,20,2.1,0.9,1.5,15,37.04,0.92,0.19
1,20,2.1,0.9,1.5,19,36.56,-1.69,-0.05
1,20,2.1,0.9,1.8,3,35.88,1.08,0.2
1,20,2.1,0.9,1.8,7,36.94,-0.03,0.1
1,20,2.1,0.9,1.8,11,37.43,3.19,0.39
1,20,2.1,0.9,1.8,15,37.04,0.92,0.19
1,20,2.1,0.9,1.8,19,36.56,-1.69,-0.05
1,20,2.1,0.9,2.1,3,35.88,1.08,0.2
1,20,2.1,0.9,2.1,7,36.94,-0.03,0.1
1,20,2.1,0.9,2.1,11,37.43,3.19,0.39
1,20,2.1,0.9,2.1,15,37.04,0.92,0.19
1,20,2.1,0.9,2.1,19,36.56,-1.69,-0.05
1,20,2.1,1.2,0.0,3,32.69,-3.26,-0.16
1,20,2.1,1.2,0.0,7,32.79,-3.5,-0.2
1,20,2.1,1.2,0.0,11,33.17,-3.92,-0.24
1,20,2.1,1.2,0.0,15,33.27,-0.02,0.11
1,20,2.1,1.2,0.0,19,33.37,2.94,0.36
1,20,2.1,1.2,0.3,3,32.69,-3.26,-0.16
1,20,2.1,1.2,0.3,7,32.79,-3.5,-0.2
1,20,2.1,1.2,0.3,11,33.17,-3.92,-0.24
1,20,2.1,1.2,0.3,15,33.27,-0.02,0.11
1,20,2.1,1.2,0.3,19,33.37,2.94,0.36
1,20,2.1,1.2,0.6,3,32.69,-3.26,-0.16
1,20,2.1,1.2,0.6,7,32.79,-3.5,-0.2
1,20,2.1,1.2,0.6,11,33.17,-3.92,-0.24
1,20,2.1,1.2,0.6,15,33.27,-0.02,0.11
1,20,2.1,1.2,0.6,19,33.37,2.94,0.36
1,20,2.1,1.2,0.9,3,32.69,-3.26,-0.16
1,20,2.1,1.2,0.9,7,32.79,-3.5,-0.2
1,20,2.1,1.2,0.9,11,33.17,-3.92,-0.24
1,20,2.1,1.2,0.9,15,33.27,-0.02,0.11
1,20,2.1,1.2,0.9,19,33.37,2.94,0.36
1,20,2.1,1.2,1.2,3,32.69,-3.26,-0.16
1,20,2.1,1.2,1.2,7,32.79,-3.5,-0.2
1,20,2.1,1.2,1.2,11,33.17,-3.92,-0.24
1,20,2.1,1.2,1.2,15,33.27,-0.02,0.11
1,20,2.1,1.2,1.2,19,33.37,2.94,0.36
1,20,2.1,1.2,1.5,3,32.69,-3.26,-0.16
1,20,2.1,1.2,1.5,7,32.79,-3.5,-0.2
1,20,2.1,1.2,1.5,11,33.17,-3.92,-0.24
1,20,2.1,1.2,1.5,15,33.27,-0.02,0.11
1,20,2.1,1.2,1.5,19,33.37,2.94,0.36
1,20,2.1,1.2,1.8,3,32.69,-3.26,-0.16
1,20,2.1,1.2,1.8,7,32.79,-3.5,-0.2
1,20,2.1,1.2,1.8,11,33.17,-3.92,-0.24
1,20,2.1,1.2,1.8,15,33.27,-0.02,0.11
1,20,2.1,1.2,1.8,19,33.37,2.94,0.36
1,20,2.1,1.2,2.1,3,32.69,-3.26,-0.16
1,20,2.1,1.2,2.1,7,32.79,-3.5,-0.2
1,20,2.1,1.2,2.1,11,33.17,-3.92,-0.24
1,20,2.1,1.2,2.1,15,33.27,-0.02,0.11
1,20,2.1,1.2,2.1,19,33.37,2.94,0.36
1,20,2.1,1.5,0.0,3,30.27,-0.96,0.04
1,20,2.1,1.5,0.0,7,30.27,-2.9,-0.12
1,20,2.1,1.5,0.0,11,30.75,3.19,0.37
1,20,2.1,1.5,0.0,15,30.46,-1.35,0.0
1,20,2.1,1.5,0.0,19,30.75,-1.12,0.02
1,20,2.1,1.5,0.3,3,30.27,-0.96,0.04
1,20,2.1,1.5,0.3,7,30.27,-2.9,-0.12
1,20,2.1,1.5,0.3,11,30.75,3.42,0.39
1,20,2.1,1.5,0.3,15,30.46,-1.35,0.0
1,20,2.1,1.5,0.3,19,30.75,-0.67,0.06
1,20,2.1,1.5,0.6,3,30.27,-0.96,0.04
1,20,2.1,1.5,0.6,7,30.27,-2.9,-0.12
1,20,2.1,1.5,0.6,11,30.75,3.42,0.39
1,20,2.1,1.5,0.6,15,30.46,-1.35,0.0
1,20,2.1,1.5,0.6,19,30.75,-0.67,0.06
1,20,2.1,1.5,0.9,3,30.27,-0.96,0.04
1,20,2.1,1.5,0.9,7,30.27,-2.9,-0.12
1,20,2.1,1.5,0.9,11,30.75,3.42,0.39
1,20,2.1,1.5,0.9,15,30.46,-1.35,0.0
1,20,2.1,1.5,0.9,19,30.75,-0.67,0.06
1,20,2.1,1.5,1.2,3,30.27,-0.96,0.04
1,20,2.1,1.5,1.2,7,30.27,-2.9,-0.12
1,20,2.1,1.5,1.2,11,30.75,3.42,0.39
1,20,2.1,1.5,1.2,15,30.46,-1.35,0.0
1,20,2.1,1.5,1.2,19,30.75,-0.67,0.06
1,20,2.1,1.5,1.5,3,30.27,-0.96,0.04
1,20,2.1,1.5,1.5,7,30.27,-2.9,-0.12
1,20,2.1,1.5,1.5,11,30.75,3.42,0.39
1,20,2.1,1.5,1.5,15,30.46,-1.35,0.0
1,20,2.1,1.5,1.5,19,30.75,-0.67,0.06
1,20,2.1,1.5,1.8,3,30.27,-0.96,0.04
1,20,2.1,1.5,1.8,7,30.27,-2.9,-0.12
1,20,2.1,1.5,1.8,11,30.75,3.42,0.39
1,20,2.1,1.5,1.8,15,30.46,-1.35,0.0
1,20,2.1,1.5,1.8,19,30.75,-0.67,0.06
1,20,2.1,1.5,2.1,3,30.27,-0.96,0.04
1,20,2.1,1.5,2.1,7,30.27,-2.9,-0.12
1,20,2.1,1.5,2.1,11,30.75,3.42,0.39
1,20,2.1,1.5,2.1,15,30.46,-1.35,0.0
1,20,2.1,1.5,2.1,19,30.75,-0.67,0.06
1,20,2.1,1.8,0.0,3,28.24,-2.55,-0.07
1,20,2.1,1.8,0.0,7,28.63,0.95,0.2
1,20,2.1,1.8,0.0,11,28.63,-0.73,0.06
1,20,2.1,1.8,0.0,15,28.63,-1.38,0.01
1,20,2.1,1.8,0.0,19,28.72,-3.07,-0.13
1,20,2.1,1.8,0.3,3,28.24,-2.55,-0.07
1,20,2.1,1.8,0.3,7,28.63,0.9,0.19
1,20,2.1,1.8,0.3,11,28.63,-0.93,0.05
1,20,2.1,1.8,0.3,15,28.63,-1.58,-0.01
1,20,2.1,1.8,0.3,19,28.63,-3.82,-0.19
1,20,2.1,1.8,0.6,3,28.24,-2.55,-0.07
1,20,2.1,1.8,0.6,7,28.63,0.9,0.19
1,20,2.1,1.8,0.6,11,28.63,-0.93,0.05
1,20,2.1,1.8,0.6,15,28.63,-1.58,-0.01
1,20,2.1,1.8,0.6,19,28.63,-3.82,-0.19
1,20,2.1,1.8,0.9,3,28.24,-2.55,-0.07
1,20,2.1,1.8,0.9,7,28.63,0.9,0.19
1,20,2.1,1.8,0.9,11,28.63,-0.93,0.05
1,20,2.1,1.8,0.9,15,28.63,-1.58,-0.01
1,20,2.1,1.8,0.9,19,28.63,-3.82,-0.19
1,20,2.1,1.8,1.2,3,28.24,-2.55,-0.07
1,20,2.1,1.8,1.2,7,28.63,0.9,0.19
1,20,2.1,1.8,1.2,11,28.63,-0.93,0.05
1,20,2.1,1.8,1.2,15,28.63,-1.58,-0.01
1,20,2.1,1.8,1.2,19,28.63,-3.82,-0.19
1,20,2.1,1.8,1.5,3,28.24,-2.55,-0.07
1,20,2.1,1.8,1.5,7,28.63,0.9,0.19
1,20,2.1,1.8,1.5,11,28.63,-0.93,0.05
1,20,2.1,1.8,1.5,15,28.63,-1.58,-0.01
1,20,2.1,1.8,1.5,19,28.63,-3.82,-0.19
1,20,2.1,1.8,1.8,3,28.24,-2.55,-0.07
1,20,2.1,1.8,1.8,7,28.63,0.9,0.19
1,20,2.1,1.8,1.8,11,28.63,-0.93,0.05
1,20,2.1,1.8,1.8,15,28.63,-1.58,-0.01
1,20,2.1,1.8,1.8,19,28.63,-3.82,-0.19
1,20,2.1,1.8,2.1,3,28.24,-2.55,-0.07
1,20,2.1,1.8,2.1,7,28.63,0.9,0.19
1,20,2.1,1.8,2.1,11,28.63,-0.93,0.05
1,20,2.1,1.8,2.1,15,28.63,-1.58,-0.01
1,20,2.1,1.8,2.1,19,28.63,-3.82,-0.19
1,20,2.1,2.1,0.0,3,27.27,-1.88,-0.01
1,20,2.1,2.1,0.0,7,27.59,-0.15,0.11
1,20,2.1,2.1,0.0,11,27.49,-0.61,0.08
1,20,2.1,2.1,0.0,15,27.11,-3.39,-0.14
1,20,2.1,2.1,0.0,19,26.91,-2.23,-0.05
1,20,2.1,2.1,0.3,3,27.27,-1.88,-0.01
1,20,2.1,2.1,0.3,7,27.59,-0.13,0.12
1,20,2.1,2.1,0.3,11,27.49,-0.6,0.08
1,20,2.1,2.1,0.3,15,27.11,-3.6,-0.16
1,20,2.1,2.1,0.3,19,26.82,-3.17,-0.12
1,20,2.1,2.1,0.6,3,27.27,-1.88,-0.01
1,20,2.1,2.1,0.6,7,27.59,-0.13,0.12
1,20,2.1,2.1,0.6,11,27.49,-0.6,0.08
1,20,2.1,2.1,0.6,15,27.11,-3.6,-0.16
1,20,2.1,2.1,0.6,19,26.82,-3.17,-0.12
1,20,2.1,2.1,0.9,3,27.27,-1.88,-0.01
1,20,2.1,2.1,0.9,7,27.59,-0.13,0.12
1,20,2.1,2.1,0.9,11,27.49,-0.6,0.08
1,20,2.1,2.1,0.9,15,27.11,-3.6,-0.16
1,20,2.1,2.1,0.9,19,26.82,-3.17,-0.12
1,20,2.1,2.1,1.2,3,27.27,-1.88,-0.01
1,20,2.1,2.1,1.2,7,27.59,-0.13,0.12
1,20,2.1,2.1,1.2,11,27.49,-0.6,0.08
1,20,2.1,2.1,1.2,15,27.11,-3.6,-0.16
1,20,2.1,2.1,1.2,19,26.82,-3.17,-0.12
1,20,2.1,2.1,1.5,3,27.27,-1.88,-0.01
1,20,2.1,2.1,1.5,7,27.59,-0.13,0.12
1,20,2.1,2.1,1.5,11,27.49,-0.6,0.08
1,20,2.1,2.1,1.5,15,27.11,-3.6,-0.16
1,20,2.1,2.1,1.5,19,26.82,-3.17,-0.12
1,20,2.1,2.1,1.8,3,27.27,-1.88,-0.01
1,20,2.1,2.1,1.8,7,27.59,-0.13,0.12
1,20,2.1,2.1,1.8,11,27.49,-0.6,0.08
1,20,2.1,2.1,1.8,15,27.11,-3.6,-0.16
1,20,2.1,2.1,1.8,19,26.82,-3.17,-0.12
1,20,2.1,2.1,2.1,3,27.27,-1.88,-0.01
1,20,2.1,2.1,2.1,7,27.59,-0.13,0.12
1,20,2.1,2.1,2.1,11,27.49,-0.6,0.08
1,20,2.1,2.1,2.1,15,27.11,-3.6,-0.16
1,20,2.1,2.1,2.1,19,26.82,-3.17,-0.12
1,23,0.0,0.0,0.0,3,45.53,1.12,0.24
1,23,0.0,0.0,0.0,7,45.53,1.12,0.24
1,23,0.0,0.0,0.0,11,45.53,1.12,0.24
1,23,0.0,0.0,0.0,15,45.53,1.12,0.24
1,23,0.0,0.0,0.0,19,45.53,1.12,0.24
1,23,0.0,0.0,0.3,3,45.53,1.12,0.24
1,23,0.0,0.0,0.3,7,45.53,1.12,0.24
1,23,0.0,0.0,0.3,11,45.53,1.12,0.24
1,23,0.0,0.0,0.3,15,45.53,1.12,0.24
1,23,0.0,0.0,0.3,19,45.53,1.12,0.24
1,23,0.0,0.0,0.6,3,45.53,1.12,0.24
1,23,0.0,0.0,0.6,7,45.53,1.12,0.24
1,23,0.0,0.0,0.6,11,45.53,1.12,0.24
1,23,0.0,0.0,0.6,15,45.53,1.12,0.24
1,23,0.0,0.0,0.6,19,45.53,1.12,0.24
1,23,0.0,0.0,0.9,3,45.53,1.12,0.24
1,23,0.0,0.0,0.9,7,45.53,1.12,0.24
1,23,0.0,0.0,0.9,11,45.53,1.12,0.24
1,23,0.0,0.0,0.9,15,45.53,1.12,0.24
1,23,0.0,0.0,0.9,19,45.53,1.12,0.24
1,23,0.0,0.0,1.2,3,45.53,1.12,0.24
1,23,0.0,0.0,1.2,7,45.53,1.12,0.24
1,23,0.0,0.0,1.2,11,45.53,1.12,0.24
1,23,0.0,0.0,1.2,15,45.53,1.12,0.24
1,23,0.0,0.0,1.2,19,45.53,1.12,0.24
1,23,0.0,0.0,1.5,3,45.53,1.12,0.24
1,23,0.0,0.0,1.5,7,45.53,1.12,0.24
1,23,0.0,0.0,1.5,11,45.53,1.12,0.24
1,23,0.0,0.0,1.5,15,45.53,1.12,0.24
1,23,0.0,0.0,1.5,19,45.53,1.12,0.24
1,23,0.0,0.0,1.8,3,45.53,1.12,0.24
1,23,0.0,0.0,1.8,7,45.53,1.12,0.24
1,23,0.0,0.0,1.8,11,45.53,1.12,0.24
1,23,0.0,0.0,1.8,15,45.53,1.12,0.24
1,23,0.0,0.0,1.8,19,45.53,1.12,0.24
1,23,0.0,0.0,2.1,3,45.53,1.12,0.24
1,23,0.0,0.0,2.1,7,45.53,1.12,0.24
1,23,0.0,0.0,2.1,11,45.53,1.12,0.24
1,23,0.0,0.0,2.1,15,45.53,1.12,0.24
1,23,0.0,0.0,2.1,19,45.53,1.12,0.24
1,23,0.0,0.3,0.0,3,35.12,-5.48,-0.75
1,23,0.0,0.3,0.0,7,35.33,-6.86,-0.98
1,23,0.0,0.3,0.0,11,35.44,-6.41,-0.91
1,23,0.0,0.3,0.0,15,35.12,-6.89,-0.99
1,23,0.0,0.3,0.0,19,35.54,-5.96,-0.84
1,23,0.0,0.3,0.3,3,36.49,-4.02,-0.53
1,23,0.0,0.3,0.3,7,36.49,-5.28,-0.74
1,23,0.0,0.3,0.3,11,36.49,-5.06,-0.71
1,23,0.0,0.3,0.3,15,36.28,-5.41,-0.76
1,23,0.0,0.3,0.3,19,36.59,-4.92,-0.69
1,23,0.0,0.3,0.6,3,36.49,-4.02,-0.53
1,23,0.0,0.3,0.6,7,36.49,-5.28,-0.74
1,23,0.0,0.3,0.6,11,36.49,-5.06,-0.71
1,23,0.0,0.3,0.6,15,36.28,-5.41,-0.76
1,23,0.0,0.3,0.6,19,36.59,-4.92,-0.69
1,23,0.0,0.3,0.9,3,36.49,-4.02,-0.53
1,23,0.0,0.3,0.9,7,36.49,-5.28,-0.74
1,23,0.0,0.3,0.9,11,36.49,-5.06,-0.71
1,23,0.0,0.3,0.9,15,36.28,-5.41,-0.76
1,23,0.0,0.3,0.9,19,36.59,-4.92,-0.69
1,23,0.0,0.3,1.2,3,36.49,-4.02,-0.53
1,23,0.0,0.3,1.2,7,36.49,-5.28,-0.74
1,23,0.0,0.3,1.2,11,36.49,-5.06,-0.71
1,23,0.0,0.3,1.2,15,36.28,-5.41,-0.76
1,23,0.0,0.3,1.2,19,36.59,-4.92,-0.69
1,23,0.0,0.3,1.5,3,36.49,-4.02,-0.53
1,23,0.0,0.3,1.5,7,36.49,-5.28,-0.74
1,23,0.0,0.3,1.5,11,36.49,-5.06,-0.71
1,23,0.0,0.3,1.5,15,36.28,-5.41,-0.76
1,23,0.0,0.3,1.5,19,36.59,-4.92,-0.69
1,23,0.0,0.3,1.8,3,36.49,-4.02,-0.53
1,23,0.0,0.3,1.8,7,36.49,-5.28,-0.74
1,23,0.0,0.3,1.8,11,36.49,-5.06,-0.71
1,23,0.0,0.3,1.8,15,36.28,-5.41,-0.76
1,23,0.0,0.3,1.8,19,36.59,-4.92,-0.69
1,23,0.0,0.3,2.1,3,36.49,-4.02,-0.53
1,23,0.0,0.3,2.1,7,36.49,-5.28,-0.74
1,23,0.0,0.3,2.1,11,36.49,-5.06,-0.71
1,23,0.0,0.3,2.1,15,36.28,-5.41,-0.76
1,23,0.0,0.3,2.1,19,36.59,-4.92,-0.69
1,23,0.0,0.6,0.0,3,27.87,-3.75,-0.43
1,23,0.0,0.6,0.0,7,28.29,-6.35,-0.82
1,23,0.0,0.6,0.0,11,28.81,-4.68,-0.58
1,23,0.0,0.6,0.0,15,28.71,-5.46,-0.7
1,23,0.0,0.6,0.0,19,28.71,-5.21,-0.66
1,23,0.0,0.6,0.3,3,33.02,-1.78,-0.17
1,23,0.0,0.6,0.3,7,33.44,-3.21,-0.39
1,23,0.0,0.6,0.3,11,33.33,-3.36,-0.41
1,23,0.0,0.6,0.3,15,33.33,-3.52,-0.44
1,23,0.0,0.6,0.3,19,33.33,-3.65,-0.45
1,23,0.0,0.6,0.6,3,33.02,-1.78,-0.17
1,23,0.0,0.6,0.6,7,33.44,-3.21,-0.39
1,23,0.0,0.6,0.6,11,33.33,-3.36,-0.41
1,23,0.0,0.6,0.6,15,33.33,-3.52,-0.44
1,23,0.0,0.6,0.6,19,33.33,-3.65,-0.45
1,23,0.0,0.6,0.9,3,33.02,-1.78,-0.17
1,23,0.0,0.6,0.9,7,33.44,-3.21,-0.39
1,23,0.0,0.6,0.9,11,33.33,-3.36,-0.41
1,23,0.0,0.6,0.9,15,33.33,-3.52,-0.44
1,23,0.0,0.6,0.9,19,33.33,-3.65,-0.45
1,23,0.0,0.6,1.2,3,33.02,-1.78,-0.17
1,23,0.0,0.6,1.2,7,33.44,-3.21,-0.39
1,23,0.0,0.6,1.2,11,33.33,-3.36,-0.41
1,23,0.0,0.6,1.2,15,33.33,-3.52,-0.44
1,23,0.0,0.6,1.2,19,33.33,-3.65,-0.45
1,23,0.0,0.6,1.5,3,33.02,-1.78,-0.17
1,23,0.0,0.6,1.5,7,33.44,-3.21,-0.39
1,23,0.0,0.6,1.5,11,33.33,-3.36,-0.41
1,23,0.0,0.6,1.5,15,33.33,-3.52,-0.44
1,23,0.0,0.6,1.5,19,33.33,-3.65,-0.45
1,23,0.0,0.6,1.8,3,33.02,-1.78,-0.17
1,23,0.0,0.6,1.8,7,33.44,-3.21,-0.39
1,23,0.0,0.6,1.8,11,33.33,-3.36,-0.41
1,23,0.0,0.6,1.8,15,33.33,-3.52,-0.44
1,23,0.0,0.6,1.8,19,33.33,-3.65,-0.45
1,23,0.0,0.6,2.1,3,33.02,-1.78,-0.17
1,23,0.0,0.6,2.1,7,33.44,-3.21,-0.39
1,23,0.0,0.6,2.1,11,33.33,-3.36,-0.41
1,23,0.0,0.6,2.1,15,33.33,-3.52,-0.44
1,23,0.0,0.6,2.1,19,33.33,-3.65,-0.45
1,23,0.0,0.9,0.0,3,23.24,-7.44,-0.86
1,23,0.0,0.9,0.0,7,24.08,-6.44,-0.76
1,23,0.0,0.9,0.0,11,24.4,-5.79,-0.68
1,23,0.0,0.9,0.0,15,23.97,-6.43,-0.75
1,23,0.0,0.9,0.0,19,23.97,-6.48,-0.76
1,23,0.0,0.9,0.3,3,31.97,-2.54,-0.27
1,23,0.0,0.9,0.3,7,31.86,-2.57,-0.28
1,23,0.0,0.9,0.3,11,31.76,-2.34,-0.25
1,23,0.0,0.9,0.3,15,31.76,-0.84,-0.04
1,23,0.0,0.9,0.3,19,31.65,-1.04,-0.07
1,23,0.0,0.9,0.6,3,31.97,-2.54,-0.27
1,23,0.0,0.9,0.6,7,31.86,-2.57,-0.28
1,23,0.0,0.9,0.6,11,31.76,-2.34,-0.25
1,23,0.0,0.9,0.6,15,31.76,-0.84,-0.04
1,23,0.0,0.9,0.6,19,31.65,-1.04,-0.07
1,23,0.0,0.9,0.9,3,31.97,-2.54,-0.27
1,23,0.0,0.9,0.9,7,31.86,-2.57,-0.28
1,23,0.0,0.9,0.9,11,31.76,-2.34,-0.25
1,23,0.0,0.9,0.9,15,31.76,-0.84,-0.04
1,23,0.0,0.9,0.9,19,31.65,-1.04,-0.07
1,23,0.0,0.9,1.2,3,31.97,-2.54,-0.27
1,23,0.0,0.9,1.2,7,31.86,-2.57,-0.28
1,23,0.0,0.9,1.2,11,31.76,-2.34,-0.25
1,23,0.0,0.9,1.2,15,31.76,-0.84,-0.04
1,23,0.0,0.9,1.2,19,31.65,-1.04,-0.07
1,23,0.0,0.9,1.5,3,31.97,-2.54,-0.27
1,23,0.0,0.9,1.5,7,31.86,-2.57,-0.28
1,23,0.0,0.9,1.5,11,31.76,-2.34,-0.25
1,23,0.0,0.9,1.5,15,31.76,-0.84,-0.04
1,23,0.0,0.9,1.5,19,31.65,-1.04,-0.07
1,23,0.0,0.9,1.8,3,31.97,-2.54,-0.27
1,23,0.0,0.9,1.8,7,31.86,-2.57,-0.28
1,23,0.0,0.9,1.8,11,31.76,-2.34,-0.25
1,23,0.0,0.9,1.8,15,31.76,-0.84,-0.04
1,23,0.0,0.9,1.8,19,31.65,-1.04,-0.07
1,23,0.0,0.9,2.1,3,31.97,-2.54,-0.27
1,23,0.0,0.9,2.1,7,31.86,-2.57,-0.28
1,23,0.0,0.9,2.1,11,31.76,-2.34,-0.25
1,23,0.0,0.9,2.1,15,31.76,-0.84,-0.04
1,23,0.0,0.9,2.1,19,31.65,-1.04,-0.07
1,23,0.0,1.2,0.0,3,21.35,-7.06,-0.77
1,23,0.0,1.2,0.0,7,21.45,-6.44,-0.71
1,23,0.0,1.2,0.0,11,21.77,-6.24,-0.69
1,23,0.0,1.2,0.0,15,22.08,-4.09,-0.42
1,23,0.0,1.2,0.0,19,22.08,-2.48,-0.23
1,23,0.0,1.2,0.3,3,31.44,-2.84,-0.3
1,23,0.0,1.2,0.3,7,31.44,-0.13,0.06
1,23,0.0,1.2,0.3,11,31.44,-0.44,0.01
1,23,0.0,1.2,0.3,15,31.44,-0.64,-0.01
1,23,0.0,1.2,0.3,19,31.44,0.08,0.08
1,23,0.0,1.2,0.6,3,31.44,-2.84,-0.3
1,23,0.0,1.2,0.6,7,31.44,-0.13,0.06
1,23,0.0,1.2,0.6,11,31.44,-0.44,0.01
1,23,0.0,1.2,0.6,15,31.44,-0.64,-0.01
1,23,0.0,1.2,0.6,19,31.44,0.08,0.08
1,23,0.0,1.2,0.9,3,31.44,-2.84,-0.3
1,23,0.0,1.2,0.9,7,31.44,-0.13,0.06
1,23,0.0,1.2,0.9,11,31.44,-0.44,0.01
1,23,0.0,1.2,0.9,15,31.44,-0.64,-0.01
1,23,0.0,1.2,0.9,19,31.44,0.08,0.08
1,23,0.0,1.2,1.2,3,31.44,-2.84,-0.3
1,23,0.0,1.2,1.2,7,31.44,-0.13,0.06
1,23,0.0,1.2,1.2,11,31.44,-0.44,0.01
1,23,0.0,1.2,1.2,15,31.44,-0.64,-0.01
1,23,0.0,1.2,1.2,19,31.44,0.08,0.08
1,23,0.0,1.2,1.5,3,31.44,-2.84,-0.3
1,23,0.0,1.2,1.5,7,31.44,-0.13,0.06
1,23,0.0,1.2,1.5,11,31.44,-0.44,0.01
1,23,0.0,1.2,1.5,15,31.44,-0.64,-0.01
1,23,0.0,1.2,1.5,19,31.44,0.08,0.08
1,23,0.0,1.2,1.8,3,31.44,-2.84,-0.3
1,23,0.0,1.2,1.8,7,31.44,-0.13,0.06
1,23,0.0,1.2,1.8,11,31.44,-0.44,0.01
1,23,0.0,1.2,1.8,15,31.44,-0.64,-0.01
1,23,0.0,1.2,1.8,19,31.44,0.08,0.08
1,23,0.0,1.2,2.1,3,31.44,-2.84,-0.3
1,23,0.0,1.2,2.1,7,31.44,-0.13,0.06
1,23,0.0,1.2,2.1,11,31.44,-0.44,0.01
1,23,0.0,1.2,2.1,15,31.44,-0.64,-0.01
1,23,0.0,1.2,2.1,19,31.44,0.08,0.08
1,23,0.0,1.5,0.0,3,19.66,-5.55,-0.55
1,23,0.0,1.5,0.0,7,19.56,-6.3,-0.66
1,23,0.0,1.5,0.0,11,19.87,-4.95,-0.5
1,23,0.0,1.5,0.0,15,19.98,-4.23,-0.42
1,23,0.0,1.5,0.0,19,20.08,-4.56,-0.46
1,23,0.0,1.5,0.3,3,31.23,-1.53,-0.12
1,23,0.0,1.5,0.3,7,31.13,-2.59,-0.26
1,23,0.0,1.5,0.3,11,31.13,-0.39,0.02
1,23,0.0,1.5,0.3,15,31.23,0.09,0.08
1,23,0.0,1.5,0.3,19,31.34,0.67,0.16
1,23,0.0,1.5,0.6,3,31.23,-1.53,-0.12
1,23,0.0,1.5,0.6,7,31.13,-2.59,-0.26
1,23,0.0,1.5,0.6,11,31.13,-0.39,0.02
1,23,0.0,1.5,0.6,15,31.23,0.09,0.08
1,23,0.0,1.5,0.6,19,31.34,0.67,0.16
1,23,0.0,1.5,0.9,3,31.23,-1.53,-0.12
1,23,0.0,1.5,0.9,7,31.13,-2.59,-0.26
1,23,0.0,1.5,0.9,11,31.13,-0.39,0.02
1,23,0.0,1.5,0.9,15,31.23,0.09,0.08
1,23,0.0,1.5,0.9,19,31.34,0.67,0.16
1,23,0.0,1.5,1.2,3,31.23,-1.53,-0.12
1,23,0.0,1.5,1.2,7,31.13,-2.59,-0.26
1,23,0.0,1.5,1.2,11,31.13,-0.39,0.02
1,23,0.0,1.5,1.2,15,31.23,0.09,0.08
1,23,0.0,1.5,1.2,19,31.34,0.67,0.16
1,23,0.0,1.5,1.5,3,31.23,-1.53,-0.12
1,23,0.0,1.5,1.5,7,31.13,-2.59,-0.26
1,23,0.0,1.5,1.5,11,31.13,-0.39,0.02
1,23,0.0,1.5,1.5,15,31.23,0.09,0.08
1,23,0.0,1.5,1.5,19,31.34,0.67,0.16
1,23,0.0,1.5,1.8,3,31.23,-1.53,-0.12
1,23,0.0,1.5,1.8,7,31.13,-2.59,-0.26
1,23,0.0,1.5,1.8,11,31.13,-0.39,0.02
1,23,0.0,1.5,1.8,15,31.23,0.09,0.08
1,23,0.0,1.5,1.8,19,31.34,0.67,0.16
1,23,0.0,1.5,2.1,3,31.23,-1.53,-0.12
1,23,0.0,1.5,2.1,7,31.13,-2.59,-0.26
1,23,0.0,1.5,2.1,11,31.13,-0.39,0.02
1,23,0.0,1.5,2.1,15,31.23,0.09,0.08
1,23,0.0,1.5,2.1,19,31.34,0.67,0.16
1,23,0.0,1.8,0.0,3,18.3,-2.95,-0.23
1,23,0.0,1.8,0.0,7,18.61,-1.52,-0.08
1,23,0.0,1.8,0.0,11,18.72,-3.16,-0.27
1,23,0.0,1.8,0.0,15,18.72,-2.26,-0.17
1,23,0.0,1.8,0.0,19,18.82,-3.79,-0.35
1,23,0.0,1.8,0.3,3,31.23,-1.66,-0.14
1,23,0.0,1.8,0.3,7,31.13,-2.03,-0.19
1,23,0.0,1.8,0.3,11,31.13,-1.33,-0.1
1,23,0.0,1.8,0.3,15,31.13,-0.1,0.06
1,23,0.0,1.8,0.3,19,31.02,-0.81,-0.03
1,23,0.0,1.8,0.6,3,31.23,-1.66,-0.14
1,23,0.0,1.8,0.6,7,31.13,-2.03,-0.19
1,23,0.0,1.8,0.6,11,31.13,-1.33,-0.1
1,23,0.0,1.8,0.6,15,31.13,-0.1,0.06
1,23,0.0,1.8,0.6,19,31.02,-0.81,-0.03
1,23,0.0,1.8,0.9,3,31.23,-1.66,-0.14
1,23,0.0,1.8,0.9,7,31.13,-2.03,-0.19
1,23,0.0,1.8,0.9,11,31.13,-1.33,-0.1
1,23,0.0,1.8,0.9,15,31.13,-0.1,0.06
1,23,0.0,1.8,0.9,19,31.02,-0.81,-0.03
1,23,0.0,1.8,1.2,3,31.23,-1.66,-0.14
1,23,0.0,1.8,1.2,7,31.13,-2.03,-0.19
1,23,0.0,1.8,1.2,11,31.13,-1.33,-0.1
1,23,0.0,1.8,1.2,15,31.13,-0.1,0.06
1,23,0.0,1.8,1.2,19,31.02,-0.81,-0.03
1,23,0.0,1.8,1.5,3,31.23,-1.66,-0.14
1,23,0.0,1.8,1.5,7,31.13,-2.03,-0.19
1,23,0.0,1.8,1.5,11,31.13,-1.33,-0.1
1,23,0.0,1.8,1.5,15,31.13,-0.1,0.06
1,23,0.0,1.8,1.5,19,31.02,-0.81,-0.03
1,23,0.0,1.8,1.8,3,31.23,-1.66,-0.14
1,23,0.0,1.8,1.8,7,31.13,-2.03,-0.19
1,23,0.0,1.8,1.8,11,31.13,-1.33,-0.1
1,23,0.0,1.8,1.8,15,31.13,-0.1,0.06
1,23,0.0,1.8,1.8,19,31.02,-0.81,-0.03
1,23,0.0,1.8,2.1,3,31.23,-1.66,-0.14
1,23,0.0,1.8,2.1,7,31.13,-2.03,-0.19
1,23,0.0,1.8,2.1,11,31.13,-1.33,-0.1
1,23,0.0,1.8,2.1,15,31.13,-0.1,0.06
1,23,0.0,1.8,2.1,19,31.02,-0.81,-0.03
1,23,0.0,2.1,0.0,3,17.25,-6.68,-0.62
1,23,0.0,2.1,0.0,7,17.37,-3.87,-0.33
1,23,0.0,2.1,0.0,11,17.58,-4.95,-0.45
1,23,0.0,2.1,0.0,15,17.58,-4.9,-0.45
1,23,0.0,2.1,0.0,19,17.58,-3.7,-0.32
1,23,0.0,2.1,0.3,3,31.02,-0.15,0.06
1,23,0.0,2.1,0.3,7,30.95,-1.99,-0.18
1,23,0.0,2.1,0.3,11,30.95,-2.56,-0.25
1,23,0.0,2.1,0.3,15,30.95,-2.51,-0.25
1,23,0.0,2.1,0.3,19,30.95,-2.15,-0.2
1,23,0.0,2.1,0.6,3,31.02,-0.15,0.06
1,23,0.0,2.1,0.6,7,30.95,-1.99,-0.18
1,23,0.0,2.1,0.6,11,30.95,-2.56,-0.25
1,23,0.0,2.1,0.6,15,30.95,-2.51,-0.25
1,23,0.0,2.1,0.6,19,30.95,-2.15,-0.2
1,23,0.0,2.1,0.9,3,31.02,-0.15,0.06
1,23,0.0,2.1,0.9,7,30.95,-1.99,-0.18
1,23,0.0,2.1,0.9,11,30.95,-2.56,-0.25
1,23,0.0,2.1,0.9,15,30.95,-2.51,-0.25
1,23,0.0,2.1,0.9,19,30.95,-2.15,-0.2
1,23,0.0,2.1,1.2,3,31.02,-0.15,0.06
1,23,0.0,2.1,1.2,7,30.95,-1.99,-0.18
1,23,0.0,2.1,1.2,11,30.95,-2.56,-0.25
1,23,0.0,2.1,1.2,15,30.95,-2.51,-0.25
1,23,0.0,2.1,1.2,19,30.95,-2.15,-0.2
1,23,0.0,2.1,1.5,3,31.02,-0.15,0.06
1,23,0.0,2.1,1.5,7,30.95,-1.99,-0.18
1,23,0.0,2.1,1.5,11,30.95,-2.56,-0.25
1,23,0.0,2.1,1.5,15,30.95,-2.51,-0.25
1,23,0.0,2.1,1.5,19,30.95,-2.15,-0.2
1,23,0.0,2.1,1.8,3,31.02,-0.15,0.06
1,23,0.0,2.1,1.8,7,30.95,-1.99,-0.18
1,23,0.0,2.1,1.8,11,30.95,-2.56,-0.25
1,23,0.0,2.1,1.8,15,30.95,-2.51,-0.25
1,23,0.0,2.1,1.8,19,30.95,-2.15,-0.2
1,23,0.0,2.1,2.1,3,31.02,-0.15,0.06
1,23,0.0,2.1,2.1,7,30.95,-1.99,-0.18
1,23,0.0,2.1,2.1,11,30.95,-2.56,-0.25
1,23,0.0,2.1,2.1,15,30.95,-2.51,-0.25
1,23,0.0,2.1,2.1,19,30.95,-2.15,-0.2
1,23,0.3,0.0,0.0,3,55.42,0.37,0.12
1,23,0.3,0.0,0.0,7,54.68,0.03,0.07
1,23,0.3,0.0,0.0,11,54.68,1.51,0.29
1,23,0.3,0.0,0.0,15,54.78,1.85,0.34
1,23,0.3,0.0,0.0,19,54.57,1.53,0.3
1,23,0.3,0.0,0.3,3,55.42,0.37,0.12
1,23,0.3,0.0,0.3,7,54.68,0.03,0.07
1,23,0.3,0.0,0.3,11,54.68,1.51,0.29
1,23,0.3,0.0,0.3,15,54.78,1.85,0.34
1,23,0.3,0.0,0.3,19,54.57,1.53,0.3
1,23,0.3,0.0,0.6,3,55.42,0.37,0.12
1,23,0.3,0.0,0.6,7,54.68,0.03,0.07
1,23,0.3,0.0,0.6,11,54.68,1.51,0.29
1,23,0.3,0.0,0.6,15,54.78,1.85,0.34
1,23,0.3,0.0,0.6,19,54.57,1.53,0.3
1,23,0.3,0.0,0.9,3,55.42,0.37,0.12
1,23,0.3,0.0,0.9,7,54.68,0.03,0.07
1,23,0.3,0.0,0.9,11,54.68,1.51,0.29
1,23,0.3,0.0,0.9,15,54.78,1.85,0.34
1,23,0.3,0.0,0.9,19,54.57,1.53,0.3
1,23,0.3,0.0,1.2,3,55.42,0.37,0.12
1,23,0.3,0.0,1.2,7,54.68,0.03,0.07
1,23,0.3,0.0,1.2,11,54.68,1.51,0.29
1,23,0.3,0.0,1.2,15,54.78,1.85,0.34
1,23,0.3,0.0,1.2,19,54.57,1.53,0.3
1,23,0.3,0.0,1.5,3,55.42,0.37,0.12
1,23,0.3,0.0,1.5,7,54.68,0.03,0.07
1,23,0.3,0.0,1.5,11,54.68,1.51,0.29
1,23,0.3,0.0,1.5,15,54.78,1.85,0.34
1,23,0.3,0.0,1.5,19,54.57,1.53,0.3
1,23,0.3,0.0,1.8,3,55.42,0.37,0.12
1,23,0.3,0.0,1.8,7,54.68,0.03,0.07
1,23,0.3,0.0,1.8,11,54.68,1.51,0.29
1,23,0.3,0.0,1.8,15,54.78,1.85,0.34
1,23,0.3,0.0,1.8,19,54.57,1.53,0.3
1,23,0.3,0.0,2.1,3,55.42,0.37,0.12
1,23,0.3,0.0,2.1,7,54.68,0.03,0.07
1,23,0.3,0.0,2.1,11,54.68,1.51,0.29
1,23,0.3,0.0,2.1,15,54.78,1.85,0.34
1,23,0.3,0.0,2.1,19,54.57,1.53,0.3
1,23,0.3,0.3,0.0,3,44.69,-3.17,-0.34
1,23,0.3,0.3,0.0,7,44.27,-4.22,-0.49
1,23,0.3,0.3,0.0,11,44.27,-4.05,-0.48
1,23,0.3,0.3,0.0,15,44.37,-2.95,-0.33
1,23,0.3,0.3,0.0,19,44.79,-1.05,-0.07
1,23,0.3,0.3,0.3,3,43.64,-4.63,-0.54
1,23,0.3,0.3,0.3,7,43.43,-5.91,-0.73
1,23,0.3,0.3,0.3,11,43.43,-4.42,-0.53
1,23,0.3,0.3,0.3,15,43.32,-3.68,-0.43
1,23,0.3,0.3,0.3,19,43.85,-1.85,-0.18
1,23,0.3,0.3,0.6,3,43.64,-4.63,-0.54
1,23,0.3,0.3,0.6,7,43.43,-5.91,-0.73
1,23,0.3,0.3,0.6,11,43.43,-4.42,-0.53
1,23,0.3,0.3,0.6,15,43.32,-3.68,-0.43
1,23,0.3,0.3,0.6,19,43.85,-1.85,-0.18
1,23,0.3,0.3,0.9,3,43.64,-4.63,-0.54
1,23,0.3,0.3,0.9,7,43.43,-5.91,-0.73
1,23,0.3,0.3,0.9,11,43.43,-4.42,-0.53
1,23,0.3,0.3,0.9,15,43.32,-3.68,-0.43
1,23,0.3,0.3,0.9,19,43.85,-1.85,-0.18
1,23,0.3,0.3,1.2,3,43.64,-4.63,-0.54
1,23,0.3,0.3,1.2,7,43.43,-5.91,-0.73
1,23,0.3,0.3,1.2,11,43.43,-4.42,-0.53
1,23,0.3,0.3,1.2,15,43.32,-3.68,-0.43
1,23,0.3,0.3,1.2,19,43.85,-1.85,-0.18
1,23,0.3,0.3,1.5,3,43.64,-4.63,-0.54
1,23,0.3,0.3,1.5,7,43.43,-5.91,-0.73
1,23,0.3,0.3,1.5,11,43.43,-4.42,-0.53
1,23,0.3,0.3,1.5,15,43.32,-3.68,-0.43
1,23,0.3,0.3,1.5,19,43.85,-1.85,-0.18
1,23,0.3,0.3,1.8,3,43.64,-4.63,-0.54
1,23,0.3,0.3,1.8,7,43.43,-5.91,-0.73
1,23,0.3,0.3,1.8,11,43.43,-4.42,-0.53
1,23,0.3,0.3,1.8,15,43.32,-3.68,-0.43
1,23,0.3,0.3,1.8,19,43.85,-1.85,-0.18
1,23,0.3,0.3,2.1,3,43.64,-4.63,-0.54
1,23,0.3,0.3,2.1,7,43.43,-5.91,-0.73
1,23,0.3,0.3,2.1,11,43.43,-4.42,-0.53
1,23,0.3,0.3,2.1,15,43.32,-3.68,-0.43
1,23,0.3,0.3,2.1,19,43.85,-1.85,-0.18
1,23,0.3,0.6,0.0,3,36.7,0.14,0.1
1,23,0.3,0.6,0.0,7,36.49,-2.87,-0.27
1,23,0.3,0.6,0.0,11,37.12,-0.28,0.04
1,23,0.3,0.6,0.0,15,37.12,-0.62,0.0
1,23,0.3,0.6,0.0,19,37.01,-0.9,-0.03
1,23,0.3,0.6,0.3,3,36.8,-0.94,-0.03
1,23,0.3,0.6,0.3,7,37.12,-3.45,-0.35
1,23,0.3,0.6,0.3,11,37.22,-0.83,-0.03
1,23,0.3,0.6,0.3,15,37.12,-1.56,-0.12
1,23,0.3,0.6,0.3,19,37.22,-0.84,-0.03
1,23,0.3,0.6,0.6,3,36.8,-0.94,-0.03
1,23,0.3,0.6,0.6,7,37.12,-3.45,-0.35
1,23,0.3,0.6,0.6,11,37.22,-0.83,-0.03
1,23,0.3,0.6,0.6,15,37.12,-1.56,-0.12
1,23,0.3,0.6,0.6,19,37.22,-0.84,-0.03
1,23,0.3,0.6,0.9,3,36.8,-0.94,-0.03
1,23,0.3,0.6,0.9,7,37.12,-3.45,-0.35
1,23,0.3,0.6,0.9,11,37.22,-0.83,-0.03
1,23,0.3,0.6,0.9,15,37.12,-1.56,-0.12
1,23,0.3,0.6,0.9,19,37.22,-0.84,-0.03
1,23,0.3,0.6,1.2,3,36.8,-0.94,-0.03
1,23,0.3,0.6,1.2,7,37.12,-3.45,-0.35
1,23,0.3,0.6,1.2,11,37.22,-0.83,-0.03
1,23,0.3,0.6,1.2,15,37.12,-1.56,-0.12
1,23,0.3,0.6,1.2,19,37.22,-0.84,-0.03
1,23,0.3,0.6,1.5,3,36.8,-0.94,-0.03
1,23,0.3,0.6,1.5,7,37.12,-3.45,-0.35
1,23,0.3,0.6,1.5,11,37.22,-0.83,-0.03
1,23,0.3,0.6,1.5,15,37.12,-1.56,-0.12
1,23,0.3,0.6,1.5,19,37.22,-0.84,-0.03
1,23,0.3,0.6,1.8,3,36.8,-0.94,-0.03
1,23,0.3,0.6,1.8,7,37.12,-3.45,-0.35
1,23,0.3,0.6,1.8,11,37.22,-0.83,-0.03
1,23,0.3,0.6,1.8,15,37.12,-1.56,-0.12
1,23,0.3,0.6,1.8,19,37.22,-0.84,-0.03
1,23,0.3,0.6,2.1,3,36.8,-0.94,-0.03
1,23,0.3,0.6,2.1,7,37.12,-3.45,-0.35
1,23,0.3,0.6,2.1,11,37.22,-0.83,-0.03
1,23,0.3,0.6,2.1,15,37.12,-1.56,-0.12
1,23,0.3,0.6,2.1,19,37.22,-0.84,-0.03
1,23,0.3,0.9,0.0,3,31.65,1.33,0.23
1,23,0.3,0.9,0.0,7,32.28,1.8,0.28
1,23,0.3,0.9,0.0,11,32.7,3.49,0.47
1,23,0.3,0.9,0.0,15,32.18,1.99,0.3
1,23,0.3,0.9,0.0,19,32.07,1.35,0.23
1,23,0.3,0.9,0.3,3,34.6,-0.77,-0.0
1,23,0.3,0.9,0.3,7,34.81,2.04,0.32
1,23,0.3,0.9,0.3,11,34.38,3.21,0.45
1,23,0.3,0.9,0.3,15,34.38,4.24,0.57
1,23,0.3,0.9,0.3,19,34.28,3.58,0.49
1,23,0.3,0.9,0.6,3,34.6,-0.77,-0.0
1,23,0.3,0.9,0.6,7,34.81,2.04,0.32
1,23,0.3,0.9,0.6,11,34.38,3.21,0.45
1,23,0.3,0.9,0.6,15,34.38,4.24,0.57
1,23,0.3,0.9,0.6,19,34.28,3.58,0.49
1,23,0.3,0.9,0.9,3,34.6,-0.77,-0.0
1,23,0.3,0.9,0.9,7,34.81,2.04,0.32
1,23,0.3,0.9,0.9,11,34.38,3.21,0.45
1,23,0.3,0.9,0.9,15,34.38,4.24,0.57
1,23,0.3,0.9,0.9,19,34.28,3.58,0.49
1,23,0.3,0.9,1.2,3,34.6,-0.77,-0.0
1,23,0.3,0.9,1.2,7,34.81,2.04,0.32
1,23,0.3,0.9,1.2,11,34.38,3.21,0.45
1,23,0.3,0.9,1.2,15,34.38,4.24,0.57
1,23,0.3,0.9,1.2,19,34.28,3.58,0.49
1,23,0.3,0.9,1.5,3,34.6,-0.77,-0.0
1,23,0.3,0.9,1.5,7,34.81,2.04,0.32
1,23,0.3,0.9,1.5,11,34.38,3.21,0.45
1,23,0.3,0.9,1.5,15,34.38,4.24,0.57
1,23,0.3,0.9,1.5,19,34.28,3.58,0.49
1,23,0.3,0.9,1.8,3,34.6,-0.77,-0.0
1,23,0.3,0.9,1.8,7,34.81,2.04,0.32
1,23,0.3,0.9,1.8,11,34.38,3.21,0.45
1,23,0.3,0.9,1.8,15,34.38,4.24,0.57
1,23,0.3,0.9,1.8,19,34.28,3.58,0.49
1,23,0.3,0.9,2.1,3,34.6,-0.77,-0.0
1,23,0.3,0.9,2.1,7,34.81,2.04,0.32
1,23,0.3,0.9,2.1,11,34.38,3.21,0.45
1,23,0.3,0.9,2.1,15,34.38,4.24,0.57
1,23,0.3,0.9,2.1,19,34.28,3.58,0.49
1,23,0.3,1.2,0.0,3,29.13,-0.51,0.05
1,23,0.3,1.2,0.0,7,28.5,-3.48,-0.27
1,23,0.3,1.2,0.0,11,28.92,-1.21,-0.03
1,23,0.3,1.2,0.0,15,29.44,5.02,0.6
1,23,0.3,1.2,0.0,19,29.44,7.51,0.85
1,23,0.3,1.2,0.3,3,33.86,-1.2,-0.04
1,23,0.3,1.2,0.3,7,34.07,6.11,0.75
1,23,0.3,1.2,0.3,11,33.65,9.16,1.08
1,23,0.3,1.2,0.3,15,33.75,9.22,1.09
1,23,0.3,1.2,0.3,19,33.75,10.65,1.24
1,23,0.3,1.2,0.6,3,33.86,-1.2,-0.04
1,23,0.3,1.2,0.6,7,34.07,6.11,0.75
1,23,0.3,1.2,0.6,11,33.65,9.16,1.08
1,23,0.3,1.2,0.6,15,33.75,9.22,1.09
1,23,0.3,1.2,0.6,19,33.75,10.65,1.24
1,23,0.3,1.2,0.9,3,33.86,-1.2,-0.04
1,23,0.3,1.2,0.9,7,34.07,6.11,0.75
1,23,0.3,1.2,0.9,11,33.65,9.16,1.08
1,23,0.3,1.2,0.9,15,33.75,9.22,1.09
1,23,0.3,1.2,0.9,19,33.75,10.65,1.24
1,23,0.3,1.2,1.2,3,33.86,-1.2,-0.04
1,23,0.3,1.2,1.2,7,34.07,6.11,0.75
1,23,0.3,1.2,1.2,11,33.65,9.16,1.08
1,23,0.3,1.2,1.2,15,33.75,9.22,1.09
1,23,0.3,1.2,1.2,19,33.75,10.65,1.24
1,23,0.3,1.2,1.5,3,33.86,-1.2,-0.04
1,23,0.3,1.2,1.5,7,34.07,6.11,0.75
1,23,0.3,1.2,1.5,11,33.65,9.16,1.08
1,23,0.3,1.2,1.5,15,33.75,9.22,1.09
1,23,0.3,1.2,1.5,19,33.75,10.65,1.24
1,23,0.3,1.2,1.8,3,33.86,-1.2,-0.04
1,23,0.3,1.2,1.8,7,34.07,6.11,0.75
1,23,0.3,1.2,1.8,11,33.65,9.16,1.08
1,23,0.3,1.2,1.8,15,33.75,9.22,1.09
1,23,0.3,1.2,1.8,19,33.75,10.65,1.24
1,23,0.3,1.2,2.1,3,33.86,-1.2,-0.04
1,23,0.3,1.2,2.1,7,34.07,6.11,0.75
1,23,0.3,1.2,2.1,11,33.65,9.16,1.08
1,23,0.3,1.2,2.1,15,33.75,9.22,1.09
1,23,0.3,1.2,2.1,19,33.75,10.65,1.24
1,23,0.3,1.5,0.0,3,26.71,1.18,0.21
1,23,0.3,1.5,0.0,7,26.39,0.92,0.19
1,23,0.3,1.5,0.0,11,26.81,3.45,0.43
1,23,0.3,1.5,0.0,15,26.71,2.87,0.38
1,23,0.3,1.5,0.0,19,26.81,2.05,0.3
1,23,0.3,1.5,0.3,3,33.54,5.12,0.62
1,23,0.3,1.5,0.3,7,33.65,8.37,0.97
1,23,0.3,1.5,0.3,11,33.12,11.78,1.32
1,23,0.3,1.5,0.3,15,33.44,12.49,1.4
1,23,0.3,1.5,0.3,19,33.65,12.92,1.45
1,23,0.3,1.5,0.6,3,33.54,5.12,0.62
1,23,0.3,1.5,0.6,7,33.65,8.37,0.97
1,23,0.3,1.5,0.6,11,33.12,11.78,1.32
1,23,0.3,1.5,0.6,15,33.44,12.49,1.4
1,23,0.3,1.5,0.6,19,33.65,12.92,1.45
1,23,0.3,1.5,0.9,3,33.54,5.12,0.62
1,23,0.3,1.5,0.9,7,33.65,8.37,0.97
1,23,0.3,1.5,0.9,11,33.12,11.78,1.32
1,23,0.3,1.5,0.9,15,33.44,12.49,1.4
1,23,0.3,1.5,0.9,19,33.65,12.92,1.45
1,23,0.3,1.5,1.2,3,33.54,5.12,0.62
1,23,0.3,1.5,1.2,7,33.65,8.37,0.97
1,23,0.3,1.5,1.2,11,33.12,11.78,1.32
1,23,0.3,1.5,1.2,15,33.44,12.49,1.4
1,23,0.3,1.5,1.2,19,33.65,12.92,1.45
1,23,0.3,1.5,1.5,3,33.54,5.12,0.62
1,23,0.3,1.5,1.5,7,33.65,8.37,0.97
1,23,0.3,1.5,1.5,11,33.12,11.78,1.32
1,23,0.3,1.5,1.5,15,33.44,12.49,1.4
1,23,0.3,1.5,1.5,19,33.65,12.92,1.45
1,23,0.3,1.5,1.8,3,33.54,5.12,0.62
1,23,0.3,1.5,1.8,7,33.65,8.37,0.97
1,23,0.3,1.5,1.8,11,33.12,11.78,1.32
1,23,0.3,1.5,1.8,15,33.44,12.49,1.4
1,23,0.3,1.5,1.8,19,33.65,12.92,1.45
1,23,0.3,1.5,2.1,3,33.54,5.12,0.62
1,23,0.3,1.5,2.1,7,33.65,8.37,0.97
1,23,0.3,1.5,2.1,11,33.12,11.78,1.32
1,23,0.3,1.5,2.1,15,33.44,12.49,1.4
1,23,0.3,1.5,2.1,19,33.65,12.92,1.45
1,23,0.3,1.8,0.0,3,24.92,4.06,0.46
1,23,0.3,1.8,0.0,7,24.71,1.04,0.2
1,23,0.3,1.8,0.0,11,24.82,1.28,0.22
1,23,0.3,1.8,0.0,15,24.82,1.34,0.23
1,23,0.3,1.8,0.0,19,24.61,-2.94,-0.19
1,23,0.3,1.8,0.3,3,33.54,7.75,0.88
1,23,0.3,1.8,0.3,7,33.65,9.71,1.09
1,23,0.3,1.8,0.3,11,33.12,12.73,1.39
1,23,0.3,1.8,0.3,15,33.23,12.34,1.37
1,23,0.3,1.8,0.3,19,33.23,9.82,1.12
1,23,0.3,1.8,0.6,3,33.54,7.75,0.88
1,23,0.3,1.8,0.6,7,33.65,9.71,1.09
1,23,0.3,1.8,0.6,11,33.12,12.73,1.39
1,23,0.3,1.8,0.6,15,33.23,12.34,1.37
1,23,0.3,1.8,0.6,19,33.23,9.82,1.12
1,23,0.3,1.8,0.9,3,33.54,7.75,0.88
1,23,0.3,1.8,0.9,7,33.65,9.71,1.09
1,23,0.3,1.8,0.9,11,33.12,12.73,1.39
1,23,0.3,1.8,0.9,15,33.23,12.34,1.37
1,23,0.3,1.8,0.9,19,33.23,9.82,1.12
1,23,0.3,1.8,1.2,3,33.54,7.75,0.88
1,23,0.3,1.8,1.2,7,33.65,9.71,1.09
1,23,0.3,1.8,1.2,11,33.12,12.73,1.39
1,23,0.3,1.8,1.2,15,33.23,12.34,1.37
1,23,0.3,1.8,1.2,19,33.23,9.82,1.12
1,23,0.3,1.8,1.5,3,33.54,7.75,0.88
1,23,0.3,1.8,1.5,7,33.65,9.71,1.09
1,23,0.3,1.8,1.5,11,33.12,12.73,1.39
1,23,0.3,1.8,1.5,15,33.23,12.34,1.37
1,23,0.3,1.8,1.5,19,33.23,9.82,1.12
1,23,0.3,1.8,1.8,3,33.54,7.75,0.88
1,23,0.3,1.8,1.8,7,33.65,9.71,1.09
1,23,0.3,1.8,1.8,11,33.12,12.73,1.39
1,23,0.3,1.8,1.8,15,33.23,12.34,1.37
1,23,0.3,1.8,1.8,19,33.23,9.82,1.12
1,23,0.3,1.8,2.1,3,33.54,7.75,0.88
1,23,0.3,1.8,2.1,7,33.65,9.71,1.09
1,23,0.3,1.8,2.1,11,33.12,12.73,1.39
1,23,0.3,1.8,2.1,15,33.23,12.34,1.37
1,23,0.3,1.8,2.1,19,33.23,9.82,1.12
1,23,0.3,2.1,0.0,3,23.55,-4.05,-0.25
1,23,0.3,2.1,0.0,7,23.26,-3.71,-0.24
1,23,0.3,2.1,0.0,11,23.26,-3.38,-0.21
1,23,0.3,2.1,0.0,15,23.16,-4.39,-0.31
1,23,0.3,2.1,0.0,19,23.05,-4.37,-0.31
1,23,0.3,2.1,0.3,3,33.23,9.47,1.02
1,23,0.3,2.1,0.3,7,33.37,6.67,0.78
1,23,0.3,2.1,0.3,11,32.84,9.57,1.07
1,23,0.3,2.1,0.3,15,33.05,10.77,1.19
1,23,0.3,2.1,0.3,19,33.16,9.72,1.1
1,23,0.3,2.1,0.6,3,33.23,9.47,1.02
1,23,0.3,2.1,0.6,7,33.37,6.67,0.78
1,23,0.3,2.1,0.6,11,32.84,9.57,1.07
1,23,0.3,2.1,0.6,15,33.05,10.77,1.19
1,23,0.3,2.1,0.6,19,33.16,9.72,1.1
1,23,0.3,2.1,0.9,3,33.23,9.47,1.02
1,23,0.3,2.1,0.9,7,33.37,6.67,0.78
1,23,0.3,2.1,0.9,11,32.84,9.57,1.07
1,23,0.3,2.1,0.9,15,33.05,10.77,1.19
1,23,0.3,2.1,0.9,19,33.16,9.72,1.1
1,23,0.3,2.1,1.2,3,33.23,9.47,1.02
1,23,0.3,2.1,1.2,7,33.37,6.67,0.78
1,23,0.3,2.1,1.2,11,32.84,9.57,1.07
1,23,0.3,2.1,1.2,15,33.05,10.77,1.19
1,23,0.3,2.1,1.2,19,33.16,9.72,1.1
1,23,0.3,2.1,1.5,3,33.23,9.47,1.02
1,23,0.3,2.1,1.5,7,33.37,6.67,0.78
1,23,0.3,2.1,1.5,11,32.84,9.57,1.07
1,23,0.3,2.1,1.5,15,33.05,10.77,1.19
1,23,0.3,2.1,1.5,19,33.16,9.72,1.1
1,23,0.3,2.1,1.8,3,33.23,9.47,1.02
1,23,0.3,2.1,1.8,7,33.37,6.67,0.78
1,23,0.3,2.1,1.8,11,32.84,9.57,1.07
1,23,0.3,2.1,1.8,15,33.05,10.77,1.19
1,23,0.3,2.1,1.8,19,33.16,9.72,1.1
1,23,0.3,2.1,2.1,3,33.23,9.47,1.02
1,23,0.3,2.1,2.1,7,33.37,6.67,0.78
1,23,0.3,2.1,2.1,11,32.84,9.57,1.07
1,23,0.3,2.1,2.1,15,33.05,10.77,1.19
1,23,0.3,2.1,2.1,19,33.16,9.72,1.1
1,23,0.6,0.0,0.0,3,58.78,-3.26,-0.4
1,23,0.6,0.0,0.0,7,58.25,-2.77,-0.34
1,23,0.6,0.0,0.0,11,57.94,-1.63,-0.18
1,23,0.6,0.0,0.0,15,57.31,-3.47,-0.46
1,23,0.6,0.0,0.0,19,57.31,-3.63,-0.48
1,23,0.6,0.0,0.3,3,58.78,-3.26,-0.4
1,23,0.6,0.0,0.3,7,58.25,-2.77,-0.34
1,23,0.6,0.0,0.3,11,57.94,-1.63,-0.18
1,23,0.6,0.0,0.3,15,57.31,-3.47,-0.46
1,23,0.6,0.0,0.3,19,57.31,-3.63,-0.48
1,23,0.6,0.0,0.6,3,58.78,-3.26,-0.4
1,23,0.6,0.0,0.6,7,58.25,-2.77,-0.34
1,23,0.6,0.0,0.6,11,57.94,-1.63,-0.18
1,23,0.6,0.0,0.6,15,57.31,-3.47,-0.46
1,23,0.6,0.0,0.6,19,57.31,-3.63,-0.48
1,23,0.6,0.0,0.9,3,58.78,-3.26,-0.4
1,23,0.6,0.0,0.9,7,58.25,-2.77,-0.34
1,23,0.6,0.0,0.9,11,57.94,-1.63,-0.18
1,23,0.6,0.0,0.9,15,57.31,-3.47,-0.46
1,23,0.6,0.0,0.9,19,57.31,-3.63,-0.48
1,23,0.6,0.0,1.2,3,58.78,-3.26,-0.4
1,23,0.6,0.0,1.2,7,58.25,-2.77,-0.34
1,23,0.6,0.0,1.2,11,57.94,-1.63,-0.18
1,23,0.6,0.0,1.2,15,57.31,-3.47,-0.46
1,23,0.6,0.0,1.2,19,57.31,-3.63,-0.48
1,23,0.6,0.0,1.5,3,58.78,-3.26,-0.4
1,23,0.6,0.0,1.5,7,58.25,-2.77,-0.34
1,23,0.6,0.0,1.5,11,57.94,-1.63,-0.18
1,23,0.6,0.0,1.5,15,57.31,-3.47,-0.46
1,23,0.6,0.0,1.5,19,57.31,-3.63,-0.48
1,23,0.6,0.0,1.8,3,58.78,-3.26,-0.4
1,23,0.6,0.0,1.8,7,58.25,-2.77,-0.34
1,23,0.6,0.0,1.8,11,57.94,-1.63,-0.18
1,23,0.6,0.0,1.8,15,57.31,-3.47,-0.46
1,23,0.6,0.0,1.8,19,57.31,-3.63,-0.48
1,23,0.6,0.0,2.1,3,58.78,-3.26,-0.4
1,23,0.6,0.0,2.1,7,58.25,-2.77,-0.34
1,23,0.6,0.0,2.1,11,57.94,-1.63,-0.18
1,23,0.6,0.0,2.1,15,57.31,-3.47,-0.46
1,23,0.6,0.0,2.1,19,57.31,-3.63,-0.48
1,23,0.6,0.3,0.0,3,48.37,-3.41,-0.33
1,23,0.6,0.3,0.0,7,47.95,-4.44,-0.48
1,23,0.6,0.3,0.0,11,48.05,-3.49,-0.37
1,23,0.6,0.3,0.0,15,47.53,-5.12,-0.59
1,23,0.6,0.3,0.0,19,48.05,-3.12,-0.33
1,23,0.6,0.3,0.3,3,48.05,-4.9,-0.52
1,23,0.6,0.3,0.3,7,47.63,-5.45,-0.62
1,23,0.6,0.3,0.3,11,47.74,-4.2,-0.47
1,23,0.6,0.3,0.3,15,47.0,-6.74,-0.81
1,23,0.6,0.3,0.3,19,47.53,-4.96,-0.58
1,23,0.6,0.3,0.6,3,48.05,-4.9,-0.52
1,23,0.6,0.3,0.6,7,47.63,-5.45,-0.62
1,23,0.6,0.3,0.6,11,47.74,-4.2,-0.47
1,23,0.6,0.3,0.6,15,47.0,-6.74,-0.81
1,23,0.6,0.3,0.6,19,47.53,-4.96,-0.58
1,23,0.6,0.3,0.9,3,48.05,-4.9,-0.52
1,23,0.6,0.3,0.9,7,47.63,-5.45,-0.62
1,23,0.6,0.3,0.9,11,47.74,-4.2,-0.47
1,23,0.6,0.3,0.9,15,47.0,-6.74,-0.81
1,23,0.6,0.3,0.9,19,47.53,-4.96,-0.58
1,23,0.6,0.3,1.2,3,48.05,-4.9,-0.52
1,23,0.6,0.3,1.2,7,47.63,-5.45,-0.62
1,23,0.6,0.3,1.2,11,47.74,-4.2,-0.47
1,23,0.6,0.3,1.2,15,47.0,-6.74,-0.81
1,23,0.6,0.3,1.2,19,47.53,-4.96,-0.58
1,23,0.6,0.3,1.5,3,48.05,-4.9,-0.52
1,23,0.6,0.3,1.5,7,47.63,-5.45,-0.62
1,23,0.6,0.3,1.5,11,47.74,-4.2,-0.47
1,23,0.6,0.3,1.5,15,47.0,-6.74,-0.81
1,23,0.6,0.3,1.5,19,47.53,-4.96,-0.58
1,23,0.6,0.3,1.8,3,48.05,-4.9,-0.52
1,23,0.6,0.3,1.8,7,47.63,-5.45,-0.62
1,23,0.6,0.3,1.8,11,47.74,-4.2,-0.47
1,23,0.6,0.3,1.8,15,47.0,-6.74,-0.81
1,23,0.6,0.3,1.8,19,47.53,-4.96,-0.58
1,23,0.6,0.3,2.1,3,48.05,-4.9,-0.52
1,23,0.6,0.3,2.1,7,47.63,-5.45,-0.62
1,23,0.6,0.3,2.1,11,47.74,-4.2,-0.47
1,23,0.6,0.3,2.1,15,47.0,-6.74,-0.81
1,23,0.6,0.3,2.1,19,47.53,-4.96,-0.58
1,23,0.6,0.6,0.0,3,40.48,2.43,0.34
1,23,0.6,0.6,0.0,7,40.27,-1.66,-0.11
1,23,0.6,0.6,0.0,11,40.69,-0.06,0.08
1,23,0.6,0.6,0.0,15,40.17,-1.94,-0.14
1,23,0.6,0.6,0.0,19,40.17,-2.04,-0.16
1,23,0.6,0.6,0.3,3,39.22,-1.22,-0.04
1,23,0.6,0.6,0.3,7,39.01,-3.04,-0.27
1,23,0.6,0.6,0.3,11,39.75,-0.11,0.07
1,23,0.6,0.6,0.3,15,38.8,-4.88,-0.51
1,23,0.6,0.6,0.3,19,38.8,-5.0,-0.52
1,23,0.6,0.6,0.6,3,39.22,-1.22,-0.04
1,23,0.6,0.6,0.6,7,39.01,-3.04,-0.27
1,23,0.6,0.6,0.6,11,39.75,-0.11,0.07
1,23,0.6,0.6,0.6,15,38.8,-4.88,-0.51
1,23,0.6,0.6,0.6,19,38.8,-5.0,-0.52
1,23,0.6,0.6,0.9,3,39.22,-1.22,-0.04
1,23,0.6,0.6,0.9,7,39.01,-3.04,-0.27
1,23,0.6,0.6,0.9,11,39.75,-0.11,0.07
1,23,0.6,0.6,0.9,15,38.8,-4.88,-0.51
1,23,0.6,0.6,0.9,19,38.8,-5.0,-0.52
1,23,0.6,0.6,1.2,3,39.22,-1.22,-0.04
1,23,0.6,0.6,1.2,7,39.01,-3.04,-0.27
1,23,0.6,0.6,1.2,11,39.75,-0.11,0.07
1,23,0.6,0.6,1.2,15,38.8,-4.88,-0.51
1,23,0.6,0.6,1.2,19,38.8,-5.0,-0.52
1,23,0.6,0.6,1.5,3,39.22,-1.22,-0.04
1,23,0.6,0.6,1.5,7,39.01,-3.04,-0.27
1,23,0.6,0.6,1.5,11,39.75,-0.11,0.07
1,23,0.6,0.6,1.5,15,38.8,-4.88,-0.51
1,23,0.6,0.6,1.5,19,38.8,-5.0,-0.52
1,23,0.6,0.6,1.8,3,39.22,-1.22,-0.04
1,23,0.6,0.6,1.8,7,39.01,-3.04,-0.27
1,23,0.6,0.6,1.8,11,39.75,-0.11,0.07
1,23,0.6,0.6,1.8,15,38.8,-4.88,-0.51
1,23,0.6,0.6,1.8,19,38.8,-5.0,-0.52
1,23,0.6,0.6,2.1,3,39.22,-1.22,-0.04
1,23,0.6,0.6,2.1,7,39.01,-3.04,-0.27
1,23,0.6,0.6,2.1,11,39.75,-0.11,0.07
1,23,0.6,0.6,2.1,15,38.8,-4.88,-0.51
1,23,0.6,0.6,2.1,19,38.8,-5.0,-0.52
1,23,0.6,0.9,0.0,3,35.23,4.27,0.5
1,23,0.6,0.9,0.0,7,35.75,5.09,0.6
1,23,0.6,0.9,0.0,11,36.28,6.79,0.78
1,23,0.6,0.9,0.0,15,35.23,1.93,0.29
1,23,0.6,0.9,0.0,19,35.23,1.7,0.27
1,23,0.6,0.9,0.3,3,33.96,-0.7,0.02
1,23,0.6,0.9,0.3,7,34.38,1.4,0.24
1,23,0.6,0.9,0.3,11,34.6,3.04,0.42
1,23,0.6,0.9,0.3,15,33.65,-1.67,-0.1
1,23,0.6,0.9,0.3,19,33.65,-2.9,-0.24
1,23,0.6,0.9,0.6,3,33.96,-0.7,0.02
1,23,0.6,0.9,0.6,7,34.38,1.4,0.24
1,23,0.6,0.9,0.6,11,34.6,3.04,0.42
1,23,0.6,0.9,0.6,15,33.65,-1.67,-0.1
1,23,0.6,0.9,0.6,19,33.65,-2.9,-0.24
1,23,0.6,0.9,0.9,3,33.96,-0.7,0.02
1,23,0.6,0.9,0.9,7,34.38,1.4,0.24
1,23,0.6,0.9,0.9,11,34.6,3.04,0.42
1,23,0.6,0.9,0.9,15,33.65,-1.67,-0.1
1,23,0.6,0.9,0.9,19,33.65,-2.9,-0.24
1,23,0.6,0.9,1.2,3,33.96,-0.7,0.02
1,23,0.6,0.9,1.2,7,34.38,1.4,0.24
1,23,0.6,0.9,1.2,11,34.6,3.04,0.42
1,23,0.6,0.9,1.2,15,33.65,-1.67,-0.1
1,23,0.6,0.9,1.2,19,33.65,-2.9,-0.24
1,23,0.6,0.9,1.5,3,33.96,-0.7,0.02
1,23,0.6,0.9,1.5,7,34.38,1.4,0.24
1,23,0.6,0.9,1.5,11,34.6,3.04,0.42
1,23,0.6,0.9,1.5,15,33.65,-1.67,-0.1
1,23,0.6,0.9,1.5,19,33.65,-2.9,-0.24
1,23,0.6,0.9,1.8,3,33.96,-0.7,0.02
1,23,0.6,0.9,1.8,7,34.38,1.4,0.24
1,23,0.6,0.9,1.8,11,34.6,3.04,0.42
1,23,0.6,0.9,1.8,15,33.65,-1.67,-0.1
1,23,0.6,0.9,1.8,19,33.65,-2.9,-0.24
1,23,0.6,0.9,2.1,3,33.96,-0.7,0.02
1,23,0.6,0.9,2.1,7,34.38,1.4,0.24
1,23,0.6,0.9,2.1,11,34.6,3.04,0.42
1,23,0.6,0.9,2.1,15,33.65,-1.67,-0.1
1,23,0.6,0.9,2.1,19,33.65,-2.9,-0.24
1,23,0.6,1.2,0.0,3,31.97,-1.89,-0.07
1,23,0.6,1.2,0.0,7,31.44,-2.21,-0.11
1,23,0.6,1.2,0.0,11,31.76,-0.58,0.04
1,23,0.6,1.2,0.0,15,31.76,1.22,0.22
1,23,0.6,1.2,0.0,19,31.86,4.24,0.51
1,23,0.6,1.2,0.3,3,31.86,-5.07,-0.4
1,23,0.6,1.2,0.3,7,32.07,-2.5,-0.17
1,23,0.6,1.2,0.3,11,32.49,2.07,0.31
1,23,0.6,1.2,0.3,15,31.76,0.74,0.17
1,23,0.6,1.2,0.3,19,31.86,2.18,0.32
1,23,0.6,1.2,0.6,3,31.86,-5.07,-0.4
1,23,0.6,1.2,0.6,7,32.07,-2.5,-0.17
1,23,0.6,1.2,0.6,11,32.49,2.07,0.31
1,23,0.6,1.2,0.6,15,31.76,0.74,0.17
1,23,0.6,1.2,0.6,19,31.86,2.18,0.32
1,23,0.6,1.2,0.9,3,31.86,-5.07,-0.4
1,23,0.6,1.2,0.9,7,32.07,-2.5,-0.17
1,23,0.6,1.2,0.9,11,32.49,2.07,0.31
1,23,0.6,1.2,0.9,15,31.76,0.74,0.17
1,23,0.6,1.2,0.9,19,31.86,2.18,0.32
1,23,0.6,1.2,1.2,3,31.86,-5.07,-0.4
1,23,0.6,1.2,1.2,7,32.07,-2.5,-0.17
1,23,0.6,1.2,1.2,11,32.49,2.07,0.31
1,23,0.6,1.2,1.2,15,31.76,0.74,0.17
1,23,0.6,1.2,1.2,19,31.86,2.18,0.32
1,23,0.6,1.2,1.5,3,31.86,-5.07,-0.4
1,23,0.6,1.2,1.5,7,32.07,-2.5,-0.17
1,23,0.6,1.2,1.5,11,32.49,2.07,0.31
1,23,0.6,1.2,1.5,15,31.76,0.74,0.17
1,23,0.6,1.2,1.5,19,31.86,2.18,0.32
1,23,0.6,1.2,1.8,3,31.86,-5.07,-0.4
1,23,0.6,1.2,1.8,7,32.07,-2.5,-0.17
1,23,0.6,1.2,1.8,11,32.49,2.07,0.31
1,23,0.6,1.2,1.8,15,31.76,0.74,0.17
1,23,0.6,1.2,1.8,19,31.86,2.18,0.32
1,23,0.6,1.2,2.1,3,31.86,-5.07,-0.4
1,23,0.6,1.2,2.1,7,32.07,-2.5,-0.17
1,23,0.6,1.2,2.1,11,32.49,2.07,0.31
1,23,0.6,1.2,2.1,15,31.76,0.74,0.17
1,23,0.6,1.2,2.1,19,31.86,2.18,0.32
1,23,0.6,1.5,0.0,3,29.34,-0.55,0.06
1,23,0.6,1.5,0.0,7,29.13,0.37,0.14
1,23,0.6,1.5,0.0,11,29.44,1.63,0.25
1,23,0.6,1.5,0.0,15,28.92,-1.63,-0.05
1,23,0.6,1.5,0.0,19,29.13,-2.05,-0.09
1,23,0.6,1.5,0.3,3,30.91,-3.8,-0.26
1,23,0.6,1.5,0.3,7,31.34,-1.22,-0.03
1,23,0.6,1.5,0.3,11,31.44,2.68,0.36
1,23,0.6,1.5,0.3,15,30.91,-0.41,0.05
1,23,0.6,1.5,0.3,19,31.23,-0.04,0.09
1,23,0.6,1.5,0.6,3,30.91,-3.8,-0.26
1,23,0.6,1.5,0.6,7,31.34,-1.22,-0.03
1,23,0.6,1.5,0.6,11,31.44,2.68,0.36
1,23,0.6,1.5,0.6,15,30.91,-0.41,0.05
1,23,0.6,1.5,0.6,19,31.23,-0.04,0.09
1,23,0.6,1.5,0.9,3,30.91,-3.8,-0.26
1,23,0.6,1.5,0.9,7,31.34,-1.22,-0.03
1,23,0.6,1.5,0.9,11,31.44,2.68,0.36
1,23,0.6,1.5,0.9,15,30.91,-0.41,0.05
1,23,0.6,1.5,0.9,19,31.23,-0.04,0.09
1,23,0.6,1.5,1.2,3,30.91,-3.8,-0.26
1,23,0.6,1.5,1.2,7,31.34,-1.22,-0.03
1,23,0.6,1.5,1.2,11,31.44,2.68,0.36
1,23,0.6,1.5,1.2,15,30.91,-0.41,0.05
1,23,0.6,1.5,1.2,19,31.23,-0.04,0.09
1,23,0.6,1.5,1.5,3,30.91,-3.8,-0.26
1,23,0.6,1.5,1.5,7,31.34,-1.22,-0.03
1,23,0.6,1.5,1.5,11,31.44,2.68,0.36
1,23,0.6,1.5,1.5,15,30.91,-0.41,0.05
1,23,0.6,1.5,1.5,19,31.23,-0.04,0.09
1,23,0.6,1.5,1.8,3,30.91,-3.8,-0.26
1,23,0.6,1.5,1.8,7,31.34,-1.22,-0.03
1,23,0.6,1.5,1.8,11,31.44,2.68,0.36
1,23,0.6,1.5,1.8,15,30.91,-0.41,0.05
1,23,0.6,1.5,1.8,19,31.23,-0.04,0.09
1,23,0.6,1.5,2.1,3,30.91,-3.8,-0.26
1,23,0.6,1.5,2.1,7,31.34,-1.22,-0.03
1,23,0.6,1.5,2.1,11,31.44,2.68,0.36
1,23,0.6,1.5,2.1,15,30.91,-0.41,0.05
1,23,0.6,1.5,2.1,19,31.23,-0.04,0.09
1,23,0.6,1.8,0.0,3,27.34,2.27,0.3
1,23,0.6,1.8,0.0,7,27.23,0.53,0.16
1,23,0.6,1.8,0.0,11,27.23,-1.41,-0.02
1,23,0.6,1.8,0.0,15,26.92,-3.58,-0.22
1,23,0.6,1.8,0.0,19,26.81,-7.0,-0.55
1,23,0.6,1.8,0.3,3,30.7,1.76,0.26
1,23,0.6,1.8,0.3,7,31.23,3.48,0.43
1,23,0.6,1.8,0.3,11,31.34,2.45,0.34
1,23,0.6,1.8,0.3,15,30.6,-0.6,0.03
1,23,0.6,1.8,0.3,19,30.49,-2.17,-0.13
1,23,0.6,1.8,0.6,3,30.7,1.76,0.26
1,23,0.6,1.8,0.6,7,31.23,3.48,0.43
1,23,0.6,1.8,0.6,11,31.34,2.45,0.34
1,23,0.6,1.8,0.6,15,30.6,-0.6,0.03
1,23,0.6,1.8,0.6,19,30.49,-2.17,-0.13
1,23,0.6,1.8,0.9,3,30.7,1.76,0.26
1,23,0.6,1.8,0.9,7,31.23,3.48,0.43
1,23,0.6,1.8,0.9,11,31.34,2.45,0.34
1,23,0.6,1.8,0.9,15,30.6,-0.6,0.03
1,23,0.6,1.8,0.9,19,30.49,-2.17,-0.13
1,23,0.6,1.8,1.2,3,30.7,1.76,0.26
1,23,0.6,1.8,1.2,7,31.23,3.48,0.43
1,23,0.6,1.8,1.2,11,31.34,2.45,0.34
1,23,0.6,1.8,1.2,15,30.6,-0.6,0.03
1,23,0.6,1.8,1.2,19,30.49,-2.17,-0.13
1,23,0.6,1.8,1.5,3,30.7,1.76,0.26
1,23,0.6,1.8,1.5,7,31.23,3.48,0.43
1,23,0.6,1.8,1.5,11,31.34,2.45,0.34
1,23,0.6,1.8,1.5,15,30.6,-0.6,0.03
1,23,0.6,1.8,1.5,19,30.49,-2.17,-0.13
1,23,0.6,1.8,1.8,3,30.7,1.76,0.26
1,23,0.6,1.8,1.8,7,31.23,3.48,0.43
1,23,0.6,1.8,1.8,11,31.34,2.45,0.34
1,23,0.6,1.8,1.8,15,30.6,-0.6,0.03
1,23,0.6,1.8,1.8,19,30.49,-2.17,-0.13
1,23,0.6,1.8,2.1,3,30.7,1.76,0.26
1,23,0.6,1.8,2.1,7,31.23,3.48,0.43
1,23,0.6,1.8,2.1,11,31.34,2.45,0.34
1,23,0.6,1.8,2.1,15,30.6,-0.6,0.03
1,23,0.6,1.8,2.1,19,30.49,-2.17,-0.13
1,23,0.6,2.1,0.0,3,25.97,-5.17,-0.31
1,23,0.6,2.1,0.0,7,25.79,-3.22,-0.16
1,23,0.6,2.1,0.0,11,25.68,-5.57,-0.38
1,23,0.6,2.1,0.0,15,25.16,-10.67,-0.86
1,23,0.6,2.1,0.0,19,25.16,-10.37,-0.84
1,23,0.6,2.1,0.3,3,30.28,1.44,0.23
1,23,0.6,2.1,0.3,7,30.74,3.26,0.4
1,23,0.6,2.1,0.3,11,30.74,1.77,0.27
1,23,0.6,2.1,0.3,15,30.21,-0.78,0.02
1,23,0.6,2.1,0.3,19,30.32,-0.47,0.05
1,23,0.6,2.1,0.6,3,30.28,1.44,0.23
1,23,0.6,2.1,0.6,7,30.74,3.26,0.4
1,23,0.6,2.1,0.6,11,30.74,1.77,0.27
1,23,0.6,2.1,0.6,15,30.21,-0.78,0.02
1,23,0.6,2.1,0.6,19,30.32,-0.47,0.05
1,23,0.6,2.1,0.9,3,30.28,1.44,0.23
1,23,0.6,2.1,0.9,7,30.74,3.26,0.4
1,23,0.6,2.1,0.9,11,30.74,1.77,0.27
1,23,0.6,2.1,0.9,15,30.21,-0.78,0.02
1,23,0.6,2.1,0.9,19,30.32,-0.47,0.05
1,23,0.6,2.1,1.2,3,30.28,1.44,0.23
1,23,0.6,2.1,1.2,7,30.74,3.26,0.4
1,23,0.6,2.1,1.2,11,30.74,1.77,0.27
1,23,0.6,2.1,1.2,15,30.21,-0.78,0.02
1,23,0.6,2.1,1.2,19,30.32,-0.47,0.05
1,23,0.6,2.1,1.5,3,30.28,1.44,0.23
1,23,0.6,2.1,1.5,7,30.74,3.26,0.4
1,23,0.6,2.1,1.5,11,30.74,1.77,0.27
1,23,0.6,2.1,1.5,15,30.21,-0.78,0.02
1,23,0.6,2.1,1.5,19,30.32,-0.47,0.05
1,23,0.6,2.1,1.8,3,30.28,1.44,0.23
1,23,0.6,2.1,1.8,7,30.74,3.26,0.4
1,23,0.6,2.1,1.8,11,30.74,1.77,0.27
1,23,0.6,2.1,1.8,15,30.21,-0.78,0.02
1,23,0.6,2.1,1.8,19,30.32,-0.47,0.05
1,23,0.6,2.1,2.1,3,30.28,1.44,0.23
1,23,0.6,2.1,2.1,7,30.74,3.26,0.4
1,23,0.6,2.1,2.1,11,30.74,1.77,0.27
1,23,0.6,2.1,2.1,15,30.21,-0.78,0.02
1,23,0.6,2.1,2.1,19,30.32,-0.47,0.05
1,23,0.9,0.0,0.0,3,59.83,-0.59,-0.01
1,23,0.9,0.0,0.0,7,59.41,-1.21,-0.1
1,23,0.9,0.0,0.0,11,58.89,-1.16,-0.09
1,23,0.9,0.0,0.0,15,58.89,-0.09,0.06
1,23,0.9,0.0,0.0,19,58.89,-0.14,0.05
1,23,0.9,0.0,0.3,3,59.83,-0.59,-0.01
1,23,0.9,0.0,0.3,7,59.41,-1.21,-0.1
1,23,0.9,0.0,0.3,11,58.89,-1.16,-0.09
1,23,0.9,0.0,0.3,15,58.89,-0.09,0.06
1,23,0.9,0.0,0.3,19,58.89,-0.14,0.05
1,23,0.9,0.0,0.6,3,59.83,-0.59,-0.01
1,23,0.9,0.0,0.6,7,59.41,-1.21,-0.1
1,23,0.9,0.0,0.6,11,58.89,-1.16,-0.09
1,23,0.9,0.0,0.6,15,58.89,-0.09,0.06
1,23,0.9,0.0,0.6,19,58.89,-0.14,0.05
1,23,0.9,0.0,0.9,3,59.83,-0.59,-0.01
1,23,0.9,0.0,0.9,7,59.41,-1.21,-0.1
1,23,0.9,0.0,0.9,11,58.89,-1.16,-0.09
1,23,0.9,0.0,0.9,15,58.89,-0.09,0.06
1,23,0.9,0.0,0.9,19,58.89,-0.14,0.05
1,23,0.9,0.0,1.2,3,59.83,-0.59,-0.01
1,23,0.9,0.0,1.2,7,59.41,-1.21,-0.1
1,23,0.9,0.0,1.2,11,58.89,-1.16,-0.09
1,23,0.9,0.0,1.2,15,58.89,-0.09,0.06
1,23,0.9,0.0,1.2,19,58.89,-0.14,0.05
1,23,0.9,0.0,1.5,3,59.83,-0.59,-0.01
1,23,0.9,0.0,1.5,7,59.41,-1.21,-0.1
1,23,0.9,0.0,1.5,11,58.89,-1.16,-0.09
1,23,0.9,0.0,1.5,15,58.89,-0.09,0.06
1,23,0.9,0.0,1.5,19,58.89,-0.14,0.05
1,23,0.9,0.0,1.8,3,59.83,-0.59,-0.01
1,23,0.9,0.0,1.8,7,59.41,-1.21,-0.1
1,23,0.9,0.0,1.8,11,58.89,-1.16,-0.09
1,23,0.9,0.0,1.8,15,58.89,-0.09,0.06
1,23,0.9,0.0,1.8,19,58.89,-0.14,0.05
1,23,0.9,0.0,2.1,3,59.83,-0.59,-0.01
1,23,0.9,0.0,2.1,7,59.41,-1.21,-0.1
1,23,0.9,0.0,2.1,11,58.89,-1.16,-0.09
1,23,0.9,0.0,2.1,15,58.89,-0.09,0.06
1,23,0.9,0.0,2.1,19,58.89,-0.14,0.05
1,23,0.9,0.3,0.0,3,49.32,-0.81,-0.01
1,23,0.9,0.3,0.0,7,49.11,-3.28,-0.31
1,23,0.9,0.3,0.0,11,49.11,-2.88,-0.27
1,23,0.9,0.3,0.0,15,49.11,-1.28,-0.08
1,23,0.9,0.3,0.0,19,49.74,1.21,0.22
1,23,0.9,0.3,0.3,3,49.32,-0.81,-0.01
1,23,0.9,0.3,0.3,7,49.11,-2.66,-0.24
1,23,0.9,0.3,0.3,11,49.11,-2.65,-0.24
1,23,0.9,0.3,0.3,15,49.11,-0.8,-0.02
1,23,0.9,0.3,0.3,19,49.74,1.44,0.25
1,23,0.9,0.3,0.6,3,49.32,-0.81,-0.01
1,23,0.9,0.3,0.6,7,49.11,-2.66,-0.24
1,23,0.9,0.3,0.6,11,49.11,-2.65,-0.24
1,23,0.9,0.3,0.6,15,49.11,-0.8,-0.02
1,23,0.9,0.3,0.6,19,49.74,1.44,0.25
1,23,0.9,0.3,0.9,3,49.32,-0.81,-0.01
1,23,0.9,0.3,0.9,7,49.11,-2.66,-0.24
1,23,0.9,0.3,0.9,11,49.11,-2.65,-0.24
1,23,0.9,0.3,0.9,15,49.11,-0.8,-0.02
1,23,0.9,0.3,0.9,19,49.74,1.44,0.25
1,23,0.9,0.3,1.2,3,49.32,-0.81,-0.01
1,23,0.9,0.3,1.2,7,49.11,-2.66,-0.24
1,23,0.9,0.3,1.2,11,49.11,-2.65,-0.24
1,23,0.9,0.3,1.2,15,49.11,-0.8,-0.02
1,23,0.9,0.3,1.2,19,49.74,1.44,0.25
1,23,0.9,0.3,1.5,3,49.32,-0.81,-0.01
1,23,0.9,0.3,1.5,7,49.11,-2.66,-0.24
1,23,0.9,0.3,1.5,11,49.11,-2.65,-0.24
1,23,0.9,0.3,1.5,15,49.11,-0.8,-0.02
1,23,0.9,0.3,1.5,19,49.74,1.44,0.25
1,23,0.9,0.3,1.8,3,49.32,-0.81,-0.01
1,23,0.9,0.3,1.8,7,49.11,-2.66,-0.24
1,23,0.9,0.3,1.8,11,49.11,-2.65,-0.24
1,23,0.9,0.3,1.8,15,49.11,-0.8,-0.02
1,23,0.9,0.3,1.8,19,49.74,1.44,0.25
1,23,0.9,0.3,2.1,3,49.32,-0.81,-0.01
1,23,0.9,0.3,2.1,7,49.11,-2.66,-0.24
1,23,0.9,0.3,2.1,11,49.11,-2.65,-0.24
1,23,0.9,0.3,2.1,15,49.11,-0.8,-0.02
1,23,0.9,0.3,2.1,19,49.74,1.44,0.25
1,23,0.9,0.6,0.0,3,41.43,5.41,0.63
1,23,0.9,0.6,0.0,7,41.43,-0.93,-0.01
1,23,0.9,0.6,0.0,11,41.64,0.96,0.19
1,23,0.9,0.6,0.0,15,41.54,2.41,0.35
1,23,0.9,0.6,0.0,19,41.54,2.27,0.33
1,23,0.9,0.6,0.3,3,41.11,3.97,0.49
1,23,0.9,0.6,0.3,7,41.11,-0.5,0.03
1,23,0.9,0.6,0.3,11,41.43,1.16,0.21
1,23,0.9,0.6,0.3,15,41.22,2.09,0.31
1,23,0.9,0.6,0.3,19,41.32,2.59,0.37
1,23,0.9,0.6,0.6,3,41.11,3.97,0.49
1,23,0.9,0.6,0.6,7,41.11,-0.5,0.03
1,23,0.9,0.6,0.6,11,41.43,1.16,0.21
1,23,0.9,0.6,0.6,15,41.22,2.09,0.31
1,23,0.9,0.6,0.6,19,41.32,2.59,0.37
1,23,0.9,0.6,0.9,3,41.11,3.97,0.49
1,23,0.9,0.6,0.9,7,41.11,-0.5,0.03
1,23,0.9,0.6,0.9,11,41.43,1.16,0.21
1,23,0.9,0.6,0.9,15,41.22,2.09,0.31
1,23,0.9,0.6,0.9,19,41.32,2.59,0.37
1,23,0.9,0.6,1.2,3,41.11,3.97,0.49
1,23,0.9,0.6,1.2,7,41.11,-0.5,0.03
1,23,0.9,0.6,1.2,11,41.43,1.16,0.21
1,23,0.9,0.6,1.2,15,41.22,2.09,0.31
1,23,0.9,0.6,1.2,19,41.32,2.59,0.37
1,23,0.9,0.6,1.5,3,41.11,3.97,0.49
1,23,0.9,0.6,1.5,7,41.11,-0.5,0.03
1,23,0.9,0.6,1.5,11,41.43,1.16,0.21
1,23,0.9,0.6,1.5,15,41.22,2.09,0.31
1,23,0.9,0.6,1.5,19,41.32,2.59,0.37
1,23,0.9,0.6,1.8,3,41.11,3.97,0.49
1,23,0.9,0.6,1.8,7,41.11,-0.5,0.03
1,23,0.9,0.6,1.8,11,41.43,1.16,0.21
1,23,0.9,0.6,1.8,15,41.22,2.09,0.31
1,23,0.9,0.6,1.8,19,41.32,2.59,0.37
1,23,0.9,0.6,2.1,3,41.11,3.97,0.49
1,23,0.9,0.6,2.1,7,41.11,-0.5,0.03
1,23,0.9,0.6,2.1,11,41.43,1.16,0.21
1,23,0.9,0.6,2.1,15,41.22,2.09,0.31
1,23,0.9,0.6,2.1,19,41.32,2.59,0.37
1,23,0.9,0.9,0.0,3,35.96,5.41,0.59
1,23,0.9,0.9,0.0,7,36.8,4.54,0.53
1,23,0.9,0.9,0.0,11,37.22,7.33,0.81
1,23,0.9,0.9,0.0,15,36.59,6.66,0.74
1,23,0.9,0.9,0.0,19,36.59,6.28,0.71
1,23,0.9,0.9,0.3,3,35.33,4.55,0.52
1,23,0.9,0.9,0.3,7,35.54,1.4,0.23
1,23,0.9,0.9,0.3,11,36.17,4.62,0.56
1,23,0.9,0.9,0.3,15,35.65,4.3,0.52
1,23,0.9,0.9,0.3,19,35.75,4.46,0.54
1,23,0.9,0.9,0.6,3,35.33,4.55,0.52
1,23,0.9,0.9,0.6,7,35.54,1.4,0.23
1,23,0.9,0.9,0.6,11,36.17,4.62,0.56
1,23,0.9,0.9,0.6,15,35.65,4.3,0.52
1,23,0.9,0.9,0.6,19,35.75,4.46,0.54
1,23,0.9,0.9,0.9,3,35.33,4.55,0.52
1,23,0.9,0.9,0.9,7,35.54,1.4,0.23
1,23,0.9,0.9,0.9,11,36.17,4.62,0.56
1,23,0.9,0.9,0.9,15,35.65,4.3,0.52
1,23,0.9,0.9,0.9,19,35.75,4.46,0.54
1,23,0.9,0.9,1.2,3,35.33,4.55,0.52
1,23,0.9,0.9,1.2,7,35.54,1.4,0.23
1,23,0.9,0.9,1.2,11,36.17,4.62,0.56
1,23,0.9,0.9,1.2,15,35.65,4.3,0.52
1,23,0.9,0.9,1.2,19,35.75,4.46,0.54
1,23,0.9,0.9,1.5,3,35.33,4.55,0.52
1,23,0.9,0.9,1.5,7,35.54,1.4,0.23
1,23,0.9,0.9,1.5,11,36.17,4.62,0.56
1,23,0.9,0.9,1.5,15,35.65,4.3,0.52
1,23,0.9,0.9,1.5,19,35.75,4.46,0.54
1,23,0.9,0.9,1.8,3,35.33,4.55,0.52
1,23,0.9,0.9,1.8,7,35.54,1.4,0.23
1,23,0.9,0.9,1.8,11,36.17,4.62,0.56
1,23,0.9,0.9,1.8,15,35.65,4.3,0.52
1,23,0.9,0.9,1.8,19,35.75,4.46,0.54
1,23,0.9,0.9,2.1,3,35.33,4.55,0.52
1,23,0.9,0.9,2.1,7,35.54,1.4,0.23
1,23,0.9,0.9,2.1,11,36.17,4.62,0.56
1,23,0.9,0.9,2.1,15,35.65,4.3,0.52
1,23,0.9,0.9,2.1,19,35.75,4.46,0.54
1,23,0.9,1.2,0.0,3,32.7,-0.74,0.04
1,23,0.9,1.2,0.0,7,32.39,-2.74,-0.15
1,23,0.9,1.2,0.0,11,32.7,-0.71,0.03
1,23,0.9,1.2,0.0,15,33.12,5.55,0.61
1,23,0.9,1.2,0.0,19,33.23,9.21,0.94
1,23,0.9,1.2,0.3,3,32.28,-0.41,0.07
1,23,0.9,1.2,0.3,7,31.65,-3.61,-0.25
1,23,0.9,1.2,0.3,11,32.49,1.35,0.23
1,23,0.9,1.2,0.3,15,32.6,6.99,0.75
1,23,0.9,1.2,0.3,19,32.7,8.93,0.93
1,23,0.9,1.2,0.6,3,32.28,-0.41,0.07
1,23,0.9,1.2,0.6,7,31.65,-3.61,-0.25
1,23,0.9,1.2,0.6,11,32.49,1.35,0.23
1,23,0.9,1.2,0.6,15,32.6,6.99,0.75
1,23,0.9,1.2,0.6,19,32.7,8.93,0.93
1,23,0.9,1.2,0.9,3,32.28,-0.41,0.07
1,23,0.9,1.2,0.9,7,31.65,-3.61,-0.25
1,23,0.9,1.2,0.9,11,32.49,1.35,0.23
1,23,0.9,1.2,0.9,15,32.6,6.99,0.75
1,23,0.9,1.2,0.9,19,32.7,8.93,0.93
1,23,0.9,1.2,1.2,3,32.28,-0.41,0.07
1,23,0.9,1.2,1.2,7,31.65,-3.61,-0.25
1,23,0.9,1.2,1.2,11,32.49,1.35,0.23
1,23,0.9,1.2,1.2,15,32.6,6.99,0.75
1,23,0.9,1.2,1.2,19,32.7,8.93,0.93
1,23,0.9,1.2,1.5,3,32.28,-0.41,0.07
1,23,0.9,1.2,1.5,7,31.65,-3.61,-0.25
1,23,0.9,1.2,1.5,11,32.49,1.35,0.23
1,23,0.9,1.2,1.5,15,32.6,6.99,0.75
1,23,0.9,1.2,1.5,19,32.7,8.93,0.93
1,23,0.9,1.2,1.8,3,32.28,-0.41,0.07
1,23,0.9,1.2,1.8,7,31.65,-3.61,-0.25
1,23,0.9,1.2,1.8,11,32.49,1.35,0.23
1,23,0.9,1.2,1.8,15,32.6,6.99,0.75
1,23,0.9,1.2,1.8,19,32.7,8.93,0.93
1,23,0.9,1.2,2.1,3,32.28,-0.41,0.07
1,23,0.9,1.2,2.1,7,31.65,-3.61,-0.25
1,23,0.9,1.2,2.1,11,32.49,1.35,0.23
1,23,0.9,1.2,2.1,15,32.6,6.99,0.75
1,23,0.9,1.2,2.1,19,32.7,8.93,0.93
1,23,0.9,1.5,0.0,3,29.97,-0.91,0.04
1,23,0.9,1.5,0.0,7,29.86,-2.61,-0.12
1,23,0.9,1.5,0.0,11,30.28,0.66,0.16
1,23,0.9,1.5,0.0,15,30.18,0.82,0.18
1,23,0.9,1.5,0.0,19,30.39,0.77,0.17
1,23,0.9,1.5,0.3,3,31.02,1.99,0.28
1,23,0.9,1.5,0.3,7,30.39,-4.06,-0.27
1,23,0.9,1.5,0.3,11,30.81,1.85,0.27
1,23,0.9,1.5,0.3,15,31.02,4.11,0.48
1,23,0.9,1.5,0.3,19,31.44,4.88,0.55
1,23,0.9,1.5,0.6,3,31.02,1.99,0.28
1,23,0.9,1.5,0.6,7,30.39,-4.06,-0.27
1,23,0.9,1.5,0.6,11,30.81,1.85,0.27
1,23,0.9,1.5,0.6,15,31.02,4.11,0.48
1,23,0.9,1.5,0.6,19,31.44,4.88,0.55
1,23,0.9,1.5,0.9,3,31.02,1.99,0.28
1,23,0.9,1.5,0.9,7,30.39,-4.06,-0.27
1,23,0.9,1.5,0.9,11,30.81,1.85,0.27
1,23,0.9,1.5,0.9,15,31.02,4.11,0.48
1,23,0.9,1.5,0.9,19,31.44,4.88,0.55
1,23,0.9,1.5,1.2,3,31.02,1.99,0.28
1,23,0.9,1.5,1.2,7,30.39,-4.06,-0.27
1,23,0.9,1.5,1.2,11,30.81,1.85,0.27
1,23,0.9,1.5,1.2,15,31.02,4.11,0.48
1,23,0.9,1.5,1.2,19,31.44,4.88,0.55
1,23,0.9,1.5,1.5,3,31.02,1.99,0.28
1,23,0.9,1.5,1.5,7,30.39,-4.06,-0.27
1,23,0.9,1.5,1.5,11,30.81,1.85,0.27
1,23,0.9,1.5,1.5,15,31.02,4.11,0.48
1,23,0.9,1.5,1.5,19,31.44,4.88,0.55
1,23,0.9,1.5,1.8,3,31.02,1.99,0.28
1,23,0.9,1.5,1.8,7,30.39,-4.06,-0.27
1,23,0.9,1.5,1.8,11,30.81,1.85,0.27
1,23,0.9,1.5,1.8,15,31.02,4.11,0.48
1,23,0.9,1.5,1.8,19,31.44,4.88,0.55
1,23,0.9,1.5,2.1,3,31.02,1.99,0.28
1,23,0.9,1.5,2.1,7,30.39,-4.06,-0.27
1,23,0.9,1.5,2.1,11,30.81,1.85,0.27
1,23,0.9,1.5,2.1,15,31.02,4.11,0.48
1,23,0.9,1.5,2.1,19,31.44,4.88,0.55
1,23,0.9,1.8,0.0,3,28.08,3.71,0.41
1,23,0.9,1.8,0.0,7,27.97,-2.35,-0.09
1,23,0.9,1.8,0.0,11,27.87,-4.29,-0.26
1,23,0.9,1.8,0.0,15,27.97,-2.18,-0.08
1,23,0.9,1.8,0.0,19,27.97,-4.67,-0.3
1,23,0.9,1.8,0.3,3,30.28,9.74,0.89
1,23,0.9,1.8,0.3,7,29.97,1.15,0.21
1,23,0.9,1.8,0.3,11,30.49,3.67,0.43
1,23,0.9,1.8,0.3,15,30.49,5.47,0.59
1,23,0.9,1.8,0.3,19,30.6,4.65,0.52
1,23,0.9,1.8,0.6,3,30.28,9.74,0.89
1,23,0.9,1.8,0.6,7,29.97,1.15,0.21
1,23,0.9,1.8,0.6,11,30.49,3.67,0.43
1,23,0.9,1.8,0.6,15,30.49,5.47,0.59
1,23,0.9,1.8,0.6,19,30.6,4.65,0.52
1,23,0.9,1.8,0.9,3,30.28,9.74,0.89
1,23,0.9,1.8,0.9,7,29.97,1.15,0.21
1,23,0.9,1.8,0.9,11,30.49,3.67,0.43
1,23,0.9,1.8,0.9,15,30.49,5.47,0.59
1,23,0.9,1.8,0.9,19,30.6,4.65,0.52
1,23,0.9,1.8,1.2,3,30.28,9.74,0.89
1,23,0.9,1.8,1.2,7,29.97,1.15,0.21
1,23,0.9,1.8,1.2,11,30.49,3.67,0.43
1,23,0.9,1.8,1.2,15,30.49,5.47,0.59
1,23,0.9,1.8,1.2,19,30.6,4.65,0.52
1,23,0.9,1.8,1.5,3,30.28,9.74,0.89
1,23,0.9,1.8,1.5,7,29.97,1.15,0.21
1,23,0.9,1.8,1.5,11,30.49,3.67,0.43
1,23,0.9,1.8,1.5,15,30.49,5.47,0.59
1,23,0.9,1.8,1.5,19,30.6,4.65,0.52
1,23,0.9,1.8,1.8,3,30.28,9.74,0.89
1,23,0.9,1.8,1.8,7,29.97,1.15,0.21
1,23,0.9,1.8,1.8,11,30.49,3.67,0.43
1,23,0.9,1.8,1.8,15,30.49,5.47,0.59
1,23,0.9,1.8,1.8,19,30.6,4.65,0.52
1,23,0.9,1.8,2.1,3,30.28,9.74,0.89
1,23,0.9,1.8,2.1,7,29.97,1.15,0.21
1,23,0.9,1.8,2.1,11,30.49,3.67,0.43
1,23,0.9,1.8,2.1,15,30.49,5.47,0.59
1,23,0.9,1.8,2.1,19,30.6,4.65,0.52
1,23,0.9,2.1,0.0,3,26.71,-3.92,-0.19
1,23,0.9,2.1,0.0,7,26.53,-5.78,-0.36
1,23,0.9,2.1,0.0,11,26.32,-8.31,-0.6
1,23,0.9,2.1,0.0,15,26.21,-8.84,-0.65
1,23,0.9,2.1,0.0,19,26.21,-8.11,-0.59
1,23,0.9,2.1,0.3,3,29.76,7.0,0.67
1,23,0.9,2.1,0.3,7,29.37,2.43,0.32
1,23,0.9,2.1,0.3,11,29.79,2.88,0.36
1,23,0.9,2.1,0.3,15,30.0,4.02,0.46
1,23,0.9,2.1,0.3,19,30.21,6.84,0.7
1,23,0.9,2.1,0.6,3,29.76,7.0,0.67
1,23,0.9,2.1,0.6,7,29.37,2.43,0.32
1,23,0.9,2.1,0.6,11,29.79,2.88,0.36
1,23,0.9,2.1,0.6,15,30.0,4.02,0.46
1,23,0.9,2.1,0.6,19,30.21,6.84,0.7
1,23,0.9,2.1,0.9,3,29.76,7.0,0.67
1,23,0.9,2.1,0.9,7,29.37,2.43,0.32
1,23,0.9,2.1,0.9,11,29.79,2.88,0.36
1,23,0.9,2.1,0.9,15,30.0,4.02,0.46
1,23,0.9,2.1,0.9,19,30.21,6.84,0.7
1,23,0.9,2.1,1.2,3,29.76,7.0,0.67
1,23,0.9,2.1,1.2,7,29.37,2.43,0.32
1,23,0.9,2.1,1.2,11,29.79,2.88,0.36
1,23,0.9,2.1,1.2,15,30.0,4.02,0.46
1,23,0.9,2.1,1.2,19,30.21,6.84,0.7
1,23,0.9,2.1,1.5,3,29.76,7.0,0.67
1,23,0.9,2.1,1.5,7,29.37,2.43,0.32
1,23,0.9,2.1,1.5,11,29.79,2.88,0.36
1,23,0.9,2.1,1.5,15,30.0,4.02,0.46
1,23,0.9,2.1,1.5,19,30.21,6.84,0.7
1,23,0.9,2.1,1.8,3,29.76,7.0,0.67
1,23,0.9,2.1,1.8,7,29.37,2.43,0.32
1,23,0.9,2.1,1.8,11,29.79,2.88,0.36
1,23,0.9,2.1,1.8,15,30.0,4.02,0.46
1,23,0.9,2.1,1.8,19,30.21,6.84,0.7
1,23,0.9,2.1,2.1,3,29.76,7.0,0.67
1,23,0.9,2.1,2.1,7,29.37,2.43,0.32
1,23,0.9,2.1,2.1,11,29.79,2.88,0.36
1,23,0.9,2.1,2.1,15,30.0,4.02,0.46
1,23,0.9,2.1,2.1,19,30.21,6.84,0.7
1,23,1.2,0.0,0.0,3,59.94,0.93,0.19
1,23,1.2,0.0,0.0,7,59.83,-0.45,0.01
1,23,1.2,0.0,0.0,11,59.83,-0.53,-0.0
1,23,1.2,0.0,0.0,15,59.73,-0.81,-0.04
1,23,1.2,0.0,0.0,19,59.73,-0.29,0.03
1,23,1.2,0.0,0.3,3,59.94,0.93,0.19
1,23,1.2,0.0,0.3,7,59.83,-0.45,0.01
1,23,1.2,0.0,0.3,11,59.83,-0.53,-0.0
1,23,1.2,0.0,0.3,15,59.73,-0.81,-0.04
1,23,1.2,0.0,0.3,19,59.73,-0.29,0.03
1,23,1.2,0.0,0.6,3,59.94,0.93,0.19
1,23,1.2,0.0,0.6,7,59.83,-0.45,0.01
1,23,1.2,0.0,0.6,11,59.83,-0.53,-0.0
1,23,1.2,0.0,0.6,15,59.73,-0.81,-0.04
1,23,1.2,0.0,0.6,19,59.73,-0.29,0.03
1,23,1.2,0.0,0.9,3,59.94,0.93,0.19
1,23,1.2,0.0,0.9,7,59.83,-0.45,0.01
1,23,1.2,0.0,0.9,11,59.83,-0.53,-0.0
1,23,1.2,0.0,0.9,15,59.73,-0.81,-0.04
1,23,1.2,0.0,0.9,19,59.73,-0.29,0.03
1,23,1.2,0.0,1.2,3,59.94,0.93,0.19
1,23,1.2,0.0,1.2,7,59.83,-0.45,0.01
1,23,1.2,0.0,1.2,11,59.83,-0.53,-0.0
1,23,1.2,0.0,1.2,15,59.73,-0.81,-0.04
1,23,1.2,0.0,1.2,19,59.73,-0.29,0.03
1,23,1.2,0.0,1.5,3,59.94,0.93,0.19
1,23,1.2,0.0,1.5,7,59.83,-0.45,0.01
1,23,1.2,0.0,1.5,11,59.83,-0.53,-0.0
1,23,1.2,0.0,1.5,15,59.73,-0.81,-0.04
1,23,1.2,0.0,1.5,19,59.73,-0.29,0.03
1,23,1.2,0.0,1.8,3,59.94,0.93,0.19
1,23,1.2,0.0,1.8,7,59.83,-0.45,0.01
1,23,1.2,0.0,1.8,11,59.83,-0.53,-0.0
1,23,1.2,0.0,1.8,15,59.73,-0.81,-0.04
1,23,1.2,0.0,1.8,19,59.73,-0.29,0.03
1,23,1.2,0.0,2.1,3,59.94,0.93,0.19
1,23,1.2,0.0,2.1,7,59.83,-0.45,0.01
1,23,1.2,0.0,2.1,11,59.83,-0.53,-0.0
1,23,1.2,0.0,2.1,15,59.73,-0.81,-0.04
1,23,1.2,0.0,2.1,19,59.73,-0.29,0.03
1,23,1.2,0.3,0.0,3,49.42,0.64,0.16
1,23,1.2,0.3,0.0,7,49.53,-2.88,-0.26
1,23,1.2,0.3,0.0,11,50.05,-2.0,-0.16
1,23,1.2,0.3,0.0,15,49.95,-1.71,-0.12
1,23,1.2,0.3,0.0,19,50.58,1.43,0.25
1,23,1.2,0.3,0.3,3,49.42,0.64,0.16
1,23,1.2,0.3,0.3,7,49.53,-2.88,-0.26
1,23,1.2,0.3,0.3,11,50.05,-1.56,-0.1
1,23,1.2,0.3,0.3,15,49.95,-1.53,-0.1
1,23,1.2,0.3,0.3,19,50.58,1.43,0.25
1,23,1.2,0.3,0.6,3,49.42,0.64,0.16
1,23,1.2,0.3,0.6,7,49.53,-2.88,-0.26
1,23,1.2,0.3,0.6,11,50.05,-1.56,-0.1
1,23,1.2,0.3,0.6,15,49.95,-1.53,-0.1
1,23,1.2,0.3,0.6,19,50.58,1.43,0.25
1,23,1.2,0.3,0.9,3,49.42,0.64,0.16
1,23,1.2,0.3,0.9,7,49.53,-2.88,-0.26
1,23,1.2,0.3,0.9,11,50.05,-1.56,-0.1
1,23,1.2,0.3,0.9,15,49.95,-1.53,-0.1
1,23,1.2,0.3,0.9,19,50.58,1.43,0.25
1,23,1.2,0.3,1.2,3,49.42,0.64,0.16
1,23,1.2,0.3,1.2,7,49.53,-2.88,-0.26
1,23,1.2,0.3,1.2,11,50.05,-1.56,-0.1
1,23,1.2,0.3,1.2,15,49.95,-1.53,-0.1
1,23,1.2,0.3,1.2,19,50.58,1.43,0.25
1,23,1.2,0.3,1.5,3,49.42,0.64,0.16
1,23,1.2,0.3,1.5,7,49.53,-2.88,-0.26
1,23,1.2,0.3,1.5,11,50.05,-1.56,-0.1
1,23,1.2,0.3,1.5,15,49.95,-1.53,-0.1
1,23,1.2,0.3,1.5,19,50.58,1.43,0.25
1,23,1.2,0.3,1.8,3,49.42,0.64,0.16
1,23,1.2,0.3,1.8,7,49.53,-2.88,-0.26
1,23,1.2,0.3,1.8,11,50.05,-1.56,-0.1
1,23,1.2,0.3,1.8,15,49.95,-1.53,-0.1
1,23,1.2,0.3,1.8,19,50.58,1.43,0.25
1,23,1.2,0.3,2.1,3,49.42,0.64,0.16
1,23,1.2,0.3,2.1,7,49.53,-2.88,-0.26
1,23,1.2,0.3,2.1,11,50.05,-1.56,-0.1
1,23,1.2,0.3,2.1,15,49.95,-1.53,-0.1
1,23,1.2,0.3,2.1,19,50.58,1.43,0.25
1,23,1.2,0.6,0.0,3,41.54,6.72,0.75
1,23,1.2,0.6,0.0,7,41.85,0.18,0.11
1,23,1.2,0.6,0.0,11,42.48,1.98,0.3
1,23,1.2,0.6,0.0,15,42.27,1.55,0.25
1,23,1.2,0.6,0.0,19,42.27,1.95,0.3
1,23,1.2,0.6,0.3,3,41.54,7.3,0.81
1,23,1.2,0.6,0.3,7,41.64,-1.09,-0.03
1,23,1.2,0.6,0.3,11,42.27,1.15,0.21
1,23,1.2,0.6,0.3,15,42.17,1.49,0.25
1,23,1.2,0.6,0.3,19,42.17,1.84,0.29
1,23,1.2,0.6,0.6,3,41.54,7.3,0.81
1,23,1.2,0.6,0.6,7,41.64,-1.09,-0.03
1,23,1.2,0.6,0.6,11,42.27,1.15,0.21
1,23,1.2,0.6,0.6,15,42.17,1.49,0.25
1,23,1.2,0.6,0.6,19,42.17,1.84,0.29
1,23,1.2,0.6,0.9,3,41.54,7.3,0.81
1,23,1.2,0.6,0.9,7,41.64,-1.09,-0.03
1,23,1.2,0.6,0.9,11,42.27,1.15,0.21
1,23,1.2,0.6,0.9,15,42.17,1.49,0.25
1,23,1.2,0.6,0.9,19,42.17,1.84,0.29
1,23,1.2,0.6,1.2,3,41.54,7.3,0.81
1,23,1.2,0.6,1.2,7,41.64,-1.09,-0.03
1,23,1.2,0.6,1.2,11,42.27,1.15,0.21
1,23,1.2,0.6,1.2,15,42.17,1.49,0.25
1,23,1.2,0.6,1.2,19,42.17,1.84,0.29
1,23,1.2,0.6,1.5,3,41.54,7.3,0.81
1,23,1.2,0.6,1.5,7,41.64,-1.09,-0.03
1,23,1.2,0.6,1.5,11,42.27,1.15,0.21
1,23,1.2,0.6,1.5,15,42.17,1.49,0.25
1,23,1.2,0.6,1.5,19,42.17,1.84,0.29
1,23,1.2,0.6,1.8,3,41.54,7.3,0.81
1,23,1.2,0.6,1.8,7,41.64,-1.09,-0.03
1,23,1.2,0.6,1.8,11,42.27,1.15,0.21
1,23,1.2,0.6,1.8,15,42.17,1.49,0.25
1,23,1.2,0.6,1.8,19,42.17,1.84,0.29
1,23,1.2,0.6,2.1,3,41.54,7.3,0.81
1,23,1.2,0.6,2.1,7,41.64,-1.09,-0.03
1,23,1.2,0.6,2.1,11,42.27,1.15,0.21
1,23,1.2,0.6,2.1,15,42.17,1.49,0.25
1,23,1.2,0.6,2.1,19,42.17,1.84,0.29
1,23,1.2,0.9,0.0,3,36.07,6.91,0.72
1,23,1.2,0.9,0.0,7,37.12,4.83,0.56
1,23,1.2,0.9,0.0,11,37.96,8.28,0.89
1,23,1.2,0.9,0.0,15,37.33,5.93,0.67
1,23,1.2,0.9,0.0,19,37.33,6.23,0.69
1,23,1.2,0.9,0.3,3,35.96,8.53,0.86
1,23,1.2,0.9,0.3,7,37.01,5.81,0.65
1,23,1.2,0.9,0.3,11,37.75,7.96,0.86
1,23,1.2,0.9,0.3,15,37.12,6.35,0.71
1,23,1.2,0.9,0.3,19,37.12,6.62,0.73
1,23,1.2,0.9,0.6,3,35.96,8.53,0.86
1,23,1.2,0.9,0.6,7,37.01,5.81,0.65
1,23,1.2,0.9,0.6,11,37.75,7.96,0.86
1,23,1.2,0.9,0.6,15,37.12,6.35,0.71
1,23,1.2,0.9,0.6,19,37.12,6.62,0.73
1,23,1.2,0.9,0.9,3,35.96,8.53,0.86
1,23,1.2,0.9,0.9,7,37.01,5.81,0.65
1,23,1.2,0.9,0.9,11,37.75,7.96,0.86
1,23,1.2,0.9,0.9,15,37.12,6.35,0.71
1,23,1.2,0.9,0.9,19,37.12,6.62,0.73
1,23,1.2,0.9,1.2,3,35.96,8.53,0.86
1,23,1.2,0.9,1.2,7,37.01,5.81,0.65
1,23,1.2,0.9,1.2,11,37.75,7.96,0.86
1,23,1.2,0.9,1.2,15,37.12,6.35,0.71
1,23,1.2,0.9,1.2,19,37.12,6.62,0.73
1,23,1.2,0.9,1.5,3,35.96,8.53,0.86
1,23,1.2,0.9,1.5,7,37.01,5.81,0.65
1,23,1.2,0.9,1.5,11,37.75,7.96,0.86
1,23,1.2,0.9,1.5,15,37.12,6.35,0.71
1,23,1.2,0.9,1.5,19,37.12,6.62,0.73
1,23,1.2,0.9,1.8,3,35.96,8.53,0.86
1,23,1.2,0.9,1.8,7,37.01,5.81,0.65
1,23,1.2,0.9,1.8,11,37.75,7.96,0.86
1,23,1.2,0.9,1.8,15,37.12,6.35,0.71
1,23,1.2,0.9,1.8,19,37.12,6.62,0.73
1,23,1.2,0.9,2.1,3,35.96,8.53,0.86
1,23,1.2,0.9,2.1,7,37.01,5.81,0.65
1,23,1.2,0.9,2.1,11,37.75,7.96,0.86
1,23,1.2,0.9,2.1,15,37.12,6.35,0.71
1,23,1.2,0.9,2.1,19,37.12,6.62,0.73
1,23,1.2,1.2,0.0,3,32.81,-0.03,0.1
1,23,1.2,1.2,0.0,7,32.7,-2.25,-0.1
1,23,1.2,1.2,0.0,11,33.33,0.12,0.11
1,23,1.2,1.2,0.0,15,33.75,4.92,0.55
1,23,1.2,1.2,0.0,19,33.86,9.33,0.94
1,23,1.2,1.2,0.3,3,32.6,1.88,0.27
1,23,1.2,1.2,0.3,7,32.6,0.55,0.15
1,23,1.2,1.2,0.3,11,33.12,2.61,0.34
1,23,1.2,1.2,0.3,15,33.44,7.77,0.81
1,23,1.2,1.2,0.3,19,33.54,11.47,1.13
1,23,1.2,1.2,0.6,3,32.6,1.88,0.27
1,23,1.2,1.2,0.6,7,32.6,0.55,0.15
1,23,1.2,1.2,0.6,11,33.12,2.61,0.34
1,23,1.2,1.2,0.6,15,33.44,7.77,0.81
1,23,1.2,1.2,0.6,19,33.54,11.47,1.13
1,23,1.2,1.2,0.9,3,32.6,1.88,0.27
1,23,1.2,1.2,0.9,7,32.6,0.55,0.15
1,23,1.2,1.2,0.9,11,33.12,2.61,0.34
1,23,1.2,1.2,0.9,15,33.44,7.77,0.81
1,23,1.2,1.2,0.9,19,33.54,11.47,1.13
1,23,1.2,1.2,1.2,3,32.6,1.88,0.27
1,23,1.2,1.2,1.2,7,32.6,0.55,0.15
1,23,1.2,1.2,1.2,11,33.12,2.61,0.34
1,23,1.2,1.2,1.2,15,33.44,7.77,0.81
1,23,1.2,1.2,1.2,19,33.54,11.47,1.13
1,23,1.2,1.2,1.5,3,32.6,1.88,0.27
1,23,1.2,1.2,1.5,7,32.6,0.55,0.15
1,23,1.2,1.2,1.5,11,33.12,2.61,0.34
1,23,1.2,1.2,1.5,15,33.44,7.77,0.81
1,23,1.2,1.2,1.5,19,33.54,11.47,1.13
1,23,1.2,1.2,1.8,3,32.6,1.88,0.27
1,23,1.2,1.2,1.8,7,32.6,0.55,0.15
1,23,1.2,1.2,1.8,11,33.12,2.61,0.34
1,23,1.2,1.2,1.8,15,33.44,7.77,0.81
1,23,1.2,1.2,1.8,19,33.54,11.47,1.13
1,23,1.2,1.2,2.1,3,32.6,1.88,0.27
1,23,1.2,1.2,2.1,7,32.6,0.55,0.15
1,23,1.2,1.2,2.1,11,33.12,2.61,0.34
1,23,1.2,1.2,2.1,15,33.44,7.77,0.81
1,23,1.2,1.2,2.1,19,33.54,11.47,1.13
1,23,1.2,1.5,0.0,3,30.07,-0.2,0.1
1,23,1.2,1.5,0.0,7,30.18,-1.62,-0.03
1,23,1.2,1.5,0.0,11,30.81,1.62,0.25
1,23,1.2,1.5,0.0,15,30.7,0.6,0.16
1,23,1.2,1.5,0.0,19,30.91,0.81,0.18
1,23,1.2,1.5,0.3,3,30.18,3.95,0.44
1,23,1.2,1.5,0.3,7,30.49,4.26,0.47
1,23,1.2,1.5,0.3,11,30.7,3.8,0.44
1,23,1.2,1.5,0.3,15,30.6,3.81,0.44
1,23,1.2,1.5,0.3,19,30.91,4.43,0.5
1,23,1.2,1.5,0.6,3,30.18,3.95,0.44
1,23,1.2,1.5,0.6,7,30.49,4.26,0.47
1,23,1.2,1.5,0.6,11,30.7,3.8,0.44
1,23,1.2,1.5,0.6,15,30.6,3.81,0.44
1,23,1.2,1.5,0.6,19,30.91,4.43,0.5
1,23,1.2,1.5,0.9,3,30.18,3.95,0.44
1,23,1.2,1.5,0.9,7,30.49,4.26,0.47
1,23,1.2,1.5,0.9,11,30.7,3.8,0.44
1,23,1.2,1.5,0.9,15,30.6,3.81,0.44
1,23,1.2,1.5,0.9,19,30.91,4.43,0.5
1,23,1.2,1.5,1.2,3,30.18,3.95,0.44
1,23,1.2,1.5,1.2,7,30.49,4.26,0.47
1,23,1.2,1.5,1.2,11,30.7,3.8,0.44
1,23,1.2,1.5,1.2,15,30.6,3.81,0.44
1,23,1.2,1.5,1.2,19,30.91,4.43,0.5
1,23,1.2,1.5,1.5,3,30.18,3.95,0.44
1,23,1.2,1.5,1.5,7,30.49,4.26,0.47
1,23,1.2,1.5,1.5,11,30.7,3.8,0.44
1,23,1.2,1.5,1.5,15,30.6,3.81,0.44
1,23,1.2,1.5,1.5,19,30.91,4.43,0.5
1,23,1.2,1.5,1.8,3,30.18,3.95,0.44
1,23,1.2,1.5,1.8,7,30.49,4.26,0.47
1,23,1.2,1.5,1.8,11,30.7,3.8,0.44
1,23,1.2,1.5,1.8,15,30.6,3.81,0.44
1,23,1.2,1.5,1.8,19,30.91,4.43,0.5
1,23,1.2,1.5,2.1,3,30.18,3.95,0.44
1,23,1.2,1.5,2.1,7,30.49,4.26,0.47
1,23,1.2,1.5,2.1,11,30.7,3.8,0.44
1,23,1.2,1.5,2.1,15,30.6,3.81,0.44
1,23,1.2,1.5,2.1,19,30.91,4.43,0.5
1,23,1.2,1.8,0.0,3,28.18,4.46,0.47
1,23,1.2,1.8,0.0,7,28.29,-0.96,0.03
1,23,1.2,1.8,0.0,11,28.39,-2.94,-0.14
1,23,1.2,1.8,0.0,15,28.5,-1.66,-0.03
1,23,1.2,1.8,0.0,19,28.5,-3.91,-0.23
1,23,1.2,1.8,0.3,3,28.81,9.67,0.87
1,23,1.2,1.8,0.3,7,29.23,6.7,0.66
1,23,1.2,1.8,0.3,11,29.23,1.08,0.2
1,23,1.2,1.8,0.3,15,28.92,1.22,0.21
1,23,1.2,1.8,0.3,19,29.23,1.63,0.25
1,23,1.2,1.8,0.6,3,28.81,9.67,0.87
1,23,1.2,1.8,0.6,7,29.23,6.7,0.66
1,23,1.2,1.8,0.6,11,29.23,1.08,0.2
1,23,1.2,1.8,0.6,15,28.92,1.22,0.21
1,23,1.2,1.8,0.6,19,29.23,1.63,0.25
1,23,1.2,1.8,0.9,3,28.81,9.67,0.87
1,23,1.2,1.8,0.9,7,29.23,6.7,0.66
1,23,1.2,1.8,0.9,11,29.23,1.08,0.2
1,23,1.2,1.8,0.9,15,28.92,1.22,0.21
1,23,1.2,1.8,0.9,19,29.23,1.63,0.25
1,23,1.2,1.8,1.2,3,28.81,9.67,0.87
1,23,1.2,1.8,1.2,7,29.23,6.7,0.66
1,23,1.2,1.8,1.2,11,29.23,1.08,0.2
1,23,1.2,1.8,1.2,15,28.92,1.22,0.21
1,23,1.2,1.8,1.2,19,29.23,1.63,0.25
1,23,1.2,1.8,1.5,3,28.81,9.67,0.87
1,23,1.2,1.8,1.5,7,29.23,6.7,0.66
1,23,1.2,1.8,1.5,11,29.23,1.08,0.2
1,23,1.2,1.8,1.5,15,28.92,1.22,0.21
1,23,1.2,1.8,1.5,19,29.23,1.63,0.25
1,23,1.2,1.8,1.8,3,28.81,9.67,0.87
1,23,1.2,1.8,1.8,7,29.23,6.7,0.66
1,23,1.2,1.8,1.8,11,29.23,1.08,0.2
1,23,1.2,1.8,1.8,15,28.92,1.22,0.21
1,23,1.2,1.8,1.8,19,29.23,1.63,0.25
1,23,1.2,1.8,2.1,3,28.81,9.67,0.87
1,23,1.2,1.8,2.1,7,29.23,6.7,0.66
1,23,1.2,1.8,2.1,11,29.23,1.08,0.2
1,23,1.2,1.8,2.1,15,28.92,1.22,0.21
1,23,1.2,1.8,2.1,19,29.23,1.63,0.25
1,23,1.2,2.1,0.0,3,26.81,-3.23,-0.13
1,23,1.2,2.1,0.0,7,26.84,-4.3,-0.24
1,23,1.2,2.1,0.0,11,26.84,-6.83,-0.46
1,23,1.2,2.1,0.0,15,26.74,-8.17,-0.58
1,23,1.2,2.1,0.0,19,26.74,-7.2,-0.5
1,23,1.2,2.1,0.3,3,27.76,2.77,0.34
1,23,1.2,2.1,0.3,7,28.32,5.11,0.52
1,23,1.2,2.1,0.3,11,28.11,-1.34,0.0
1,23,1.2,2.1,0.3,15,28.0,-3.16,-0.16
1,23,1.2,2.1,0.3,19,28.21,-2.18,-0.08
1,23,1.2,2.1,0.6,3,27.76,2.77,0.34
1,23,1.2,2.1,0.6,7,28.32,5.11,0.52
1,23,1.2,2.1,0.6,11,28.11,-1.34,0.0
1,23,1.2,2.1,0.6,15,28.0,-3.16,-0.16
1,23,1.2,2.1,0.6,19,28.21,-2.18,-0.08
1,23,1.2,2.1,0.9,3,27.76,2.77,0.34
1,23,1.2,2.1,0.9,7,28.32,5.11,0.52
1,23,1.2,2.1,0.9,11,28.11,-1.34,0.0
1,23,1.2,2.1,0.9,15,28.0,-3.16,-0.16
1,23,1.2,2.1,0.9,19,28.21,-2.18,-0.08
1,23,1.2,2.1,1.2,3,27.76,2.77,0.34
1,23,1.2,2.1,1.2,7,28.32,5.11,0.52
1,23,1.2,2.1,1.2,11,28.11,-1.34,0.0
1,23,1.2,2.1,1.2,15,28.0,-3.16,-0.16
1,23,1.2,2.1,1.2,19,28.21,-2.18,-0.08
1,23,1.2,2.1,1.5,3,27.76,2.77,0.34
1,23,1.2,2.1,1.5,7,28.32,5.11,0.52
1,23,1.2,2.1,1.5,11,28.11,-1.34,0.0
1,23,1.2,2.1,1.5,15,28.0,-3.16,-0.16
1,23,1.2,2.1,1.5,19,28.21,-2.18,-0.08
1,23,1.2,2.1,1.8,3,27.76,2.77,0.34
1,23,1.2,2.1,1.8,7,28.32,5.11,0.52
1,23,1.2,2.1,1.8,11,28.11,-1.34,0.0
1,23,1.2,2.1,1.8,15,28.0,-3.16,-0.16
1,23,1.2,2.1,1.8,19,28.21,-2.18,-0.08
1,23,1.2,2.1,2.1,3,27.76,2.77,0.34
1,23,1.2,2.1,2.1,7,28.32,5.11,0.52
1,23,1.2,2.1,2.1,11,28.11,-1.34,0.0
1,23,1.2,2.1,2.1,15,28.0,-3.16,-0.16
1,23,1.2,2.1,2.1,19,28.21,-2.18,-0.08
1,23,1.5,0.0,0.0,3,59.94,1.08,0.21
1,23,1.5,0.0,0.0,7,59.83,-1.08,-0.08
1,23,1.5,0.0,0.0,11,59.83,-0.68,-0.02
1,23,1.5,0.0,0.0,15,59.83,-0.8,-0.04
1,23,1.5,0.0,0.0,19,59.83,-0.53,-0.0
1,23,1.5,0.0,0.3,3,59.94,1.08,0.21
1,23,1.5,0.0,0.3,7,59.83,-1.08,-0.08
1,23,1.5,0.0,0.3,11,59.83,-0.68,-0.02
1,23,1.5,0.0,0.3,15,59.83,-0.8,-0.04
1,23,1.5,0.0,0.3,19,59.83,-0.53,-0.0
1,23,1.5,0.0,0.6,3,59.94,1.08,0.21
1,23,1.5,0.0,0.6,7,59.83,-1.08,-0.08
1,23,1.5,0.0,0.6,11,59.83,-0.68,-0.02
1,23,1.5,0.0,0.6,15,59.83,-0.8,-0.04
1,23,1.5,0.0,0.6,19,59.83,-0.53,-0.0
1,23,1.5,0.0,0.9,3,59.94,1.08,0.21
1,23,1.5,0.0,0.9,7,59.83,-1.08,-0.08
1,23,1.5,0.0,0.9,11,59.83,-0.68,-0.02
1,23,1.5,0.0,0.9,15,59.83,-0.8,-0.04
1,23,1.5,0.0,0.9,19,59.83,-0.53,-0.0
1,23,1.5,0.0,1.2,3,59.94,1.08,0.21
1,23,1.5,0.0,1.2,7,59.83,-1.08,-0.08
1,23,1.5,0.0,1.2,11,59.83,-0.68,-0.02
1,23,1.5,0.0,1.2,15,59.83,-0.8,-0.04
1,23,1.5,0.0,1.2,19,59.83,-0.53,-0.0
1,23,1.5,0.0,1.5,3,59.94,1.08,0.21
1,23,1.5,0.0,1.5,7,59.83,-1.08,-0.08
1,23,1.5,0.0,1.5,11,59.83,-0.68,-0.02
1,23,1.5,0.0,1.5,15,59.83,-0.8,-0.04
1,23,1.5,0.0,1.5,19,59.83,-0.53,-0.0
1,23,1.5,0.0,1.8,3,59.94,1.08,0.21
1,23,1.5,0.0,1.8,7,59.83,-1.08,-0.08
1,23,1.5,0.0,1.8,11,59.83,-0.68,-0.02
1,23,1.5,0.0,1.8,15,59.83,-0.8,-0.04
1,23,1.5,0.0,1.8,19,59.83,-0.53,-0.0
1,23,1.5,0.0,2.1,3,59.94,1.08,0.21
1,23,1.5,0.0,2.1,7,59.83,-1.08,-0.08
1,23,1.5,0.0,2.1,11,59.83,-0.68,-0.02
1,23,1.5,0.0,2.1,15,59.83,-0.8,-0.04
1,23,1.5,0.0,2.1,19,59.83,-0.53,-0.0
1,23,1.5,0.3,0.0,3,49.42,0.79,0.17
1,23,1.5,0.3,0.0,7,49.53,-3.49,-0.33
1,23,1.5,0.3,0.0,11,50.05,-2.7,-0.24
1,23,1.5,0.3,0.0,15,50.05,-2.2,-0.18
1,23,1.5,0.3,0.0,19,50.68,0.58,0.15
1,23,1.5,0.3,0.3,3,49.42,0.79,0.17
1,23,1.5,0.3,0.3,7,49.53,-3.49,-0.33
1,23,1.5,0.3,0.3,11,50.05,-2.7,-0.24
1,23,1.5,0.3,0.3,15,50.05,-2.09,-0.17
1,23,1.5,0.3,0.3,19,50.68,1.14,0.21
1,23,1.5,0.3,0.6,3,49.42,0.79,0.17
1,23,1.5,0.3,0.6,7,49.53,-3.49,-0.33
1,23,1.5,0.3,0.6,11,50.05,-2.7,-0.24
1,23,1.5,0.3,0.6,15,50.05,-2.09,-0.17
1,23,1.5,0.3,0.6,19,50.68,1.14,0.21
1,23,1.5,0.3,0.9,3,49.42,0.79,0.17
1,23,1.5,0.3,0.9,7,49.53,-3.49,-0.33
1,23,1.5,0.3,0.9,11,50.05,-2.7,-0.24
1,23,1.5,0.3,0.9,15,50.05,-2.09,-0.17
1,23,1.5,0.3,0.9,19,50.68,1.14,0.21
1,23,1.5,0.3,1.2,3,49.42,0.79,0.17
1,23,1.5,0.3,1.2,7,49.53,-3.49,-0.33
1,23,1.5,0.3,1.2,11,50.05,-2.7,-0.24
1,23,1.5,0.3,1.2,15,50.05,-2.09,-0.17
1,23,1.5,0.3,1.2,19,50.68,1.14,0.21
1,23,1.5,0.3,1.5,3,49.42,0.79,0.17
1,23,1.5,0.3,1.5,7,49.53,-3.49,-0.33
1,23,1.5,0.3,1.5,11,50.05,-2.7,-0.24
1,23,1.5,0.3,1.5,15,50.05,-2.09,-0.17
1,23,1.5,0.3,1.5,19,50.68,1.14,0.21
1,23,1.5,0.3,1.8,3,49.42,0.79,0.17
1,23,1.5,0.3,1.8,7,49.53,-3.49,-0.33
1,23,1.5,0.3,1.8,11,50.05,-2.7,-0.24
1,23,1.5,0.3,1.8,15,50.05,-2.09,-0.17
1,23,1.5,0.3,1.8,19,50.68,1.14,0.21
1,23,1.5,0.3,2.1,3,49.42,0.79,0.17
1,23,1.5,0.3,2.1,7,49.53,-3.49,-0.33
1,23,1.5,0.3,2.1,11,50.05,-2.7,-0.24
1,23,1.5,0.3,2.1,15,50.05,-2.09,-0.17
1,23,1.5,0.3,2.1,19,50.68,1.14,0.21
1,23,1.5,0.6,0.0,3,41.54,6.88,0.77
1,23,1.5,0.6,0.0,7,41.85,-0.67,0.02
1,23,1.5,0.6,0.0,11,42.48,1.04,0.2
1,23,1.5,0.6,0.0,15,42.38,1.56,0.25
1,23,1.5,0.6,0.0,19,42.38,1.6,0.26
1,23,1.5,0.6,0.3,3,41.54,6.88,0.77
1,23,1.5,0.6,0.3,7,41.85,-0.45,0.04
1,23,1.5,0.6,0.3,11,42.38,0.27,0.12
1,23,1.5,0.6,0.3,15,42.27,0.89,0.18
1,23,1.5,0.6,0.3,19,42.27,1.39,0.24
1,23,1.5,0.6,0.6,3,41.54,6.88,0.77
1,23,1.5,0.6,0.6,7,41.85,-0.45,0.04
1,23,1.5,0.6,0.6,11,42.38,0.27,0.12
1,23,1.5,0.6,0.6,15,42.27,0.89,0.18
1,23,1.5,0.6,0.6,19,42.27,1.39,0.24
1,23,1.5,0.6,0.9,3,41.54,6.88,0.77
1,23,1.5,0.6,0.9,7,41.85,-0.45,0.04
1,23,1.5,0.6,0.9,11,42.38,0.27,0.12
1,23,1.5,0.6,0.9,15,42.27,0.89,0.18
1,23,1.5,0.6,0.9,19,42.27,1.39,0.24
1,23,1.5,0.6,1.2,3,41.54,6.88,0.77
1,23,1.5,0.6,1.2,7,41.85,-0.45,0.04
1,23,1.5,0.6,1.2,11,42.38,0.27,0.12
1,23,1.5,0.6,1.2,15,42.27,0.89,0.18
1,23,1.5,0.6,1.2,19,42.27,1.39,0.24
1,23,1.5,0.6,1.5,3,41.54,6.88,0.77
1,23,1.5,0.6,1.5,7,41.85,-0.45,0.04
1,23,1.5,0.6,1.5,11,42.38,0.27,0.12
1,23,1.5,0.6,1.5,15,42.27,0.89,0.18
1,23,1.5,0.6,1.5,19,42.27,1.39,0.24
1,23,1.5,0.6,1.8,3,41.54,6.88,0.77
1,23,1.5,0.6,1.8,7,41.85,-0.45,0.04
1,23,1.5,0.6,1.8,11,42.38,0.27,0.12
1,23,1.5,0.6,1.8,15,42.27,0.89,0.18
1,23,1.5,0.6,1.8,19,42.27,1.39,0.24
1,23,1.5,0.6,2.1,3,41.54,6.88,0.77
1,23,1.5,0.6,2.1,7,41.85,-0.45,0.04
1,23,1.5,0.6,2.1,11,42.38,0.27,0.12
1,23,1.5,0.6,2.1,15,42.27,0.89,0.18
1,23,1.5,0.6,2.1,19,42.27,1.39,0.24
1,23,1.5,0.9,0.0,3,36.07,7.07,0.74
1,23,1.5,0.9,0.0,7,37.12,3.95,0.47
1,23,1.5,0.9,0.0,11,37.96,7.27,0.79
1,23,1.5,0.9,0.0,15,37.43,5.94,0.66
1,23,1.5,0.9,0.0,19,37.43,5.87,0.66
1,23,1.5,0.9,0.3,3,36.07,7.62,0.78
1,23,1.5,0.9,0.3,7,37.12,4.39,0.51
1,23,1.5,0.9,0.3,11,37.85,6.46,0.72
1,23,1.5,0.9,0.3,15,37.33,5.09,0.58
1,23,1.5,0.9,0.3,19,37.33,5.65,0.64
1,23,1.5,0.9,0.6,3,36.07,7.62,0.78
1,23,1.5,0.9,0.6,7,37.12,4.39,0.51
1,23,1.5,0.9,0.6,11,37.85,6.46,0.72
1,23,1.5,0.9,0.6,15,37.33,5.09,0.58
1,23,1.5,0.9,0.6,19,37.33,5.65,0.64
1,23,1.5,0.9,0.9,3,36.07,7.62,0.78
1,23,1.5,0.9,0.9,7,37.12,4.39,0.51
1,23,1.5,0.9,0.9,11,37.85,6.46,0.72
1,23,1.5,0.9,0.9,15,37.33,5.09,0.58
1,23,1.5,0.9,0.9,19,37.33,5.65,0.64
1,23,1.5,0.9,1.2,3,36.07,7.62,0.78
1,23,1.5,0.9,1.2,7,37.12,4.39,0.51
1,23,1.5,0.9,1.2,11,37.85,6.46,0.72
1,23,1.5,0.9,1.2,15,37.33,5.09,0.58
1,23,1.5,0.9,1.2,19,37.33,5.65,0.64
1,23,1.5,0.9,1.5,3,36.07,7.62,0.78
1,23,1.5,0.9,1.5,7,37.12,4.39,0.51
1,23,1.5,0.9,1.5,11,37.85,6.46,0.72
1,23,1.5,0.9,1.5,15,37.33,5.09,0.58
1,23,1.5,0.9,1.5,19,37.33,5.65,0.64
1,23,1.5,0.9,1.8,3,36.07,7.62,0.78
1,23,1.5,0.9,1.8,7,37.12,4.39,0.51
1,23,1.5,0.9,1.8,11,37.85,6.46,0.72
1,23,1.5,0.9,1.8,15,37.33,5.09,0.58
1,23,1.5,0.9,1.8,19,37.33,5.65,0.64
1,23,1.5,0.9,2.1,3,36.07,7.62,0.78
1,23,1.5,0.9,2.1,7,37.12,4.39,0.51
1,23,1.5,0.9,2.1,11,37.85,6.46,0.72
1,23,1.5,0.9,2.1,15,37.33,5.09,0.58
1,23,1.5,0.9,2.1,19,37.33,5.65,0.64
1,23,1.5,1.2,0.0,3,32.81,0.11,0.12
1,23,1.5,1.2,0.0,7,32.7,-3.08,-0.18
1,23,1.5,1.2,0.0,11,33.33,-0.81,0.03
1,23,1.5,1.2,0.0,15,33.75,3.89,0.46
1,23,1.5,1.2,0.0,19,33.86,7.88,0.81
1,23,1.5,1.2,0.3,3,32.81,1.12,0.21
1,23,1.5,1.2,0.3,7,32.7,-1.63,-0.05
1,23,1.5,1.2,0.3,11,33.33,1.08,0.2
1,23,1.5,1.2,0.3,15,33.65,5.4,0.59
1,23,1.5,1.2,0.3,19,33.75,9.32,0.94
1,23,1.5,1.2,0.6,3,32.81,1.12,0.21
1,23,1.5,1.2,0.6,7,32.7,-1.63,-0.05
1,23,1.5,1.2,0.6,11,33.33,1.08,0.2
1,23,1.5,1.2,0.6,15,33.65,5.4,0.59
1,23,1.5,1.2,0.6,19,33.75,9.32,0.94
1,23,1.5,1.2,0.9,3,32.81,1.12,0.21
1,23,1.5,1.2,0.9,7,32.7,-1.63,-0.05
1,23,1.5,1.2,0.9,11,33.33,1.08,0.2
1,23,1.5,1.2,0.9,15,33.65,5.4,0.59
1,23,1.5,1.2,0.9,19,33.75,9.32,0.94
1,23,1.5,1.2,1.2,3,32.81,1.12,0.21
1,23,1.5,1.2,1.2,7,32.7,-1.63,-0.05
1,23,1.5,1.2,1.2,11,33.33,1.08,0.2
1,23,1.5,1.2,1.2,15,33.65,5.4,0.59
1,23,1.5,1.2,1.2,19,33.75,9.32,0.94
1,23,1.5,1.2,1.5,3,32.81,1.12,0.21
1,23,1.5,1.2,1.5,7,32.7,-1.63,-0.05
1,23,1.5,1.2,1.5,11,33.33,1.08,0.2
1,23,1.5,1.2,1.5,15,33.65,5.4,0.59
1,23,1.5,1.2,1.5,19,33.75,9.32,0.94
1,23,1.5,1.2,1.8,3,32.81,1.12,0.21
1,23,1.5,1.2,1.8,7,32.7,-1.63,-0.05
1,23,1.5,1.2,1.8,11,33.33,1.08,0.2
1,23,1.5,1.2,1.8,15,33.65,5.4,0.59
1,23,1.5,1.2,1.8,19,33.75,9.32,0.94
1,23,1.5,1.2,2.1,3,32.81,1.12,0.21
1,23,1.5,1.2,2.1,7,32.7,-1.63,-0.05
1,23,1.5,1.2,2.1,11,33.33,1.08,0.2
1,23,1.5,1.2,2.1,15,33.65,5.4,0.59
1,23,1.5,1.2,2.1,19,33.75,9.32,0.94
1,23,1.5,1.5,0.0,3,30.07,-0.05,0.11
1,23,1.5,1.5,0.0,7,30.18,-2.45,-0.1
1,23,1.5,1.5,0.0,11,30.81,0.67,0.17
1,23,1.5,1.5,0.0,15,30.7,-0.39,0.07
1,23,1.5,1.5,0.0,19,30.91,-0.54,0.06
1,23,1.5,1.5,0.3,3,30.07,3.93,0.44
1,23,1.5,1.5,0.3,7,30.07,0.51,0.15
1,23,1.5,1.5,0.3,11,30.7,4.23,0.47
1,23,1.5,1.5,0.3,15,30.49,1.86,0.27
1,23,1.5,1.5,0.3,19,30.7,2.15,0.3
1,23,1.5,1.5,0.6,3,30.07,3.93,0.44
1,23,1.5,1.5,0.6,7,30.07,0.51,0.15
1,23,1.5,1.5,0.6,11,30.7,4.23,0.47
1,23,1.5,1.5,0.6,15,30.49,1.86,0.27
1,23,1.5,1.5,0.6,19,30.7,2.15,0.3
1,23,1.5,1.5,0.9,3,30.07,3.93,0.44
1,23,1.5,1.5,0.9,7,30.07,0.51,0.15
1,23,1.5,1.5,0.9,11,30.7,4.23,0.47
1,23,1.5,1.5,0.9,15,30.49,1.86,0.27
1,23,1.5,1.5,0.9,19,30.7,2.15,0.3
1,23,1.5,1.5,1.2,3,30.07,3.93,0.44
1,23,1.5,1.5,1.2,7,30.07,0.51,0.15
1,23,1.5,1.5,1.2,11,30.7,4.23,0.47
1,23,1.5,1.5,1.2,15,30.49,1.86,0.27
1,23,1.5,1.5,1.2,19,30.7,2.15,0.3
1,23,1.5,1.5,1.5,3,30.07,3.93,0.44
1,23,1.5,1.5,1.5,7,30.07,0.51,0.15
1,23,1.5,1.5,1.5,11,30.7,4.23,0.47
1,23,1.5,1.5,1.5,15,30.49,1.86,0.27
1,23,1.5,1.5,1.5,19,30.7,2.15,0.3
1,23,1.5,1.5,1.8,3,30.07,3.93,0.44
1,23,1.5,1.5,1.8,7,30.07,0.51,0.15
1,23,1.5,1.5,1.8,11,30.7,4.23,0.47
1,23,1.5,1.5,1.8,15,30.49,1.86,0.27
1,23,1.5,1.5,1.8,19,30.7,2.15,0.3
1,23,1.5,1.5,2.1,3,30.07,3.93,0.44
1,23,1.5,1.5,2.1,7,30.07,0.51,0.15
1,23,1.5,1.5,2.1,11,30.7,4.23,0.47
1,23,1.5,1.5,2.1,15,30.49,1.86,0.27
1,23,1.5,1.5,2.1,19,30.7,2.15,0.3
1,23,1.5,1.8,0.0,3,28.18,4.61,0.48
1,23,1.5,1.8,0.0,7,28.29,-1.79,-0.04
1,23,1.5,1.8,0.0,11,28.39,-3.84,-0.22
1,23,1.5,1.8,0.0,15,28.5,-2.63,-0.11
1,23,1.5,1.8,0.0,19,28.5,-5.19,-0.34
1,23,1.5,1.8,0.3,3,28.39,8.97,0.81
1,23,1.5,1.8,0.3,7,28.5,1.92,0.27
1,23,1.5,1.8,0.3,11,28.6,0.28,0.14
1,23,1.5,1.8,0.3,15,28.18,-0.87,0.04
1,23,1.5,1.8,0.3,19,28.29,-1.98,-0.06
1,23,1.5,1.8,0.6,3,28.39,8.97,0.81
1,23,1.5,1.8,0.6,7,28.5,1.92,0.27
1,23,1.5,1.8,0.6,11,28.6,0.28,0.14
1,23,1.5,1.8,0.6,15,28.18,-0.87,0.04
1,23,1.5,1.8,0.6,19,28.29,-1.98,-0.06
1,23,1.5,1.8,0.9,3,28.39,8.97,0.81
1,23,1.5,1.8,0.9,7,28.5,1.92,0.27
1,23,1.5,1.8,0.9,11,28.6,0.28,0.14
1,23,1.5,1.8,0.9,15,28.18,-0.87,0.04
1,23,1.5,1.8,0.9,19,28.29,-1.98,-0.06
1,23,1.5,1.8,1.2,3,28.39,8.97,0.81
1,23,1.5,1.8,1.2,7,28.5,1.92,0.27
1,23,1.5,1.8,1.2,11,28.6,0.28,0.14
1,23,1.5,1.8,1.2,15,28.18,-0.87,0.04
1,23,1.5,1.8,1.2,19,28.29,-1.98,-0.06
1,23,1.5,1.8,1.5,3,28.39,8.97,0.81
1,23,1.5,1.8,1.5,7,28.5,1.92,0.27
1,23,1.5,1.8,1.5,11,28.6,0.28,0.14
1,23,1.5,1.8,1.5,15,28.18,-0.87,0.04
1,23,1.5,1.8,1.5,19,28.29,-1.98,-0.06
1,23,1.5,1.8,1.8,3,28.39,8.97,0.81
1,23,1.5,1.8,1.8,7,28.5,1.92,0.27
1,23,1.5,1.8,1.8,11,28.6,0.28,0.14
1,23,1.5,1.8,1.8,15,28.18,-0.87,0.04
1,23,1.5,1.8,1.8,19,28.29,-1.98,-0.06
1,23,1.5,1.8,2.1,3,28.39,8.97,0.81
1,23,1.5,1.8,2.1,7,28.5,1.92,0.27
1,23,1.5,1.8,2.1,11,28.6,0.28,0.14
1,23,1.5,1.8,2.1,15,28.18,-0.87,0.04
1,23,1.5,1.8,2.1,19,28.29,-1.98,-0.06
1,23,1.5,2.1,0.0,3,26.81,-3.09,-0.12
1,23,1.5,2.1,0.0,7,26.84,-5.11,-0.3
1,23,1.5,2.1,0.0,11,26.84,-7.7,-0.53
1,23,1.5,2.1,0.0,15,26.74,-9.07,-0.66
1,23,1.5,2.1,0.0,19,26.74,-8.44,-0.61
1,23,1.5,2.1,0.3,3,27.02,0.47,0.16
1,23,1.5,2.1,0.3,7,27.37,-0.42,0.08
1,23,1.5,2.1,0.3,11,27.47,-2.74,-0.11
1,23,1.5,2.1,0.3,15,27.05,-5.44,-0.35
1,23,1.5,2.1,0.3,19,27.05,-5.02,-0.32
1,23,1.5,2.1,0.6,3,27.02,0.47,0.16
1,23,1.5,2.1,0.6,7,27.37,-0.42,0.08
1,23,1.5,2.1,0.6,11,27.47,-2.74,-0.11
1,23,1.5,2.1,0.6,15,27.05,-5.44,-0.35
1,23,1.5,2.1,0.6,19,27.05,-5.02,-0.32
1,23,1.5,2.1,0.9,3,27.02,0.47,0.16
1,23,1.5,2.1,0.9,7,27.37,-0.42,0.08
1,23,1.5,2.1,0.9,11,27.47,-2.74,-0.11
1,23,1.5,2.1,0.9,15,27.05,-5.44,-0.35
1,23,1.5,2.1,0.9,19,27.05,-5.02,-0.32
1,23,1.5,2.1,1.2,3,27.02,0.47,0.16
1,23,1.5,2.1,1.2,7,27.37,-0.42,0.08
1,23,1.5,2.1,1.2,11,27.47,-2.74,-0.11
1,23,1.5,2.1,1.2,15,27.05,-5.44,-0.35
1,23,1.5,2.1,1.2,19,27.05,-5.02,-0.32
1,23,1.5,2.1,1.5,3,27.02,0.47,0.16
1,23,1.5,2.1,1.5,7,27.37,-0.42,0.08
1,23,1.5,2.1,1.5,11,27.47,-2.74,-0.11
1,23,1.5,2.1,1.5,15,27.05,-5.44,-0.35
1,23,1.5,2.1,1.5,19,27.05,-5.02,-0.32
1,23,1.5,2.1,1.8,3,27.02,0.47,0.16
1,23,1.5,2.1,1.8,7,27.37,-0.42,0.08
1,23,1.5,2.1,1.8,11,27.47,-2.74,-0.11
1,23,1.5,2.1,1.8,15,27.05,-5.44,-0.35
1,23,1.5,2.1,1.8,19,27.05,-5.02,-0.32
1,23,1.5,2.1,2.1,3,27.02,0.47,0.16
1,23,1.5,2.1,2.1,7,27.37,-0.42,0.08
1,23,1.5,2.1,2.1,11,27.47,-2.74,-0.11
1,23,1.5,2.1,2.1,15,27.05,-5.44,-0.35
1,23,1.5,2.1,2.1,19,27.05,-5.02,-0.32
1,23,1.8,0.0,0.0,3,59.94,1.08,0.21
1,23,1.8,0.0,0.0,7,59.94,1.23,0.23
1,23,1.8,0.0,0.0,11,59.83,-0.99,-0.06
1,23,1.8,0.0,0.0,15,59.83,-0.68,-0.02
1,23,1.8,0.0,0.0,19,59.83,-0.68,-0.02
1,23,1.8,0.0,0.3,3,59.94,1.08,0.21
1,23,1.8,0.0,0.3,7,59.94,1.23,0.23
1,23,1.8,0.0,0.3,11,59.83,-0.99,-0.06
1,23,1.8,0.0,0.3,15,59.83,-0.68,-0.02
1,23,1.8,0.0,0.3,19,59.83,-0.68,-0.02
1,23,1.8,0.0,0.6,3,59.94,1.08,0.21
1,23,1.8,0.0,0.6,7,59.94,1.23,0.23
1,23,1.8,0.0,0.6,11,59.83,-0.99,-0.06
1,23,1.8,0.0,0.6,15,59.83,-0.68,-0.02
1,23,1.8,0.0,0.6,19,59.83,-0.68,-0.02
1,23,1.8,0.0,0.9,3,59.94,1.08,0.21
1,23,1.8,0.0,0.9,7,59.94,1.23,0.23
1,23,1.8,0.0,0.9,11,59.83,-0.99,-0.06
1,23,1.8,0.0,0.9,15,59.83,-0.68,-0.02
1,23,1.8,0.0,0.9,19,59.83,-0.68,-0.02
1,23,1.8,0.0,1.2,3,59.94,1.08,0.21
1,23,1.8,0.0,1.2,7,59.94,1.23,0.23
1,23,1.8,0.0,1.2,11,59.83,-0.99,-0.06
1,23,1.8,0.0,1.2,15,59.83,-0.68,-0.02
1,23,1.8,0.0,1.2,19,59.83,-0.68,-0.02
1,23,1.8,0.0,1.5,3,59.94,1.08,0.21
1,23,1.8,0.0,1.5,7,59.94,1.23,0.23
1,23,1.8,0.0,1.5,11,59.83,-0.99,-0.06
1,23,1.8,0.0,1.5,15,59.83,-0.68,-0.02
1,23,1.8,0.0,1.5,19,59.83,-0.68,-0.02
1,23,1.8,0.0,1.8,3,59.94,1.08,0.21
1,23,1.8,0.0,1.8,7,59.94,1.23,0.23
1,23,1.8,0.0,1.8,11,59.83,-0.99,-0.06
1,23,1.8,0.0,1.8,15,59.83,-0.68,-0.02
1,23,1.8,0.0,1.8,19,59.83,-0.68,-0.02
1,23,1.8,0.0,2.1,3,59.94,1.08,0.21
1,23,1.8,0.0,2.1,7,59.94,1.23,0.23
1,23,1.8,0.0,2.1,11,59.83,-0.99,-0.06
1,23,1.8,0.0,2.1,15,59.83,-0.68,-0.02
1,23,1.8,0.0,2.1,19,59.83,-0.68,-0.02
1,23,1.8,0.3,0.0,3,49.42,0.79,0.17
1,23,1.8,0.3,0.0,7,49.63,-1.23,-0.06
1,23,1.8,0.3,0.0,11,50.05,-3.0,-0.28
1,23,1.8,0.3,0.0,15,50.05,-2.53,-0.22
1,23,1.8,0.3,0.0,19,50.68,-0.03,0.08
1,23,1.8,0.3,0.3,3,49.42,0.79,0.17
1,23,1.8,0.3,0.3,7,49.63,-1.23,-0.06
1,23,1.8,0.3,0.3,11,50.05,-3.0,-0.28
1,23,1.8,0.3,0.3,15,50.05,-2.53,-0.22
1,23,1.8,0.3,0.3,19,50.68,-0.03,0.08
1,23,1.8,0.3,0.6,3,49.42,0.79,0.17
1,23,1.8,0.3,0.6,7,49.63,-1.23,-0.06
1,23,1.8,0.3,0.6,11,50.05,-3.0,-0.28
1,23,1.8,0.3,0.6,15,50.05,-2.53,-0.22
1,23,1.8,0.3,0.6,19,50.68,-0.03,0.08
1,23,1.8,0.3,0.9,3,49.42,0.79,0.17
1,23,1.8,0.3,0.9,7,49.63,-1.23,-0.06
1,23,1.8,0.3,0.9,11,50.05,-3.0,-0.28
1,23,1.8,0.3,0.9,15,50.05,-2.53,-0.22
1,23,1.8,0.3,0.9,19,50.68,-0.03,0.08
1,23,1.8,0.3,1.2,3,49.42,0.79,0.17
1,23,1.8,0.3,1.2,7,49.63,-1.23,-0.06
1,23,1.8,0.3,1.2,11,50.05,-3.0,-0.28
1,23,1.8,0.3,1.2,15,50.05,-2.53,-0.22
1,23,1.8,0.3,1.2,19,50.68,-0.03,0.08
1,23,1.8,0.3,1.5,3,49.42,0.79,0.17
1,23,1.8,0.3,1.5,7,49.63,-1.23,-0.06
1,23,1.8,0.3,1.5,11,50.05,-3.0,-0.28
1,23,1.8,0.3,1.5,15,50.05,-2.53,-0.22
1,23,1.8,0.3,1.5,19,50.68,-0.03,0.08
1,23,1.8,0.3,1.8,3,49.42,0.79,0.17
1,23,1.8,0.3,1.8,7,49.63,-1.23,-0.06
1,23,1.8,0.3,1.8,11,50.05,-3.0,-0.28
1,23,1.8,0.3,1.8,15,50.05,-2.53,-0.22
1,23,1.8,0.3,1.8,19,50.68,-0.03,0.08
1,23,1.8,0.3,2.1,3,49.42,0.79,0.17
1,23,1.8,0.3,2.1,7,49.63,-1.23,-0.06
1,23,1.8,0.3,2.1,11,50.05,-3.0,-0.28
1,23,1.8,0.3,2.1,15,50.05,-2.53,-0.22
1,23,1.8,0.3,2.1,19,50.68,-0.03,0.08
1,23,1.8,0.6,0.0,3,41.54,6.88,0.77
1,23,1.8,0.6,0.0,7,41.96,1.66,0.26
1,23,1.8,0.6,0.0,11,42.48,0.72,0.17
1,23,1.8,0.6,0.0,15,42.38,1.21,0.22
1,23,1.8,0.6,0.0,19,42.38,0.98,0.19
1,23,1.8,0.6,0.3,3,41.54,6.88,0.77
1,23,1.8,0.6,0.3,7,41.96,1.88,0.29
1,23,1.8,0.6,0.3,11,42.48,0.94,0.19
1,23,1.8,0.6,0.3,15,42.38,1.43,0.24
1,23,1.8,0.6,0.3,19,42.27,0.16,0.1
1,23,1.8,0.6,0.6,3,41.54,6.88,0.77
1,23,1.8,0.6,0.6,7,41.96,1.88,0.29
1,23,1.8,0.6,0.6,11,42.48,0.94,0.19
1,23,1.8,0.6,0.6,15,42.38,1.43,0.24
1,23,1.8,0.6,0.6,19,42.27,0.16,0.1
1,23,1.8,0.6,0.9,3,41.54,6.88,0.77
1,23,1.8,0.6,0.9,7,41.96,1.88,0.29
1,23,1.8,0.6,0.9,11,42.48,0.94,0.19
1,23,1.8,0.6,0.9,15,42.38,1.43,0.24
1,23,1.8,0.6,0.9,19,42.27,0.16,0.1
1,23,1.8,0.6,1.2,3,41.54,6.88,0.77
1,23,1.8,0.6,1.2,7,41.96,1.88,0.29
1,23,1.8,0.6,1.2,11,42.48,0.94,0.19
1,23,1.8,0.6,1.2,15,42.38,1.43,0.24
1,23,1.8,0.6,1.2,19,42.27,0.16,0.1
1,23,1.8,0.6,1.5,3,41.54,6.88,0.77
1,23,1.8,0.6,1.5,7,41.96,1.88,0.29
1,23,1.8,0.6,1.5,11,42.48,0.94,0.19
1,23,1.8,0.6,1.5,15,42.38,1.43,0.24
1,23,1.8,0.6,1.5,19,42.27,0.16,0.1
1,23,1.8,0.6,1.8,3,41.54,6.88,0.77
1,23,1.8,0.6,1.8,7,41.96,1.88,0.29
1,23,1.8,0.6,1.8,11,42.48,0.94,0.19
1,23,1.8,0.6,1.8,15,42.38,1.43,0.24
1,23,1.8,0.6,1.8,19,42.27,0.16,0.1
1,23,1.8,0.6,2.1,3,41.54,6.88,0.77
1,23,1.8,0.6,2.1,7,41.96,1.88,0.29
1,23,1.8,0.6,2.1,11,42.48,0.94,0.19
1,23,1.8,0.6,2.1,15,42.38,1.43,0.24
1,23,1.8,0.6,2.1,19,42.27,0.16,0.1
1,23,1.8,0.9,0.0,3,36.07,7.07,0.74
1,23,1.8,0.9,0.0,7,37.22,6.38,0.69
1,23,1.8,0.9,0.0,11,37.96,6.94,0.76
1,23,1.8,0.9,0.0,15,37.43,5.57,0.63
1,23,1.8,0.9,0.0,19,37.43,5.22,0.6
1,23,1.8,0.9,0.3,3,36.07,7.07,0.74
1,23,1.8,0.9,0.3,7,37.22,6.61,0.71
1,23,1.8,0.9,0.3,11,37.96,7.17,0.78
1,23,1.8,0.9,0.3,15,37.43,5.8,0.65
1,23,1.8,0.9,0.3,19,37.33,4.37,0.52
1,23,1.8,0.9,0.6,3,36.07,7.07,0.74
1,23,1.8,0.9,0.6,7,37.22,6.61,0.71
1,23,1.8,0.9,0.6,11,37.96,7.17,0.78
1,23,1.8,0.9,0.6,15,37.43,5.8,0.65
1,23,1.8,0.9,0.6,19,37.33,4.37,0.52
1,23,1.8,0.9,0.9,3,36.07,7.07,0.74
1,23,1.8,0.9,0.9,7,37.22,6.61,0.71
1,23,1.8,0.9,0.9,11,37.96,7.17,0.78
1,23,1.8,0.9,0.9,15,37.43,5.8,0.65
1,23,1.8,0.9,0.9,19,37.33,4.37,0.52
1,23,1.8,0.9,1.2,3,36.07,7.07,0.74
1,23,1.8,0.9,1.2,7,37.22,6.61,0.71
1,23,1.8,0.9,1.2,11,37.96,7.17,0.78
1,23,1.8,0.9,1.2,15,37.43,5.8,0.65
1,23,1.8,0.9,1.2,19,37.33,4.37,0.52
1,23,1.8,0.9,1.5,3,36.07,7.07,0.74
1,23,1.8,0.9,1.5,7,37.22,6.61,0.71
1,23,1.8,0.9,1.5,11,37.96,7.17,0.78
1,23,1.8,0.9,1.5,15,37.43,5.8,0.65
1,23,1.8,0.9,1.5,19,37.33,4.37,0.52
1,23,1.8,0.9,1.8,3,36.07,7.07,0.74
1,23,1.8,0.9,1.8,7,37.22,6.61,0.71
1,23,1.8,0.9,1.8,11,37.96,7.17,0.78
1,23,1.8,0.9,1.8,15,37.43,5.8,0.65
1,23,1.8,0.9,1.8,19,37.33,4.37,0.52
1,23,1.8,0.9,2.1,3,36.07,7.07,0.74
1,23,1.8,0.9,2.1,7,37.22,6.61,0.71
1,23,1.8,0.9,2.1,11,37.96,7.17,0.78
1,23,1.8,0.9,2.1,15,37.43,5.8,0.65
1,23,1.8,0.9,2.1,19,37.33,4.37,0.52
1,23,1.8,1.2,0.0,3,32.81,0.11,0.12
1,23,1.8,1.2,0.0,7,32.81,-0.81,0.03
1,23,1.8,1.2,0.0,11,33.33,-1.12,-0.0
1,23,1.8,1.2,0.0,15,33.75,3.53,0.42
1,23,1.8,1.2,0.0,19,33.86,7.22,0.75
1,23,1.8,1.2,0.3,3,32.81,0.11,0.12
1,23,1.8,1.2,0.3,7,32.81,-0.32,0.08
1,23,1.8,1.2,0.3,11,33.33,-0.33,0.07
1,23,1.8,1.2,0.3,15,33.75,4.82,0.54
1,23,1.8,1.2,0.3,19,33.86,7.87,0.81
1,23,1.8,1.2,0.6,3,32.81,0.11,0.12
1,23,1.8,1.2,0.6,7,32.81,-0.32,0.08
1,23,1.8,1.2,0.6,11,33.33,-0.33,0.07
1,23,1.8,1.2,0.6,15,33.75,4.82,0.54
1,23,1.8,1.2,0.6,19,33.86,7.87,0.81
1,23,1.8,1.2,0.9,3,32.81,0.11,0.12
1,23,1.8,1.2,0.9,7,32.81,-0.32,0.08
1,23,1.8,1.2,0.9,11,33.33,-0.33,0.07
1,23,1.8,1.2,0.9,15,33.75,4.82,0.54
1,23,1.8,1.2,0.9,19,33.86,7.87,0.81
1,23,1.8,1.2,1.2,3,32.81,0.11,0.12
1,23,1.8,1.2,1.2,7,32.81,-0.32,0.08
1,23,1.8,1.2,1.2,11,33.33,-0.33,0.07
1,23,1.8,1.2,1.2,15,33.75,4.82,0.54
1,23,1.8,1.2,1.2,19,33.86,7.87,0.81
1,23,1.8,1.2,1.5,3,32.81,0.11,0.12
1,23,1.8,1.2,1.5,7,32.81,-0.32,0.08
1,23,1.8,1.2,1.5,11,33.33,-0.33,0.07
1,23,1.8,1.2,1.5,15,33.75,4.82,0.54
1,23,1.8,1.2,1.5,19,33.86,7.87,0.81
1,23,1.8,1.2,1.8,3,32.81,0.11,0.12
1,23,1.8,1.2,1.8,7,32.81,-0.32,0.08
1,23,1.8,1.2,1.8,11,33.33,-0.33,0.07
1,23,1.8,1.2,1.8,15,33.75,4.82,0.54
1,23,1.8,1.2,1.8,19,33.86,7.87,0.81
1,23,1.8,1.2,2.1,3,32.81,0.11,0.12
1,23,1.8,1.2,2.1,7,32.81,-0.32,0.08
1,23,1.8,1.2,2.1,11,33.33,-0.33,0.07
1,23,1.8,1.2,2.1,15,33.75,4.82,0.54
1,23,1.8,1.2,2.1,19,33.86,7.87,0.81
1,23,1.8,1.5,0.0,3,30.07,-0.05,0.11
1,23,1.8,1.5,0.0,7,30.28,0.01,0.11
1,23,1.8,1.5,0.0,11,30.81,0.36,0.14
1,23,1.8,1.5,0.0,15,30.7,-0.73,0.04
1,23,1.8,1.5,0.0,19,30.91,-1.14,0.01
1,23,1.8,1.5,0.3,3,30.07,2.66,0.33
1,23,1.8,1.5,0.3,7,30.18,1.81,0.26
1,23,1.8,1.5,0.3,11,30.81,2.71,0.34
1,23,1.8,1.5,0.3,15,30.7,0.47,0.15
1,23,1.8,1.5,0.3,19,30.91,0.02,0.11
1,23,1.8,1.5,0.6,3,30.07,2.66,0.33
1,23,1.8,1.5,0.6,7,30.18,1.81,0.26
1,23,1.8,1.5,0.6,11,30.81,2.71,0.34
1,23,1.8,1.5,0.6,15,30.7,0.47,0.15
1,23,1.8,1.5,0.6,19,30.91,0.02,0.11
1,23,1.8,1.5,0.9,3,30.07,2.66,0.33
1,23,1.8,1.5,0.9,7,30.18,1.81,0.26
1,23,1.8,1.5,0.9,11,30.81,2.71,0.34
1,23,1.8,1.5,0.9,15,30.7,0.47,0.15
1,23,1.8,1.5,0.9,19,30.91,0.02,0.11
1,23,1.8,1.5,1.2,3,30.07,2.66,0.33
1,23,1.8,1.5,1.2,7,30.18,1.81,0.26
1,23,1.8,1.5,1.2,11,30.81,2.71,0.34
1,23,1.8,1.5,1.2,15,30.7,0.47,0.15
1,23,1.8,1.5,1.2,19,30.91,0.02,0.11
1,23,1.8,1.5,1.5,3,30.07,2.66,0.33
1,23,1.8,1.5,1.5,7,30.18,1.81,0.26
1,23,1.8,1.5,1.5,11,30.81,2.71,0.34
1,23,1.8,1.5,1.5,15,30.7,0.47,0.15
1,23,1.8,1.5,1.5,19,30.91,0.02,0.11
1,23,1.8,1.5,1.8,3,30.07,2.66,0.33
1,23,1.8,1.5,1.8,7,30.18,1.81,0.26
1,23,1.8,1.5,1.8,11,30.81,2.71,0.34
1,23,1.8,1.5,1.8,15,30.7,0.47,0.15
1,23,1.8,1.5,1.8,19,30.91,0.02,0.11
1,23,1.8,1.5,2.1,3,30.07,2.66,0.33
1,23,1.8,1.5,2.1,7,30.18,1.81,0.26
1,23,1.8,1.5,2.1,11,30.81,2.71,0.34
1,23,1.8,1.5,2.1,15,30.7,0.47,0.15
1,23,1.8,1.5,2.1,19,30.91,0.02,0.11
1,23,1.8,1.8,0.0,3,28.18,4.61,0.48
1,23,1.8,1.8,0.0,7,28.39,-0.02,0.11
1,23,1.8,1.8,0.0,11,28.39,-4.14,-0.24
1,23,1.8,1.8,0.0,15,28.5,-2.97,-0.14
1,23,1.8,1.8,0.0,19,28.5,-5.77,-0.39
1,23,1.8,1.8,0.3,3,27.97,6.44,0.62
1,23,1.8,1.8,0.3,7,28.29,1.79,0.26
1,23,1.8,1.8,0.3,11,28.39,-1.88,-0.05
1,23,1.8,1.8,0.3,15,28.39,-2.04,-0.06
1,23,1.8,1.8,0.3,19,28.39,-4.71,-0.3
1,23,1.8,1.8,0.6,3,27.97,6.44,0.62
1,23,1.8,1.8,0.6,7,28.29,1.79,0.26
1,23,1.8,1.8,0.6,11,28.39,-1.88,-0.05
1,23,1.8,1.8,0.6,15,28.39,-2.04,-0.06
1,23,1.8,1.8,0.6,19,28.39,-4.71,-0.3
1,23,1.8,1.8,0.9,3,27.97,6.44,0.62
1,23,1.8,1.8,0.9,7,28.29,1.79,0.26
1,23,1.8,1.8,0.9,11,28.39,-1.88,-0.05
1,23,1.8,1.8,0.9,15,28.39,-2.04,-0.06
1,23,1.8,1.8,0.9,19,28.39,-4.71,-0.3
1,23,1.8,1.8,1.2,3,27.97,6.44,0.62
1,23,1.8,1.8,1.2,7,28.29,1.79,0.26
1,23,1.8,1.8,1.2,11,28.39,-1.88,-0.05
1,23,1.8,1.8,1.2,15,28.39,-2.04,-0.06
1,23,1.8,1.8,1.2,19,28.39,-4.71,-0.3
1,23,1.8,1.8,1.5,3,27.97,6.44,0.62
1,23,1.8,1.8,1.5,7,28.29,1.79,0.26
1,23,1.8,1.8,1.5,11,28.39,-1.88,-0.05
1,23,1.8,1.8,1.5,15,28.39,-2.04,-0.06
1,23,1.8,1.8,1.5,19,28.39,-4.71,-0.3
1,23,1.8,1.8,1.8,3,27.97,6.44,0.62
1,23,1.8,1.8,1.8,7,28.29,1.79,0.26
1,23,1.8,1.8,1.8,11,28.39,-1.88,-0.05
1,23,1.8,1.8,1.8,15,28.39,-2.04,-0.06
1,23,1.8,1.8,1.8,19,28.39,-4.71,-0.3
1,23,1.8,1.8,2.1,3,27.97,6.44,0.62
1,23,1.8,1.8,2.1,7,28.29,1.79,0.26
1,23,1.8,1.8,2.1,11,28.39,-1.88,-0.05
1,23,1.8,1.8,2.1,15,28.39,-2.04,-0.06
1,23,1.8,1.8,2.1,19,28.39,-4.71,-0.3
1,23,1.8,2.1,0.0,3,26.81,-3.09,-0.12
1,23,1.8,2.1,0.0,7,26.95,-3.4,-0.16
1,23,1.8,2.1,0.0,11,26.84,-7.99,-0.56
1,23,1.8,2.1,0.0,15,26.74,-9.39,-0.69
1,23,1.8,2.1,0.0,19,26.74,-9.0,-0.66
1,23,1.8,2.1,0.3,3,26.5,-1.89,-0.03
1,23,1.8,2.1,0.3,7,26.95,-1.34,0.01
1,23,1.8,2.1,0.3,11,26.84,-5.61,-0.36
1,23,1.8,2.1,0.3,15,26.84,-7.41,-0.51
1,23,1.8,2.1,0.3,19,26.63,-7.26,-0.5
1,23,1.8,2.1,0.6,3,26.5,-1.89,-0.03
1,23,1.8,2.1,0.6,7,26.95,-1.34,0.01
1,23,1.8,2.1,0.6,11,26.84,-5.61,-0.36
1,23,1.8,2.1,0.6,15,26.84,-7.41,-0.51
1,23,1.8,2.1,0.6,19,26.63,-7.26,-0.5
1,23,1.8,2.1,0.9,3,26.5,-1.89,-0.03
1,23,1.8,2.1,0.9,7,26.95,-1.34,0.01
1,23,1.8,2.1,0.9,11,26.84,-5.61,-0.36
1,23,1.8,2.1,0.9,15,26.84,-7.41,-0.51
1,23,1.8,2.1,0.9,19,26.63,-7.26,-0.5
1,23,1.8,2.1,1.2,3,26.5,-1.89,-0.03
1,23,1.8,2.1,1.2,7,26.95,-1.34,0.01
1,23,1.8,2.1,1.2,11,26.84,-5.61,-0.36
1,23,1.8,2.1,1.2,15,26.84,-7.41,-0.51
1,23,1.8,2.1,1.2,19,26.63,-7.26,-0.5
1,23,1.8,2.1,1.5,3,26.5,-1.89,-0.03
1,23,1.8,2.1,1.5,7,26.95,-1.34,0.01
1,23,1.8,2.1,1.5,11,26.84,-5.61,-0.36
1,23,1.8,2.1,1.5,15,26.84,-7.41,-0.51
1,23,1.8,2.1,1.5,19,26.63,-7.26,-0.5
1,23,1.8,2.1,1.8,3,26.5,-1.89,-0.03
1,23,1.8,2.1,1.8,7,26.95,-1.34,0.01
1,23,1.8,2.1,1.8,11,26.84,-5.61,-0.36
1,23,1.8,2.1,1.8,15,26.84,-7.41,-0.51
1,23,1.8,2.1,1.8,19,26.63,-7.26,-0.5
1,23,1.8,2.1,2.1,3,26.5,-1.89,-0.03
1,23,1.8,2.1,2.1,7,26.95,-1.34,0.01
1,23,1.8,2.1,2.1,11,26.84,-5.61,-0.36
1,23,1.8,2.1,2.1,15,26.84,-7.41,-0.51
1,23,1.8,2.1,2.1,19,26.63,-7.26,-0.5
1,23,2.1,0.0,0.0,3,59.94,1.08,0.21
1,23,2.1,0.0,0.0,7,59.94,1.08,0.21
1,23,2.1,0.0,0.0,11,59.94,1.23,0.23
1,23,2.1,0.0,0.0,15,59.83,-0.57,-0.01
1,23,2.1,0.0,0.0,19,59.83,-0.99,-0.06
1,23,2.1,0.0,0.3,3,59.94,1.08,0.21
1,23,2.1,0.0,0.3,7,59.94,1.08,0.21
1,23,2.1,0.0,0.3,11,59.94,1.23,0.23
1,23,2.1,0.0,0.3,15,59.83,-0.57,-0.01
1,23,2.1,0.0,0.3,19,59.83,-0.99,-0.06
1,23,2.1,0.0,0.6,3,59.94,1.08,0.21
1,23,2.1,0.0,0.6,7,59.94,1.08,0.21
1,23,2.1,0.0,0.6,11,59.94,1.23,0.23
1,23,2.1,0.0,0.6,15,59.83,-0.57,-0.01
1,23,2.1,0.0,0.6,19,59.83,-0.99,-0.06
1,23,2.1,0.0,0.9,3,59.94,1.08,0.21
1,23,2.1,0.0,0.9,7,59.94,1.08,0.21
1,23,2.1,0.0,0.9,11,59.94,1.23,0.23
1,23,2.1,0.0,0.9,15,59.83,-0.57,-0.01
1,23,2.1,0.0,0.9,19,59.83,-0.99,-0.06
1,23,2.1,0.0,1.2,3,59.94,1.08,0.21
1,23,2.1,0.0,1.2,7,59.94,1.08,0.21
1,23,2.1,0.0,1.2,11,59.94,1.23,0.23
1,23,2.1,0.0,1.2,15,59.83,-0.57,-0.01
1,23,2.1,0.0,1.2,19,59.83,-0.99,-0.06
1,23,2.1,0.0,1.5,3,59.94,1.08,0.21
1,23,2.1,0.0,1.5,7,59.94,1.08,0.21
1,23,2.1,0.0,1.5,11,59.94,1.23,0.23
1,23,2.1,0.0,1.5,15,59.83,-0.57,-0.01
1,23,2.1,0.0,1.5,19,59.83,-0.99,-0.06
1,23,2.1,0.0,1.8,3,59.94,1.08,0.21
1,23,2.1,0.0,1.8,7,59.94,1.08,0.21
1,23,2.1,0.0,1.8,11,59.94,1.23,0.23
1,23,2.1,0.0,1.8,15,59.83,-0.57,-0.01
1,23,2.1,0.0,1.8,19,59.83,-0.99,-0.06
1,23,2.1,0.0,2.1,3,59.94,1.08,0.21
1,23,2.1,0.0,2.1,7,59.94,1.08,0.21
1,23,2.1,0.0,2.1,11,59.94,1.23,0.23
1,23,2.1,0.0,2.1,15,59.83,-0.57,-0.01
1,23,2.1,0.0,2.1,19,59.83,-0.99,-0.06
1,23,2.1,0.3,0.0,3,49.42,0.79,0.17
1,23,2.1,0.3,0.0,7,49.63,-1.38,-0.08
1,23,2.1,0.3,0.0,11,50.16,-0.83,-0.01
1,23,2.1,0.3,0.0,15,50.05,-2.43,-0.21
1,23,2.1,0.3,0.0,19,50.68,-0.34,0.04
1,23,2.1,0.3,0.3,3,49.42,0.79,0.17
1,23,2.1,0.3,0.3,7,49.63,-1.38,-0.08
1,23,2.1,0.3,0.3,11,50.16,-0.83,-0.01
1,23,2.1,0.3,0.3,15,50.05,-2.43,-0.21
1,23,2.1,0.3,0.3,19,50.68,-0.34,0.04
1,23,2.1,0.3,0.6,3,49.42,0.79,0.17
1,23,2.1,0.3,0.6,7,49.63,-1.38,-0.08
1,23,2.1,0.3,0.6,11,50.16,-0.83,-0.01
1,23,2.1,0.3,0.6,15,50.05,-2.43,-0.21
1,23,2.1,0.3,0.6,19,50.68,-0.34,0.04
1,23,2.1,0.3,0.9,3,49.42,0.79,0.17
1,23,2.1,0.3,0.9,7,49.63,-1.38,-0.08
1,23,2.1,0.3,0.9,11,50.16,-0.83,-0.01
1,23,2.1,0.3,0.9,15,50.05,-2.43,-0.21
1,23,2.1,0.3,0.9,19,50.68,-0.34,0.04
1,23,2.1,0.3,1.2,3,49.42,0.79,0.17
1,23,2.1,0.3,1.2,7,49.63,-1.38,-0.08
1,23,2.1,0.3,1.2,11,50.16,-0.83,-0.01
1,23,2.1,0.3,1.2,15,50.05,-2.43,-0.21
1,23,2.1,0.3,1.2,19,50.68,-0.34,0.04
1,23,2.1,0.3,1.5,3,49.42,0.79,0.17
1,23,2.1,0.3,1.5,7,49.63,-1.38,-0.08
1,23,2.1,0.3,1.5,11,50.16,-0.83,-0.01
1,23,2.1,0.3,1.5,15,50.05,-2.43,-0.21
1,23,2.1,0.3,1.5,19,50.68,-0.34,0.04
1,23,2.1,0.3,1.8,3,49.42,0.79,0.17
1,23,2.1,0.3,1.8,7,49.63,-1.38,-0.08
1,23,2.1,0.3,1.8,11,50.16,-0.83,-0.01
1,23,2.1,0.3,1.8,15,50.05,-2.43,-0.21
1,23,2.1,0.3,1.8,19,50.68,-0.34,0.04
1,23,2.1,0.3,2.1,3,49.42,0.79,0.17
1,23,2.1,0.3,2.1,7,49.63,-1.38,-0.08
1,23,2.1,0.3,2.1,11,50.16,-0.83,-0.01
1,23,2.1,0.3,2.1,15,50.05,-2.43,-0.21
1,23,2.1,0.3,2.1,19,50.68,-0.34,0.04
1,23,2.1,0.6,0.0,3,41.54,6.88,0.77
1,23,2.1,0.6,0.0,7,41.96,1.5,0.25
1,23,2.1,0.6,0.0,11,42.59,2.98,0.4
1,23,2.1,0.6,0.0,15,42.38,1.32,0.23
1,23,2.1,0.6,0.0,19,42.38,0.66,0.16
1,23,2.1,0.6,0.3,3,41.54,6.88,0.77
1,23,2.1,0.6,0.3,7,41.96,1.5,0.25
1,23,2.1,0.6,0.3,11,42.59,2.98,0.4
1,23,2.1,0.6,0.3,15,42.38,1.32,0.23
1,23,2.1,0.6,0.3,19,42.38,0.66,0.16
1,23,2.1,0.6,0.6,3,41.54,6.88,0.77
1,23,2.1,0.6,0.6,7,41.96,1.5,0.25
1,23,2.1,0.6,0.6,11,42.59,2.98,0.4
1,23,2.1,0.6,0.6,15,42.38,1.32,0.23
1,23,2.1,0.6,0.6,19,42.38,0.66,0.16
1,23,2.1,0.6,0.9,3,41.54,6.88,0.77
1,23,2.1,0.6,0.9,7,41.96,1.5,0.25
1,23,2.1,0.6,0.9,11,42.59,2.98,0.4
1,23,2.1,0.6,0.9,15,42.38,1.32,0.23
1,23,2.1,0.6,0.9,19,42.38,0.66,0.16
1,23,2.1,0.6,1.2,3,41.54,6.88,0.77
1,23,2.1,0.6,1.2,7,41.96,1.5,0.25
1,23,2.1,0.6,1.2,11,42.59,2.98,0.4
1,23,2.1,0.6,1.2,15,42.38,1.32,0.23
1,23,2.1,0.6,1.2,19,42.38,0.66,0.16
1,23,2.1,0.6,1.5,3,41.54,6.88,0.77
1,23,2.1,0.6,1.5,7,41.96,1.5,0.25
1,23,2.1,0.6,1.5,11,42.59,2.98,0.4
1,23,2.1,0.6,1.5,15,42.38,1.32,0.23
1,23,2.1,0.6,1.5,19,42.38,0.66,0.16
1,23,2.1,0.6,1.8,3,41.54,6.88,0.77
1,23,2.1,0.6,1.8,7,41.96,1.5,0.25
1,23,2.1,0.6,1.8,11,42.59,2.98,0.4
1,23,2.1,0.6,1.8,15,42.38,1.32,0.23
1,23,2.1,0.6,1.8,19,42.38,0.66,0.16
1,23,2.1,0.6,2.1,3,41.54,6.88,0.77
1,23,2.1,0.6,2.1,7,41.96,1.5,0.25
1,23,2.1,0.6,2.1,11,42.59,2.98,0.4
1,23,2.1,0.6,2.1,15,42.38,1.32,0.23
1,23,2.1,0.6,2.1,19,42.38,0.66,0.16
1,23,2.1,0.9,0.0,3,36.07,7.07,0.74
1,23,2.1,0.9,0.0,7,37.22,6.22,0.68
1,23,2.1,0.9,0.0,11,38.07,9.34,0.97
1,23,2.1,0.9,0.0,15,37.43,5.69,0.64
1,23,2.1,0.9,0.0,19,37.43,4.89,0.57
1,23,2.1,0.9,0.3,3,36.07,7.07,0.74
1,23,2.1,0.9,0.3,7,37.22,6.22,0.68
1,23,2.1,0.9,0.3,11,38.07,9.34,0.97
1,23,2.1,0.9,0.3,15,37.43,5.69,0.64
1,23,2.1,0.9,0.3,19,37.43,4.89,0.57
1,23,2.1,0.9,0.6,3,36.07,7.07,0.74
1,23,2.1,0.9,0.6,7,37.22,6.22,0.68
1,23,2.1,0.9,0.6,11,38.07,9.34,0.97
1,23,2.1,0.9,0.6,15,37.43,5.69,0.64
1,23,2.1,0.9,0.6,19,37.43,4.89,0.57
1,23,2.1,0.9,0.9,3,36.07,7.07,0.74
1,23,2.1,0.9,0.9,7,37.22,6.22,0.68
1,23,2.1,0.9,0.9,11,38.07,9.34,0.97
1,23,2.1,0.9,0.9,15,37.43,5.69,0.64
1,23,2.1,0.9,0.9,19,37.43,4.89,0.57
1,23,2.1,0.9,1.2,3,36.07,7.07,0.74
1,23,2.1,0.9,1.2,7,37.22,6.22,0.68
1,23,2.1,0.9,1.2,11,38.07,9.34,0.97
1,23,2.1,0.9,1.2,15,37.43,5.69,0.64
1,23,2.1,0.9,1.2,19,37.43,4.89,0.57
1,23,2.1,0.9,1.5,3,36.07,7.07,0.74
1,23,2.1,0.9,1.5,7,37.22,6.22,0.68
1,23,2.1,0.9,1.5,11,38.07,9.34,0.97
1,23,2.1,0.9,1.5,15,37.43,5.69,0.64
1,23,2.1,0.9,1.5,19,37.43,4.89,0.57
1,23,2.1,0.9,1.8,3,36.07,7.07,0.74
1,23,2.1,0.9,1.8,7,37.22,6.22,0.68
1,23,2.1,0.9,1.8,11,38.07,9.34,0.97
1,23,2.1,0.9,1.8,15,37.43,5.69,0.64
1,23,2.1,0.9,1.8,19,37.43,4.89,0.57
1,23,2.1,0.9,2.1,3,36.07,7.07,0.74
1,23,2.1,0.9,2.1,7,37.22,6.22,0.68
1,23,2.1,0.9,2.1,11,38.07,9.34,0.97
1,23,2.1,0.9,2.1,15,37.43,5.69,0.64
1,23,2.1,0.9,2.1,19,37.43,4.89,0.57
1,23,2.1,1.2,0.0,3,32.81,0.11,0.12
1,23,2.1,1.2,0.0,7,32.81,-0.96,0.02
1,23,2.1,1.2,0.0,11,33.44,1.1,0.2
1,23,2.1,1.2,0.0,15,33.75,3.64,0.43
1,23,2.1,1.2,0.0,19,33.86,6.88,0.72
1,23,2.1,1.2,0.3,3,32.81,0.11,0.12
1,23,2.1,1.2,0.3,7,32.81,-0.96,0.02
1,23,2.1,1.2,0.3,11,33.44,1.1,0.2
1,23,2.1,1.2,0.3,15,33.75,3.64,0.43
1,23,2.1,1.2,0.3,19,33.86,6.88,0.72
1,23,2.1,1.2,0.6,3,32.81,0.11,0.12
1,23,2.1,1.2,0.6,7,32.81,-0.96,0.02
1,23,2.1,1.2,0.6,11,33.44,1.1,0.2
1,23,2.1,1.2,0.6,15,33.75,3.64,0.43
1,23,2.1,1.2,0.6,19,33.86,6.88,0.72
1,23,2.1,1.2,0.9,3,32.81,0.11,0.12
1,23,2.1,1.2,0.9,7,32.81,-0.96,0.02
1,23,2.1,1.2,0.9,11,33.44,1.1,0.2
1,23,2.1,1.2,0.9,15,33.75,3.64,0.43
1,23,2.1,1.2,0.9,19,33.86,6.88,0.72
1,23,2.1,1.2,1.2,3,32.81,0.11,0.12
1,23,2.1,1.2,1.2,7,32.81,-0.96,0.02
1,23,2.1,1.2,1.2,11,33.44,1.1,0.2
1,23,2.1,1.2,1.2,15,33.75,3.64,0.43
1,23,2.1,1.2,1.2,19,33.86,6.88,0.72
1,23,2.1,1.2,1.5,3,32.81,0.11,0.12
1,23,2.1,1.2,1.5,7,32.81,-0.96,0.02
1,23,2.1,1.2,1.5,11,33.44,1.1,0.2
1,23,2.1,1.2,1.5,15,33.75,3.64,0.43
1,23,2.1,1.2,1.5,19,33.86,6.88,0.72
1,23,2.1,1.2,1.8,3,32.81,0.11,0.12
1,23,2.1,1.2,1.8,7,32.81,-0.96,0.02
1,23,2.1,1.2,1.8,11,33.44,1.1,0.2
1,23,2.1,1.2,1.8,15,33.75,3.64,0.43
1,23,2.1,1.2,1.8,19,33.86,6.88,0.72
1,23,2.1,1.2,2.1,3,32.81,0.11,0.12
1,23,2.1,1.2,2.1,7,32.81,-0.96,0.02
1,23,2.1,1.2,2.1,11,33.44,1.1,0.2
1,23,2.1,1.2,2.1,15,33.75,3.64,0.43
1,23,2.1,1.2,2.1,19,33.86,6.88,0.72
1,23,2.1,1.5,0.0,3,30.07,-0.05,0.11
1,23,2.1,1.5,0.0,7,30.28,-0.14,0.1
1,23,2.1,1.5,0.0,11,30.91,2.61,0.33
1,23,2.1,1.5,0.0,15,30.7,-0.62,0.05
1,23,2.1,1.5,0.0,19,30.91,-1.45,-0.02
1,23,2.1,1.5,0.3,3,30.07,-0.05,0.11
1,23,2.1,1.5,0.3,7,30.28,-0.14,0.1
1,23,2.1,1.5,0.3,11,30.91,2.66,0.34
1,23,2.1,1.5,0.3,15,30.7,-0.62,0.05
1,23,2.1,1.5,0.3,19,30.91,-1.0,0.02
1,23,2.1,1.5,0.6,3,30.07,-0.05,0.11
1,23,2.1,1.5,0.6,7,30.28,-0.14,0.1
1,23,2.1,1.5,0.6,11,30.91,2.66,0.34
1,23,2.1,1.5,0.6,15,30.7,-0.62,0.05
1,23,2.1,1.5,0.6,19,30.91,-1.0,0.02
1,23,2.1,1.5,0.9,3,30.07,-0.05,0.11
1,23,2.1,1.5,0.9,7,30.28,-0.14,0.1
1,23,2.1,1.5,0.9,11,30.91,2.66,0.34
1,23,2.1,1.5,0.9,15,30.7,-0.62,0.05
1,23,2.1,1.5,0.9,19,30.91,-1.0,0.02
1,23,2.1,1.5,1.2,3,30.07,-0.05,0.11
1,23,2.1,1.5,1.2,7,30.28,-0.14,0.1
1,23,2.1,1.5,1.2,11,30.91,2.66,0.34
1,23,2.1,1.5,1.2,15,30.7,-0.62,0.05
1,23,2.1,1.5,1.2,19,30.91,-1.0,0.02
1,23,2.1,1.5,1.5,3,30.07,-0.05,0.11
1,23,2.1,1.5,1.5,7,30.28,-0.14,0.1
1,23,2.1,1.5,1.5,11,30.91,2.66,0.34
1,23,2.1,1.5,1.5,15,30.7,-0.62,0.05
1,23,2.1,1.5,1.5,19,30.91,-1.0,0.02
1,23,2.1,1.5,1.8,3,30.07,-0.05,0.11
1,23,2.1,1.5,1.8,7,30.28,-0.14,0.1
1,23,2.1,1.5,1.8,11,30.91,2.66,0.34
1,23,2.1,1.5,1.8,15,30.7,-0.62,0.05
1,23,2.1,1.5,1.8,19,30.91,-1.0,0.02
1,23,2.1,1.5,2.1,3,30.07,-0.05,0.11
1,23,2.1,1.5,2.1,7,30.28,-0.14,0.1
1,23,2.1,1.5,2.1,11,30.91,2.66,0.34
1,23,2.1,1.5,2.1,15,30.7,-0.62,0.05
1,23,2.1,1.5,2.1,19,30.91,-1.0,0.02
1,23,2.1,1.8,0.0,3,28.18,4.61,0.48
1,23,2.1,1.8,0.0,7,28.39,-0.17,0.1
1,23,2.1,1.8,0.0,11,28.5,-1.92,-0.05
1,23,2.1,1.8,0.0,15,28.5,-2.86,-0.13
1,23,2.1,1.8,0.0,19,28.5,-6.06,-0.42
1,23,2.1,1.8,0.3,3,28.08,3.62,0.4
1,23,2.1,1.8,0.3,7,28.39,-0.16,0.1
1,23,2.1,1.8,0.3,11,28.5,-1.86,-0.04
1,23,2.1,1.8,0.3,15,28.5,-2.77,-0.12
1,23,2.1,1.8,0.3,19,28.5,-5.63,-0.38
1,23,2.1,1.8,0.6,3,28.08,3.62,0.4
1,23,2.1,1.8,0.6,7,28.39,-0.16,0.1
1,23,2.1,1.8,0.6,11,28.5,-1.86,-0.04
1,23,2.1,1.8,0.6,15,28.5,-2.77,-0.12
1,23,2.1,1.8,0.6,19,28.5,-5.63,-0.38
1,23,2.1,1.8,0.9,3,28.08,3.62,0.4
1,23,2.1,1.8,0.9,7,28.39,-0.16,0.1
1,23,2.1,1.8,0.9,11,28.5,-1.86,-0.04
1,23,2.1,1.8,0.9,15,28.5,-2.77,-0.12
1,23,2.1,1.8,0.9,19,28.5,-5.63,-0.38
1,23,2.1,1.8,1.2,3,28.08,3.62,0.4
1,23,2.1,1.8,1.2,7,28.39,-0.16,0.1
1,23,2.1,1.8,1.2,11,28.5,-1.86,-0.04
1,23,2.1,1.8,1.2,15,28.5,-2.77,-0.12
1,23,2.1,1.8,1.2,19,28.5,-5.63,-0.38
1,23,2.1,1.8,1.5,3,28.08,3.62,0.4
1,23,2.1,1.8,1.5,7,28.39,-0.16,0.1
1,23,2.1,1.8,1.5,11,28.5,-1.86,-0.04
1,23,2.1,1.8,1.5,15,28.5,-2.77,-0.12
1,23,2.1,1.8,1.5,19,28.5,-5.63,-0.38
1,23,2.1,1.8,1.8,3,28.08,3.62,0.4
1,23,2.1,1.8,1.8,7,28.39,-0.16,0.1
1,23,2.1,1.8,1.8,11,28.5,-1.86,-0.04
1,23,2.1,1.8,1.8,15,28.5,-2.77,-0.12
1,23,2.1,1.8,1.8,19,28.5,-5.63,-0.38
1,23,2.1,1.8,2.1,3,28.08,3.62,0.4
1,23,2.1,1.8,2.1,7,28.39,-0.16,0.1
1,23,2.1,1.8,2.1,11,28.5,-1.86,-0.04
1,23,2.1,1.8,2.1,15,28.5,-2.77,-0.12
1,23,2.1,1.8,2.1,19,28.5,-5.63,-0.38
1,23,2.1,2.1,0.0,3,26.81,-3.09,-0.12
1,23,2.1,2.1,0.0,7,26.95,-3.54,-0.17
1,23,2.1,2.1,0.0,11,26.95,-6.41,-0.42
1,23,2.1,2.1,0.0,15,26.74,-9.29,-0.68
1,23,2.1,2.1,0.0,19,26.74,-9.28,-0.68
1,23,2.1,2.1,0.3,3,26.6,-4.51,-0.24
1,23,2.1,2.1,0.3,7,26.74,-4.1,-0.22
1,23,2.1,2.1,0.3,11,26.74,-6.94,-0.46
1,23,2.1,2.1,0.3,15,26.63,-9.2,-0.67
1,23,2.1,2.1,0.3,19,26.63,-8.61,-0.62
1,23,2.1,2.1,0.6,3,26.6,-4.51,-0.24
1,23,2.1,2.1,0.6,7,26.74,-4.1,-0.22
1,23,2.1,2.1,0.6,11,26.74,-6.94,-0.46
1,23,2.1,2.1,0.6,15,26.63,-9.2,-0.67
1,23,2.1,2.1,0.6,19,26.63,-8.61,-0.62
1,23,2.1,2.1,0.9,3,26.6,-4.51,-0.24
1,23,2.1,2.1,0.9,7,26.74,-4.1,-0.22
1,23,2.1,2.1,0.9,11,26.74,-6.94,-0.46
1,23,2.1,2.1,0.9,15,26.63,-9.2,-0.67
1,23,2.1,2.1,0.9,19,26.63,-8.61,-0.62
1,23,2.1,2.1,1.2,3,26.6,-4.51,-0.24
1,23,2.1,2.1,1.2,7,26.74,-4.1,-0.22
1,23,2.1,2.1,1.2,11,26.74,-6.94,-0.46
1,23,2.1,2.1,1.2,15,26.63,-9.2,-0.67
1,23,2.1,2.1,1.2,19,26.63,-8.61,-0.62
1,23,2.1,2.1,1.5,3,26.6,-4.51,-0.24
1,23,2.1,2.1,1.5,7,26.74,-4.1,-0.22
1,23,2.1,2.1,1.5,11,26.74,-6.94,-0.46
1,23,2.1,2.1,1.5,15,26.63,-9.2,-0.67
1,23,2.1,2.1,1.5,19,26.63,-8.61,-0.62
1,23,2.1,2.1,1.8,3,26.6,-4.51,-0.24
1,23,2.1,2.1,1.8,7,26.74,-4.1,-0.22
1,23,2.1,2.1,1.8,11,26.74,-6.94,-0.46
1,23,2.1,2.1,1.8,15,26.63,-9.2,-0.67
1,23,2.1,2.1,1.8,19,26.63,-8.61,-0.62
1,23,2.1,2.1,2.1,3,26.6,-4.51,-0.24
1,23,2.1,2.1,2.1,7,26.74,-4.1,-0.22
1,23,2.1,2.1,2.1,11,26.74,-6.94,-0.46
1,23,2.1,2.1,2.1,15,26.63,-9.2,-0.67
1,23,2.1,2.1,2.1,19,26.63,-8.61,-0.62
1,26,0.0,0.0,0.0,3,43.53,0.17,0.08
1,26,0.0,0.0,0.0,7,43.53,0.17,0.08
1,26,0.0,0.0,0.0,11,43.53,0.17,0.08
1,26,0.0,0.0,0.0,15,43.53,0.17,0.08
1,26,0.0,0.0,0.0,19,43.53,0.17,0.08
1,26,0.0,0.0,0.3,3,43.53,0.17,0.08
1,26,0.0,0.0,0.3,7,43.53,0.17,0.08
1,26,0.0,0.0,0.3,11,43.53,0.17,0.08
1,26,0.0,0.0,0.3,15,43.53,0.17,0.08
1,26,0.0,0.0,0.3,19,43.53,0.17,0.08
1,26,0.0,0.0,0.6,3,43.53,0.17,0.08
1,26,0.0,0.0,0.6,7,43.53,0.17,0.08
1,26,0.0,0.0,0.6,11,43.53,0.17,0.08
1,26,0.0,0.0,0.6,15,43.53,0.17,0.08
1,26,0.0,0.0,0.6,19,43.53,0.17,0.08
1,26,0.0,0.0,0.9,3,43.53,0.17,0.08
1,26,0.0,0.0,0.9,7,43.53,0.17,0.08
1,26,0.0,0.0,0.9,11,43.53,0.17,0.08
1,26,0.0,0.0,0.9,15,43.53,0.17,0.08
1,26,0.0,0.0,0.9,19,43.53,0.17,0.08
1,26,0.0,0.0,1.2,3,43.53,0.17,0.08
1,26,0.0,0.0,1.2,7,43.53,0.17,0.08
1,26,0.0,0.0,1.2,11,43.53,0.17,0.08
1,26,0.0,0.0,1.2,15,43.53,0.17,0.08
1,26,0.0,0.0,1.2,19,43.53,0.17,0.08
1,26,0.0,0.0,1.5,3,43.53,0.17,0.08
1,26,0.0,0.0,1.5,7,43.53,0.17,0.08
1,26,0.0,0.0,1.5,11,43.53,0.17,0.08
1,26,0.0,0.0,1.5,15,43.53,0.17,0.08
1,26,0.0,0.0,1.5,19,43.53,0.17,0.08
1,26,0.0,0.0,1.8,3,43.53,0.17,0.08
1,26,0.0,0.0,1.8,7,43.53,0.17,0.08
1,26,0.0,0.0,1.8,11,43.53,0.17,0.08
1,26,0.0,0.0,1.8,15,43.53,0.17,0.08
1,26,0.0,0.0,1.8,19,43.53,0.17,0.08
1,26,0.0,0.0,2.1,3,43.53,0.17,0.08
1,26,0.0,0.0,2.1,7,43.53,0.17,0.08
1,26,0.0,0.0,2.1,11,43.53,0.17,0.08
1,26,0.0,0.0,2.1,15,43.53,0.17,0.08
1,26,0.0,0.0,2.1,19,43.53,0.17,0.08
1,26,0.0,0.3,0.0,3,34.04,-7.41,-1.07
1,26,0.0,0.3,0.0,7,34.6,-7.86,-1.16
1,26,0.0,0.3,0.0,11,34.6,-8.04,-1.19
1,26,0.0,0.3,0.0,15,34.6,-7.23,-1.06
1,26,0.0,0.3,0.0,19,35.04,-5.73,-0.82
1,26,0.0,0.3,0.3,3,35.49,-6.43,-0.92
1,26,0.0,0.3,0.3,7,35.6,-6.94,-1.02
1,26,0.0,0.3,0.3,11,35.49,-7.04,-1.04
1,26,0.0,0.3,0.3,15,35.6,-6.98,-1.03
1,26,0.0,0.3,0.3,19,35.83,-6.53,-0.96
1,26,0.0,0.3,0.6,3,35.49,-6.43,-0.92
1,26,0.0,0.3,0.6,7,35.6,-6.94,-1.02
1,26,0.0,0.3,0.6,11,35.49,-7.04,-1.04
1,26,0.0,0.3,0.6,15,35.6,-6.98,-1.03
1,26,0.0,0.3,0.6,19,35.83,-6.53,-0.96
1,26,0.0,0.3,0.9,3,35.49,-6.43,-0.92
1,26,0.0,0.3,0.9,7,35.6,-6.94,-1.02
1,26,0.0,0.3,0.9,11,35.49,-7.04,-1.04
1,26,0.0,0.3,0.9,15,35.6,-6.98,-1.03
1,26,0.0,0.3,0.9,19,35.83,-6.53,-0.96
1,26,0.0,0.3,1.2,3,35.49,-6.43,-0.92
1,26,0.0,0.3,1.2,7,35.6,-6.94,-1.02
1,26,0.0,0.3,1.2,11,35.49,-7.04,-1.04
1,26,0.0,0.3,1.2,15,35.6,-6.98,-1.03
1,26,0.0,0.3,1.2,19,35.83,-6.53,-0.96
1,26,0.0,0.3,1.5,3,35.49,-6.43,-0.92
1,26,0.0,0.3,1.5,7,35.6,-6.94,-1.02
1,26,0.0,0.3,1.5,11,35.49,-7.04,-1.04
1,26,0.0,0.3,1.5,15,35.6,-6.98,-1.03
1,26,0.0,0.3,1.5,19,35.83,-6.53,-0.96
1,26,0.0,0.3,1.8,3,35.49,-6.43,-0.92
1,26,0.0,0.3,1.8,7,35.6,-6.94,-1.02
1,26,0.0,0.3,1.8,11,35.49,-7.04,-1.04
1,26,0.0,0.3,1.8,15,35.6,-6.98,-1.03
1,26,0.0,0.3,1.8,19,35.83,-6.53,-0.96
1,26,0.0,0.3,2.1,3,35.49,-6.43,-0.92
1,26,0.0,0.3,2.1,7,35.6,-6.94,-1.02
1,26,0.0,0.3,2.1,11,35.49,-7.04,-1.04
1,26,0.0,0.3,2.1,15,35.6,-6.98,-1.03
1,26,0.0,0.3,2.1,19,35.83,-6.53,-0.96
1,26,0.0,0.6,0.0,3,27.57,-4.45,-0.55
1,26,0.0,0.6,0.0,7,27.9,-6.33,-0.84
1,26,0.0,0.6,0.0,11,28.46,-4.48,-0.57
1,26,0.0,0.6,0.0,15,28.12,-5.95,-0.79
1,26,0.0,0.6,0.0,19,28.12,-5.78,-0.76
1,26,0.0,0.6,0.3,3,32.59,-3.12,-0.38
1,26,0.0,0.6,0.3,7,32.92,-3.69,-0.47
1,26,0.0,0.6,0.3,11,32.81,-3.41,-0.43
1,26,0.0,0.6,0.3,15,32.7,-4.08,-0.53
1,26,0.0,0.6,0.3,19,32.7,-4.14,-0.54
1,26,0.0,0.6,0.6,3,32.59,-3.12,-0.38
1,26,0.0,0.6,0.6,7,32.92,-3.69,-0.47
1,26,0.0,0.6,0.6,11,32.81,-3.41,-0.43
1,26,0.0,0.6,0.6,15,32.7,-4.08,-0.53
1,26,0.0,0.6,0.6,19,32.7,-4.14,-0.54
1,26,0.0,0.6,0.9,3,32.59,-3.12,-0.38
1,26,0.0,0.6,0.9,7,32.92,-3.69,-0.47
1,26,0.0,0.6,0.9,11,32.81,-3.41,-0.43
1,26,0.0,0.6,0.9,15,32.7,-4.08,-0.53
1,26,0.0,0.6,0.9,19,32.7,-4.14,-0.54
1,26,0.0,0.6,1.2,3,32.59,-3.12,-0.38
1,26,0.0,0.6,1.2,7,32.92,-3.69,-0.47
1,26,0.0,0.6,1.2,11,32.81,-3.41,-0.43
1,26,0.0,0.6,1.2,15,32.7,-4.08,-0.53
1,26,0.0,0.6,1.2,19,32.7,-4.14,-0.54
1,26,0.0,0.6,1.5,3,32.59,-3.12,-0.38
1,26,0.0,0.6,1.5,7,32.92,-3.69,-0.47
1,26,0.0,0.6,1.5,11,32.81,-3.41,-0.43
1,26,0.0,0.6,1.5,15,32.7,-4.08,-0.53
1,26,0.0,0.6,1.5,19,32.7,-4.14,-0.54
1,26,0.0,0.6,1.8,3,32.59,-3.12,-0.38
1,26,0.0,0.6,1.8,7,32.92,-3.69,-0.47
1,26,0.0,0.6,1.8,11,32.81,-3.41,-0.43
1,26,0.0,0.6,1.8,15,32.7,-4.08,-0.53
1,26,0.0,0.6,1.8,19,32.7,-4.14,-0.54
1,26,0.0,0.6,2.1,3,32.59,-3.12,-0.38
1,26,0.0,0.6,2.1,7,32.92,-3.69,-0.47
1,26,0.0,0.6,2.1,11,32.81,-3.41,-0.43
1,26,0.0,0.6,2.1,15,32.7,-4.08,-0.53
1,26,0.0,0.6,2.1,19,32.7,-4.14,-0.54
1,26,0.0,0.9,0.0,3,22.99,-8.29,-0.99
1,26,0.0,0.9,0.0,7,24.0,-6.84,-0.85
1,26,0.0,0.9,0.0,11,24.22,-6.04,-0.75
1,26,0.0,0.9,0.0,15,24.11,-5.35,-0.64
1,26,0.0,0.9,0.0,19,23.88,-6.53,-0.8
1,26,0.0,0.9,0.3,3,31.47,-4.19,-0.51
1,26,0.0,0.9,0.3,7,31.36,-2.89,-0.34
1,26,0.0,0.9,0.3,11,31.25,-2.21,-0.24
1,26,0.0,0.9,0.3,15,31.25,-0.56,-0.01
1,26,0.0,0.9,0.3,19,31.14,-1.07,-0.08
1,26,0.0,0.9,0.6,3,31.47,-4.19,-0.51
1,26,0.0,0.9,0.6,7,31.36,-2.89,-0.34
1,26,0.0,0.9,0.6,11,31.25,-2.21,-0.24
1,26,0.0,0.9,0.6,15,31.25,-0.56,-0.01
1,26,0.0,0.9,0.6,19,31.14,-1.07,-0.08
1,26,0.0,0.9,0.9,3,31.47,-4.19,-0.51
1,26,0.0,0.9,0.9,7,31.36,-2.89,-0.34
1,26,0.0,0.9,0.9,11,31.25,-2.21,-0.24
1,26,0.0,0.9,0.9,15,31.25,-0.56,-0.01
1,26,0.0,0.9,0.9,19,31.14,-1.07,-0.08
1,26,0.0,0.9,1.2,3,31.47,-4.19,-0.51
1,26,0.0,0.9,1.2,7,31.36,-2.89,-0.34
1,26,0.0,0.9,1.2,11,31.25,-2.21,-0.24
1,26,0.0,0.9,1.2,15,31.25,-0.56,-0.01
1,26,0.0,0.9,1.2,19,31.14,-1.07,-0.08
1,26,0.0,0.9,1.5,3,31.47,-4.19,-0.51
1,26,0.0,0.9,1.5,7,31.36,-2.89,-0.34
1,26,0.0,0.9,1.5,11,31.25,-2.21,-0.24
1,26,0.0,0.9,1.5,15,31.25,-0.56,-0.01
1,26,0.0,0.9,1.5,19,31.14,-1.07,-0.08
1,26,0.0,0.9,1.8,3,31.47,-4.19,-0.51
1,26,0.0,0.9,1.8,7,31.36,-2.89,-0.34
1,26,0.0,0.9,1.8,11,31.25,-2.21,-0.24
1,26,0.0,0.9,1.8,15,31.25,-0.56,-0.01
1,26,0.0,0.9,1.8,19,31.14,-1.07,-0.08
1,26,0.0,0.9,2.1,3,31.47,-4.19,-0.51
1,26,0.0,0.9,2.1,7,31.36,-2.89,-0.34
1,26,0.0,0.9,2.1,11,31.25,-2.21,-0.24
1,26,0.0,0.9,2.1,15,31.25,-0.56,-0.01
1,26,0.0,0.9,2.1,19,31.14,-1.07,-0.08
1,26,0.0,1.2,0.0,3,21.09,-5.28,-0.56
1,26,0.0,1.2,0.0,7,21.21,-5.97,-0.66
1,26,0.0,1.2,0.0,11,21.76,-6.75,-0.79
1,26,0.0,1.2,0.0,15,22.21,-3.76,-0.4
1,26,0.0,1.2,0.0,19,22.54,-1.64,-0.13
1,26,0.0,1.2,0.3,3,31.03,-3.04,-0.34
1,26,0.0,1.2,0.3,7,30.92,-0.97,-0.06
1,26,0.0,1.2,0.3,11,31.03,-1.1,-0.08
1,26,0.0,1.2,0.3,15,31.03,-1.06,-0.07
1,26,0.0,1.2,0.3,19,31.03,-0.29,0.03
1,26,0.0,1.2,0.6,3,31.03,-3.04,-0.34
1,26,0.0,1.2,0.6,7,30.92,-0.97,-0.06
1,26,0.0,1.2,0.6,11,31.03,-1.1,-0.08
1,26,0.0,1.2,0.6,15,31.03,-1.06,-0.07
1,26,0.0,1.2,0.6,19,31.03,-0.29,0.03
1,26,0.0,1.2,0.9,3,31.03,-3.04,-0.34
1,26,0.0,1.2,0.9,7,30.92,-0.97,-0.06
1,26,0.0,1.2,0.9,11,31.03,-1.1,-0.08
1,26,0.0,1.2,0.9,15,31.03,-1.06,-0.07
1,26,0.0,1.2,0.9,19,31.03,-0.29,0.03
1,26,0.0,1.2,1.2,3,31.03,-3.04,-0.34
1,26,0.0,1.2,1.2,7,30.92,-0.97,-0.06
1,26,0.0,1.2,1.2,11,31.03,-1.1,-0.08
1,26,0.0,1.2,1.2,15,31.03,-1.06,-0.07
1,26,0.0,1.2,1.2,19,31.03,-0.29,0.03
1,26,0.0,1.2,1.5,3,31.03,-3.04,-0.34
1,26,0.0,1.2,1.5,7,30.92,-0.97,-0.06
1,26,0.0,1.2,1.5,11,31.03,-1.1,-0.08
1,26,0.0,1.2,1.5,15,31.03,-1.06,-0.07
1,26,0.0,1.2,1.5,19,31.03,-0.29,0.03
1,26,0.0,1.2,1.8,3,31.03,-3.04,-0.34
1,26,0.0,1.2,1.8,7,30.92,-0.97,-0.06
1,26,0.0,1.2,1.8,11,31.03,-1.1,-0.08
1,26,0.0,1.2,1.8,15,31.03,-1.06,-0.07
1,26,0.0,1.2,1.8,19,31.03,-0.29,0.03
1,26,0.0,1.2,2.1,3,31.03,-3.04,-0.34
1,26,0.0,1.2,2.1,7,30.92,-0.97,-0.06
1,26,0.0,1.2,2.1,11,31.03,-1.1,-0.08
1,26,0.0,1.2,2.1,15,31.03,-1.06,-0.07
1,26,0.0,1.2,2.1,19,31.03,-0.29,0.03
1,26,0.0,1.5,0.0,3,19.75,-3.09,-0.27
1,26,0.0,1.5,0.0,7,19.75,-3.7,-0.35
1,26,0.0,1.5,0.0,11,19.98,-4.14,-0.41
1,26,0.0,1.5,0.0,15,20.2,-5.2,-0.56
1,26,0.0,1.5,0.0,19,20.2,-5.82,-0.64
1,26,0.0,1.5,0.3,3,30.8,-2.65,-0.28
1,26,0.0,1.5,0.3,7,30.8,-3.53,-0.41
1,26,0.0,1.5,0.3,11,30.8,-1.98,-0.19
1,26,0.0,1.5,0.3,15,30.92,-1.41,-0.12
1,26,0.0,1.5,0.3,19,30.92,-1.2,-0.09
1,26,0.0,1.5,0.6,3,30.8,-2.65,-0.28
1,26,0.0,1.5,0.6,7,30.8,-3.53,-0.41
1,26,0.0,1.5,0.6,11,30.8,-1.98,-0.19
1,26,0.0,1.5,0.6,15,30.92,-1.41,-0.12
1,26,0.0,1.5,0.6,19,30.92,-1.2,-0.09
1,26,0.0,1.5,0.9,3,30.8,-2.65,-0.28
1,26,0.0,1.5,0.9,7,30.8,-3.53,-0.41
1,26,0.0,1.5,0.9,11,30.8,-1.98,-0.19
1,26,0.0,1.5,0.9,15,30.92,-1.41,-0.12
1,26,0.0,1.5,0.9,19,30.92,-1.2,-0.09
1,26,0.0,1.5,1.2,3,30.8,-2.65,-0.28
1,26,0.0,1.5,1.2,7,30.8,-3.53,-0.41
1,26,0.0,1.5,1.2,11,30.8,-1.98,-0.19
1,26,0.0,1.5,1.2,15,30.92,-1.41,-0.12
1,26,0.0,1.5,1.2,19,30.92,-1.2,-0.09
1,26,0.0,1.5,1.5,3,30.8,-2.65,-0.28
1,26,0.0,1.5,1.5,7,30.8,-3.53,-0.41
1,26,0.0,1.5,1.5,11,30.8,-1.98,-0.19
1,26,0.0,1.5,1.5,15,30.92,-1.41,-0.12
1,26,0.0,1.5,1.5,19,30.92,-1.2,-0.09
1,26,0.0,1.5,1.8,3,30.8,-2.65,-0.28
1,26,0.0,1.5,1.8,7,30.8,-3.53,-0.41
1,26,0.0,1.5,1.8,11,30.8,-1.98,-0.19
1,26,0.0,1.5,1.8,15,30.92,-1.41,-0.12
1,26,0.0,1.5,1.8,19,30.92,-1.2,-0.09
1,26,0.0,1.5,2.1,3,30.8,-2.65,-0.28
1,26,0.0,1.5,2.1,7,30.8,-3.53,-0.41
1,26,0.0,1.5,2.1,11,30.8,-1.98,-0.19
1,26,0.0,1.5,2.1,15,30.92,-1.41,-0.12
1,26,0.0,1.5,2.1,19,30.92,-1.2,-0.09
1,26,0.0,1.8,0.0,3,18.3,-1.72,-0.1
1,26,0.0,1.8,0.0,7,18.75,-0.04,0.08
1,26,0.0,1.8,0.0,11,18.64,-2.76,-0.23
1,26,0.0,1.8,0.0,15,18.42,-3.37,-0.3
1,26,0.0,1.8,0.0,19,18.53,-6.1,-0.64
1,26,0.0,1.8,0.3,3,30.69,-3.53,-0.4
1,26,0.0,1.8,0.3,7,30.69,-3.55,-0.4
1,26,0.0,1.8,0.3,11,30.58,-3.34,-0.37
1,26,0.0,1.8,0.3,15,30.58,-2.51,-0.26
1,26,0.0,1.8,0.3,19,30.47,-3.58,-0.41
1,26,0.0,1.8,0.6,3,30.69,-3.53,-0.4
1,26,0.0,1.8,0.6,7,30.69,-3.55,-0.4
1,26,0.0,1.8,0.6,11,30.58,-3.34,-0.37
1,26,0.0,1.8,0.6,15,30.58,-2.51,-0.26
1,26,0.0,1.8,0.6,19,30.47,-3.58,-0.41
1,26,0.0,1.8,0.9,3,30.69,-3.53,-0.4
1,26,0.0,1.8,0.9,7,30.69,-3.55,-0.4
1,26,0.0,1.8,0.9,11,30.58,-3.34,-0.37
1,26,0.0,1.8,0.9,15,30.58,-2.51,-0.26
1,26,0.0,1.8,0.9,19,30.47,-3.58,-0.41
1,26,0.0,1.8,1.2,3,30.69,-3.53,-0.4
1,26,0.0,1.8,1.2,7,30.69,-3.55,-0.4
1,26,0.0,1.8,1.2,11,30.58,-3.34,-0.37
1,26,0.0,1.8,1.2,15,30.58,-2.51,-0.26
1,26,0.0,1.8,1.2,19,30.47,-3.58,-0.41
1,26,0.0,1.8,1.5,3,30.69,-3.53,-0.4
1,26,0.0,1.8,1.5,7,30.69,-3.55,-0.4
1,26,0.0,1.8,1.5,11,30.58,-3.34,-0.37
1,26,0.0,1.8,1.5,15,30.58,-2.51,-0.26
1,26,0.0,1.8,1.5,19,30.47,-3.58,-0.41
1,26,0.0,1.8,1.8,3,30.69,-3.53,-0.4
1,26,0.0,1.8,1.8,7,30.69,-3.55,-0.4
1,26,0.0,1.8,1.8,11,30.58,-3.34,-0.37
1,26,0.0,1.8,1.8,15,30.58,-2.51,-0.26
1,26,0.0,1.8,1.8,19,30.47,-3.58,-0.41
1,26,0.0,1.8,2.1,3,30.69,-3.53,-0.4
1,26,0.0,1.8,2.1,7,30.69,-3.55,-0.4
1,26,0.0,1.8,2.1,11,30.58,-3.34,-0.37
1,26,0.0,1.8,2.1,15,30.58,-2.51,-0.26
1,26,0.0,1.8,2.1,19,30.47,-3.58,-0.41
1,26,0.0,2.1,0.0,3,16.74,-10.22,-1.02
1,26,0.0,2.1,0.0,7,16.87,-5.79,-0.54
1,26,0.0,2.1,0.0,11,17.09,-6.82,-0.67
1,26,0.0,2.1,0.0,15,17.21,-5.35,-0.51
1,26,0.0,2.1,0.0,19,17.21,-4.55,-0.42
1,26,0.0,2.1,0.3,3,30.58,-3.45,-0.38
1,26,0.0,2.1,0.3,7,30.39,-5.14,-0.61
1,26,0.0,2.1,0.3,11,30.39,-5.67,-0.69
1,26,0.0,2.1,0.3,15,30.39,-5.92,-0.72
1,26,0.0,2.1,0.3,19,30.39,-5.7,-0.69
1,26,0.0,2.1,0.6,3,30.58,-3.45,-0.38
1,26,0.0,2.1,0.6,7,30.39,-5.14,-0.61
1,26,0.0,2.1,0.6,11,30.39,-5.67,-0.69
1,26,0.0,2.1,0.6,15,30.39,-5.92,-0.72
1,26,0.0,2.1,0.6,19,30.39,-5.7,-0.69
1,26,0.0,2.1,0.9,3,30.58,-3.45,-0.38
1,26,0.0,2.1,0.9,7,30.39,-5.14,-0.61
1,26,0.0,2.1,0.9,11,30.39,-5.67,-0.69
1,26,0.0,2.1,0.9,15,30.39,-5.92,-0.72
1,26,0.0,2.1,0.9,19,30.39,-5.7,-0.69
1,26,0.0,2.1,1.2,3,30.58,-3.45,-0.38
1,26,0.0,2.1,1.2,7,30.39,-5.14,-0.61
1,26,0.0,2.1,1.2,11,30.39,-5.67,-0.69
1,26,0.0,2.1,1.2,15,30.39,-5.92,-0.72
1,26,0.0,2.1,1.2,19,30.39,-5.7,-0.69
1,26,0.0,2.1,1.5,3,30.58,-3.45,-0.38
1,26,0.0,2.1,1.5,7,30.39,-5.14,-0.61
1,26,0.0,2.1,1.5,11,30.39,-5.67,-0.69
1,26,0.0,2.1,1.5,15,30.39,-5.92,-0.72
1,26,0.0,2.1,1.5,19,30.39,-5.7,-0.69
1,26,0.0,2.1,1.8,3,30.58,-3.45,-0.38
1,26,0.0,2.1,1.8,7,30.39,-5.14,-0.61
1,26,0.0,2.1,1.8,11,30.39,-5.67,-0.69
1,26,0.0,2.1,1.8,15,30.39,-5.92,-0.72
1,26,0.0,2.1,1.8,19,30.39,-5.7,-0.69
1,26,0.0,2.1,2.1,3,30.58,-3.45,-0.38
1,26,0.0,2.1,2.1,7,30.39,-5.14,-0.61
1,26,0.0,2.1,2.1,11,30.39,-5.67,-0.69
1,26,0.0,2.1,2.1,15,30.39,-5.92,-0.72
1,26,0.0,2.1,2.1,19,30.39,-5.7,-0.69
1,26,0.3,0.0,0.0,3,53.35,-2.44,-0.31
1,26,0.3,0.0,0.0,7,52.79,-2.42,-0.31
1,26,0.3,0.0,0.0,11,52.57,-0.73,-0.05
1,26,0.3,0.0,0.0,15,52.68,-0.54,-0.02
1,26,0.3,0.0,0.0,19,52.57,-0.66,-0.04
1,26,0.3,0.0,0.3,3,53.35,-2.44,-0.31
1,26,0.3,0.0,0.3,7,52.79,-2.42,-0.31
1,26,0.3,0.0,0.3,11,52.57,-0.73,-0.05
1,26,0.3,0.0,0.3,15,52.68,-0.54,-0.02
1,26,0.3,0.0,0.3,19,52.57,-0.66,-0.04
1,26,0.3,0.0,0.6,3,53.35,-2.44,-0.31
1,26,0.3,0.0,0.6,7,52.79,-2.42,-0.31
1,26,0.3,0.0,0.6,11,52.57,-0.73,-0.05
1,26,0.3,0.0,0.6,15,52.68,-0.54,-0.02
1,26,0.3,0.0,0.6,19,52.57,-0.66,-0.04
1,26,0.3,0.0,0.9,3,53.35,-2.44,-0.31
1,26,0.3,0.0,0.9,7,52.79,-2.42,-0.31
1,26,0.3,0.0,0.9,11,52.57,-0.73,-0.05
1,26,0.3,0.0,0.9,15,52.68,-0.54,-0.02
1,26,0.3,0.0,0.9,19,52.57,-0.66,-0.04
1,26,0.3,0.0,1.2,3,53.35,-2.44,-0.31
1,26,0.3,0.0,1.2,7,52.79,-2.42,-0.31
1,26,0.3,0.0,1.2,11,52.57,-0.73,-0.05
1,26,0.3,0.0,1.2,15,52.68,-0.54,-0.02
1,26,0.3,0.0,1.2,19,52.57,-0.66,-0.04
1,26,0.3,0.0,1.5,3,53.35,-2.44,-0.31
1,26,0.3,0.0,1.5,7,52.79,-2.42,-0.31
1,26,0.3,0.0,1.5,11,52.57,-0.73,-0.05
1,26,0.3,0.0,1.5,15,52.68,-0.54,-0.02
1,26,0.3,0.0,1.5,19,52.57,-0.66,-0.04
1,26,0.3,0.0,1.8,3,53.35,-2.44,-0.31
1,26,0.3,0.0,1.8,7,52.79,-2.42,-0.31
1,26,0.3,0.0,1.8,11,52.57,-0.73,-0.05
1,26,0.3,0.0,1.8,15,52.68,-0.54,-0.02
1,26,0.3,0.0,1.8,19,52.57,-0.66,-0.04
1,26,0.3,0.0,2.1,3,53.35,-2.44,-0.31
1,26,0.3,0.0,2.1,7,52.79,-2.42,-0.31
1,26,0.3,0.0,2.1,11,52.57,-0.73,-0.05
1,26,0.3,0.0,2.1,15,52.68,-0.54,-0.02
1,26,0.3,0.0,2.1,19,52.57,-0.66,-0.04
1,26,0.3,0.3,0.0,3,43.97,-7.14,-0.89
1,26,0.3,0.3,0.0,7,43.97,-8.46,-1.11
1,26,0.3,0.3,0.0,11,43.64,-8.78,-1.18
1,26,0.3,0.3,0.0,15,43.86,-6.71,-0.87
1,26,0.3,0.3,0.0,19,44.08,-5.02,-0.63
1,26,0.3,0.3,0.3,3,42.86,-9.76,-1.28
1,26,0.3,0.3,0.3,7,43.19,-9.28,-1.24
1,26,0.3,0.3,0.3,11,42.75,-8.58,-1.16
1,26,0.3,0.3,0.3,15,43.08,-6.48,-0.84
1,26,0.3,0.3,0.3,19,43.42,-5.27,-0.67
1,26,0.3,0.3,0.6,3,42.86,-9.76,-1.28
1,26,0.3,0.3,0.6,7,43.19,-9.28,-1.24
1,26,0.3,0.3,0.6,11,42.75,-8.58,-1.16
1,26,0.3,0.3,0.6,15,43.08,-6.48,-0.84
1,26,0.3,0.3,0.6,19,43.42,-5.27,-0.67
1,26,0.3,0.3,0.9,3,42.86,-9.76,-1.28
1,26,0.3,0.3,0.9,7,43.19,-9.28,-1.24
1,26,0.3,0.3,0.9,11,42.75,-8.58,-1.16
1,26,0.3,0.3,0.9,15,43.08,-6.48,-0.84
1,26,0.3,0.3,0.9,19,43.42,-5.27,-0.67
1,26,0.3,0.3,1.2,3,42.86,-9.76,-1.28
1,26,0.3,0.3,1.2,7,43.19,-9.28,-1.24
1,26,0.3,0.3,1.2,11,42.75,-8.58,-1.16
1,26,0.3,0.3,1.2,15,43.08,-6.48,-0.84
1,26,0.3,0.3,1.2,19,43.42,-5.27,-0.67
1,26,0.3,0.3,1.5,3,42.86,-9.76,-1.28
1,26,0.3,0.3,1.5,7,43.19,-9.28,-1.24
1,26,0.3,0.3,1.5,11,42.75,-8.58,-1.16
1,26,0.3,0.3,1.5,15,43.08,-6.48,-0.84
1,26,0.3,0.3,1.5,19,43.42,-5.27,-0.67
1,26,0.3,0.3,1.8,3,42.86,-9.76,-1.28
1,26,0.3,0.3,1.8,7,43.19,-9.28,-1.24
1,26,0.3,0.3,1.8,11,42.75,-8.58,-1.16
1,26,0.3,0.3,1.8,15,43.08,-6.48,-0.84
1,26,0.3,0.3,1.8,19,43.42,-5.27,-0.67
1,26,0.3,0.3,2.1,3,42.86,-9.76,-1.28
1,26,0.3,0.3,2.1,7,43.19,-9.28,-1.24
1,26,0.3,0.3,2.1,11,42.75,-8.58,-1.16
1,26,0.3,0.3,2.1,15,43.08,-6.48,-0.84
1,26,0.3,0.3,2.1,19,43.42,-5.27,-0.67
1,26,0.3,0.6,0.0,3,36.83,-2.33,-0.19
1,26,0.3,0.6,0.0,7,36.27,-5.25,-0.58
1,26,0.3,0.6,0.0,11,36.61,-2.52,-0.24
1,26,0.3,0.6,0.0,15,36.38,-3.25,-0.34
1,26,0.3,0.6,0.0,19,36.27,-3.74,-0.4
1,26,0.3,0.6,0.3,3,36.72,-5.64,-0.64
1,26,0.3,0.6,0.3,7,36.83,-5.84,-0.68
1,26,0.3,0.6,0.3,11,36.83,-2.88,-0.3
1,26,0.3,0.6,0.3,15,36.72,-3.34,-0.36
1,26,0.3,0.6,0.3,19,36.61,-3.87,-0.43
1,26,0.3,0.6,0.6,3,36.72,-5.64,-0.64
1,26,0.3,0.6,0.6,7,36.83,-5.84,-0.68
1,26,0.3,0.6,0.6,11,36.83,-2.88,-0.3
1,26,0.3,0.6,0.6,15,36.72,-3.34,-0.36
1,26,0.3,0.6,0.6,19,36.61,-3.87,-0.43
1,26,0.3,0.6,0.9,3,36.72,-5.64,-0.64
1,26,0.3,0.6,0.9,7,36.83,-5.84,-0.68
1,26,0.3,0.6,0.9,11,36.83,-2.88,-0.3
1,26,0.3,0.6,0.9,15,36.72,-3.34,-0.36
1,26,0.3,0.6,0.9,19,36.61,-3.87,-0.43
1,26,0.3,0.6,1.2,3,36.72,-5.64,-0.64
1,26,0.3,0.6,1.2,7,36.83,-5.84,-0.68
1,26,0.3,0.6,1.2,11,36.83,-2.88,-0.3
1,26,0.3,0.6,1.2,15,36.72,-3.34,-0.36
1,26,0.3,0.6,1.2,19,36.61,-3.87,-0.43
1,26,0.3,0.6,1.5,3,36.72,-5.64,-0.64
1,26,0.3,0.6,1.5,7,36.83,-5.84,-0.68
1,26,0.3,0.6,1.5,11,36.83,-2.88,-0.3
1,26,0.3,0.6,1.5,15,36.72,-3.34,-0.36
1,26,0.3,0.6,1.5,19,36.61,-3.87,-0.43
1,26,0.3,0.6,1.8,3,36.72,-5.64,-0.64
1,26,0.3,0.6,1.8,7,36.83,-5.84,-0.68
1,26,0.3,0.6,1.8,11,36.83,-2.88,-0.3
1,26,0.3,0.6,1.8,15,36.72,-3.34,-0.36
1,26,0.3,0.6,1.8,19,36.61,-3.87,-0.43
1,26,0.3,0.6,2.1,3,36.72,-5.64,-0.64
1,26,0.3,0.6,2.1,7,36.83,-5.84,-0.68
1,26,0.3,0.6,2.1,11,36.83,-2.88,-0.3
1,26,0.3,0.6,2.1,15,36.72,-3.34,-0.36
1,26,0.3,0.6,2.1,19,36.61,-3.87,-0.43
1,26,0.3,0.9,0.0,3,31.58,-3.61,-0.29
1,26,0.3,0.9,0.0,7,32.25,-2.77,-0.23
1,26,0.3,0.9,0.0,11,32.59,0.51,0.14
1,26,0.3,0.9,0.0,15,32.48,1.14,0.21
1,26,0.3,0.9,0.0,19,32.14,-0.75,-0.0
1,26,0.3,0.9,0.3,3,34.04,-6.73,-0.72
1,26,0.3,0.9,0.3,7,34.49,-2.03,-0.17
1,26,0.3,0.9,0.3,11,33.93,-0.47,0.02
1,26,0.3,0.9,0.3,15,33.93,0.79,0.17
1,26,0.3,0.9,0.3,19,33.59,-0.95,-0.04
1,26,0.3,0.9,0.6,3,34.04,-6.73,-0.72
1,26,0.3,0.9,0.6,7,34.49,-2.03,-0.17
1,26,0.3,0.9,0.6,11,33.93,-0.47,0.02
1,26,0.3,0.9,0.6,15,33.93,0.79,0.17
1,26,0.3,0.9,0.6,19,33.59,-0.95,-0.04
1,26,0.3,0.9,0.9,3,34.04,-6.73,-0.72
1,26,0.3,0.9,0.9,7,34.49,-2.03,-0.17
1,26,0.3,0.9,0.9,11,33.93,-0.47,0.02
1,26,0.3,0.9,0.9,15,33.93,0.79,0.17
1,26,0.3,0.9,0.9,19,33.59,-0.95,-0.04
1,26,0.3,0.9,1.2,3,34.04,-6.73,-0.72
1,26,0.3,0.9,1.2,7,34.49,-2.03,-0.17
1,26,0.3,0.9,1.2,11,33.93,-0.47,0.02
1,26,0.3,0.9,1.2,15,33.93,0.79,0.17
1,26,0.3,0.9,1.2,19,33.59,-0.95,-0.04
1,26,0.3,0.9,1.5,3,34.04,-6.73,-0.72
1,26,0.3,0.9,1.5,7,34.49,-2.03,-0.17
1,26,0.3,0.9,1.5,11,33.93,-0.47,0.02
1,26,0.3,0.9,1.5,15,33.93,0.79,0.17
1,26,0.3,0.9,1.5,19,33.59,-0.95,-0.04
1,26,0.3,0.9,1.8,3,34.04,-6.73,-0.72
1,26,0.3,0.9,1.8,7,34.49,-2.03,-0.17
1,26,0.3,0.9,1.8,11,33.93,-0.47,0.02
1,26,0.3,0.9,1.8,15,33.93,0.79,0.17
1,26,0.3,0.9,1.8,19,33.59,-0.95,-0.04
1,26,0.3,0.9,2.1,3,34.04,-6.73,-0.72
1,26,0.3,0.9,2.1,7,34.49,-2.03,-0.17
1,26,0.3,0.9,2.1,11,33.93,-0.47,0.02
1,26,0.3,0.9,2.1,15,33.93,0.79,0.17
1,26,0.3,0.9,2.1,19,33.59,-0.95,-0.04
1,26,0.3,1.2,0.0,3,29.02,-0.37,0.06
1,26,0.3,1.2,0.0,7,28.57,-5.8,-0.53
1,26,0.3,1.2,0.0,11,29.02,-4.17,-0.36
1,26,0.3,1.2,0.0,15,29.8,3.38,0.45
1,26,0.3,1.2,0.0,19,30.13,5.71,0.69
1,26,0.3,1.2,0.3,3,33.37,-5.49,-0.54
1,26,0.3,1.2,0.3,7,33.59,0.11,0.09
1,26,0.3,1.2,0.3,11,33.26,3.52,0.49
1,26,0.3,1.2,0.3,15,33.37,3.0,0.43
1,26,0.3,1.2,0.3,19,33.26,3.58,0.5
1,26,0.3,1.2,0.6,3,33.37,-5.49,-0.54
1,26,0.3,1.2,0.6,7,33.59,0.11,0.09
1,26,0.3,1.2,0.6,11,33.26,3.52,0.49
1,26,0.3,1.2,0.6,15,33.37,3.0,0.43
1,26,0.3,1.2,0.6,19,33.26,3.58,0.5
1,26,0.3,1.2,0.9,3,33.37,-5.49,-0.54
1,26,0.3,1.2,0.9,7,33.59,0.11,0.09
1,26,0.3,1.2,0.9,11,33.26,3.52,0.49
1,26,0.3,1.2,0.9,15,33.37,3.0,0.43
1,26,0.3,1.2,0.9,19,33.26,3.58,0.5
1,26,0.3,1.2,1.2,3,33.37,-5.49,-0.54
1,26,0.3,1.2,1.2,7,33.59,0.11,0.09
1,26,0.3,1.2,1.2,11,33.26,3.52,0.49
1,26,0.3,1.2,1.2,15,33.37,3.0,0.43
1,26,0.3,1.2,1.2,19,33.26,3.58,0.5
1,26,0.3,1.2,1.5,3,33.37,-5.49,-0.54
1,26,0.3,1.2,1.5,7,33.59,0.11,0.09
1,26,0.3,1.2,1.5,11,33.26,3.52,0.49
1,26,0.3,1.2,1.5,15,33.37,3.0,0.43
1,26,0.3,1.2,1.5,19,33.26,3.58,0.5
1,26,0.3,1.2,1.8,3,33.37,-5.49,-0.54
1,26,0.3,1.2,1.8,7,33.59,0.11,0.09
1,26,0.3,1.2,1.8,11,33.26,3.52,0.49
1,26,0.3,1.2,1.8,15,33.37,3.0,0.43
1,26,0.3,1.2,1.8,19,33.26,3.58,0.5
1,26,0.3,1.2,2.1,3,33.37,-5.49,-0.54
1,26,0.3,1.2,2.1,7,33.59,0.11,0.09
1,26,0.3,1.2,2.1,11,33.26,3.52,0.49
1,26,0.3,1.2,2.1,15,33.37,3.0,0.43
1,26,0.3,1.2,2.1,19,33.26,3.58,0.5
1,26,0.3,1.5,0.0,3,27.12,2.32,0.32
1,26,0.3,1.5,0.0,7,26.79,0.84,0.18
1,26,0.3,1.5,0.0,11,26.9,0.26,0.12
1,26,0.3,1.5,0.0,15,26.9,-1.23,-0.04
1,26,0.3,1.5,0.0,19,26.9,-2.71,-0.19
1,26,0.3,1.5,0.3,3,33.15,-1.37,-0.06
1,26,0.3,1.5,0.3,7,33.48,1.81,0.29
1,26,0.3,1.5,0.3,11,33.04,4.96,0.64
1,26,0.3,1.5,0.3,15,33.26,5.64,0.72
1,26,0.3,1.5,0.3,19,33.15,4.3,0.57
1,26,0.3,1.5,0.6,3,33.15,-1.37,-0.06
1,26,0.3,1.5,0.6,7,33.48,1.81,0.29
1,26,0.3,1.5,0.6,11,33.04,4.96,0.64
1,26,0.3,1.5,0.6,15,33.26,5.64,0.72
1,26,0.3,1.5,0.6,19,33.15,4.3,0.57
1,26,0.3,1.5,0.9,3,33.15,-1.37,-0.06
1,26,0.3,1.5,0.9,7,33.48,1.81,0.29
1,26,0.3,1.5,0.9,11,33.04,4.96,0.64
1,26,0.3,1.5,0.9,15,33.26,5.64,0.72
1,26,0.3,1.5,0.9,19,33.15,4.3,0.57
1,26,0.3,1.5,1.2,3,33.15,-1.37,-0.06
1,26,0.3,1.5,1.2,7,33.48,1.81,0.29
1,26,0.3,1.5,1.2,11,33.04,4.96,0.64
1,26,0.3,1.5,1.2,15,33.26,5.64,0.72
1,26,0.3,1.5,1.2,19,33.15,4.3,0.57
1,26,0.3,1.5,1.5,3,33.15,-1.37,-0.06
1,26,0.3,1.5,1.5,7,33.48,1.81,0.29
1,26,0.3,1.5,1.5,11,33.04,4.96,0.64
1,26,0.3,1.5,1.5,15,33.26,5.64,0.72
1,26,0.3,1.5,1.5,19,33.15,4.3,0.57
1,26,0.3,1.5,1.8,3,33.15,-1.37,-0.06
1,26,0.3,1.5,1.8,7,33.48,1.81,0.29
1,26,0.3,1.5,1.8,11,33.04,4.96,0.64
1,26,0.3,1.5,1.8,15,33.26,5.64,0.72
1,26,0.3,1.5,1.8,19,33.15,4.3,0.57
1,26,0.3,1.5,2.1,3,33.15,-1.37,-0.06
1,26,0.3,1.5,2.1,7,33.48,1.81,0.29
1,26,0.3,1.5,2.1,11,33.04,4.96,0.64
1,26,0.3,1.5,2.1,15,33.26,5.64,0.72
1,26,0.3,1.5,2.1,19,33.15,4.3,0.57
1,26,0.3,1.8,0.0,3,25.33,4.07,0.47
1,26,0.3,1.8,0.0,7,24.78,-0.63,0.04
1,26,0.3,1.8,0.0,11,24.67,-0.46,0.05
1,26,0.3,1.8,0.0,15,24.67,-0.77,0.02
1,26,0.3,1.8,0.0,19,24.67,-5.81,-0.49
1,26,0.3,1.8,0.3,3,33.04,-0.05,0.08
1,26,0.3,1.8,0.3,7,33.37,2.51,0.36
1,26,0.3,1.8,0.3,11,32.81,6.01,0.74
1,26,0.3,1.8,0.3,15,32.92,4.6,0.6
1,26,0.3,1.8,0.3,19,32.7,0.58,0.15
1,26,0.3,1.8,0.6,3,33.04,-0.05,0.08
1,26,0.3,1.8,0.6,7,33.37,2.51,0.36
1,26,0.3,1.8,0.6,11,32.81,6.01,0.74
1,26,0.3,1.8,0.6,15,32.92,4.6,0.6
1,26,0.3,1.8,0.6,19,32.7,0.58,0.15
1,26,0.3,1.8,0.9,3,33.04,-0.05,0.08
1,26,0.3,1.8,0.9,7,33.37,2.51,0.36
1,26,0.3,1.8,0.9,11,32.81,6.01,0.74
1,26,0.3,1.8,0.9,15,32.92,4.6,0.6
1,26,0.3,1.8,0.9,19,32.7,0.58,0.15
1,26,0.3,1.8,1.2,3,33.04,-0.05,0.08
1,26,0.3,1.8,1.2,7,33.37,2.51,0.36
1,26,0.3,1.8,1.2,11,32.81,6.01,0.74
1,26,0.3,1.8,1.2,15,32.92,4.6,0.6
1,26,0.3,1.8,1.2,19,32.7,0.58,0.15
1,26,0.3,1.8,1.5,3,33.04,-0.05,0.08
1,26,0.3,1.8,1.5,7,33.37,2.51,0.36
1,26,0.3,1.8,1.5,11,32.81,6.01,0.74
1,26,0.3,1.8,1.5,15,32.92,4.6,0.6
1,26,0.3,1.8,1.5,19,32.7,0.58,0.15
1,26,0.3,1.8,1.8,3,33.04,-0.05,0.08
1,26,0.3,1.8,1.8,7,33.37,2.51,0.36
1,26,0.3,1.8,1.8,11,32.81,6.01,0.74
1,26,0.3,1.8,1.8,15,32.92,4.6,0.6
1,26,0.3,1.8,1.8,19,32.7,0.58,0.15
1,26,0.3,1.8,2.1,3,33.04,-0.05,0.08
1,26,0.3,1.8,2.1,7,33.37,2.51,0.36
1,26,0.3,1.8,2.1,11,32.81,6.01,0.74
1,26,0.3,1.8,2.1,15,32.92,4.6,0.6
1,26,0.3,1.8,2.1,19,32.7,0.58,0.15
1,26,0.3,2.1,0.0,3,23.33,-7.09,-0.53
1,26,0.3,2.1,0.0,7,22.91,-7.05,-0.56
1,26,0.3,2.1,0.0,11,22.91,-6.08,-0.48
1,26,0.3,2.1,0.0,15,23.13,-3.24,-0.21
1,26,0.3,2.1,0.0,19,23.02,-4.09,-0.29
1,26,0.3,2.1,0.3,3,32.81,0.32,0.12
1,26,0.3,2.1,0.3,7,32.96,-1.62,-0.09
1,26,0.3,2.1,0.3,11,32.63,2.07,0.31
1,26,0.3,2.1,0.3,15,32.63,1.88,0.29
1,26,0.3,2.1,0.3,19,32.51,-1.15,-0.05
1,26,0.3,2.1,0.6,3,32.81,0.32,0.12
1,26,0.3,2.1,0.6,7,32.96,-1.62,-0.09
1,26,0.3,2.1,0.6,11,32.63,2.07,0.31
1,26,0.3,2.1,0.6,15,32.63,1.88,0.29
1,26,0.3,2.1,0.6,19,32.51,-1.15,-0.05
1,26,0.3,2.1,0.9,3,32.81,0.32,0.12
1,26,0.3,2.1,0.9,7,32.96,-1.62,-0.09
1,26,0.3,2.1,0.9,11,32.63,2.07,0.31
1,26,0.3,2.1,0.9,15,32.63,1.88,0.29
1,26,0.3,2.1,0.9,19,32.51,-1.15,-0.05
